Age,Job,Credit amount,Duration,Credit_to_Duration_Ratio,High_Risk_Purpose,Account_Stability,Sex_male,Housing_own,Housing_rent,Saving accounts_moderate,Saving accounts_quite rich,Saving accounts_rich,Saving accounts_unknown,Checking account_moderate,Checking account_rich,Checking account_unknown,Purpose_car,Purpose_domestic appliances,Purpose_education,Purpose_furniture,Purpose_radio/TV,Purpose_repairs,Purpose_vacation/others,Age_Group_26-35,Age_Group_36-50,Age_Group_50+
0.8942946492077668,0.7851695932669432,1.322484214470679,-1.6460416068796246,5.145168672140247,-0.6043076313522611,-0.05314717948523429,-1.0592525266051358,-1.1934162828797101,-0.6722392625652724,1.5184811898627333,-0.312079621228754,-0.3626868147605197,-0.2998637292684633,-0.6062354060275328,-0.3865556717425342,-0.3216337604513384,-0.6255432421712243,-0.28217393971398413,-0.35380193430804263,-0.38012120648103165,-0.521402047741958,5.06622805119022,-0.2294157338705618,-0.42008402520840293,-0.6391014819458268,1.1661397883185811
1.6967678460810003,0.7851695932669432,1.545143989667805,-1.0768351411243318,1.224231965336605,-0.6043076313522611,1.5821506508296683,0.9440619445156881,0.8379305815963921,-0.6722392625652724,1.5184811898627333,-0.312079621228754,-0.3626868147605197,-0.2998637292684633,-0.6062354060275328,2.586949495507729,-0.3216337604513384,-0.6255432421712243,-0.28217393971398413,-0.35380193430804263,-0.38012120648103165,1.9179057779514128,-0.19738550848793063,-0.2294157338705618,-0.42008402520840293,-0.6391014819458268,1.1661397883185811
-1.4513962339601465,1.8949499371071457,1.2348284294523637,-0.559374717710429,0.3487857511769709,1.6547863176281539,-0.05314717948523429,-1.0592525266051358,-1.1934162828797101,-0.6722392625652724,1.5184811898627333,-0.312079621228754,-0.3626868147605197,-0.2998637292684633,-0.6062354060275328,-0.3865556717425342,-0.3216337604513384,-0.6255432421712243,-0.28217393971398413,-0.35380193430804263,-0.38012120648103165,-0.521402047741958,-0.19738550848793063,-0.2294157338705618,-0.42008402520840293,-0.6391014819458268,-0.8575301263340543
0.33873628214168205,-1.4343910944134617,1.256830383523226,-0.9215970141001608,0.7658622582977567,-0.6043076313522611,-0.05314717948523429,-1.0592525266051358,0.8379305815963921,-0.6722392625652724,-0.6585527740981746,-0.312079621228754,-0.3626868147605197,-0.2998637292684633,1.6495242443074727,-0.3865556717425342,-0.3216337604513384,-0.6255432421712243,3.5439133784417334,-0.35380193430804263,-0.38012120648103165,-0.521402047741958,-0.19738550848793063,-0.2294157338705618,-0.42008402520840293,-0.6391014819458268,1.1661397883185811
0.4621936970452564,1.8949499371071457,-0.4653065655113048,0.42380008677598624,-0.48035541172363194,-0.6043076313522611,-0.8707960946426856,0.9440619445156881,0.8379305815963921,-0.6722392625652724,-0.6585527740981746,-0.312079621228754,-0.3626868147605197,-0.2998637292684633,-0.6062354060275328,-0.3865556717425342,-0.3216337604513384,-0.6255432421712243,-0.28217393971398413,-0.35380193430804263,-0.38012120648103165,-0.521402047741958,5.06622805119022,-0.2294157338705618,-0.42008402520840293,-0.6391014819458268,1.1661397883185811
1.5733104311774257,1.8949499371071457,1.6410725094167644,1.2517367642382307,-0.21923383921887096,-0.6043076313522611,-0.05314717948523429,0.9440619445156881,-1.1934162828797101,1.487565597082189,1.5184811898627333,-0.312079621228754,-0.3626868147605197,-0.2998637292684633,-0.6062354060275328,-0.3865556717425342,-0.3216337604513384,1.5986105077709065,-0.28217393971398413,-0.35380193430804263,-0.38012120648103165,-0.521402047741958,-0.19738550848793063,-0.2294157338705618,-0.42008402520840293,-0.6391014819458268,1.1661397883185811
0.21527886723810766,-0.3246107505732592,0.09952759939587114,0.42380008677598624,-0.35944324914522197,-0.6043076313522611,1.5821506508296683,0.9440619445156881,0.8379305815963921,-0.6722392625652724,-0.6585527740981746,-0.312079621228754,2.757199763824596,-0.2998637292684633,1.6495242443074727,-0.3865556717425342,-0.3216337604513384,-0.6255432421712243,-0.28217393971398413,-0.35380193430804263,-0.38012120648103165,1.9179057779514128,-0.19738550848793063,-0.2294157338705618,-0.42008402520840293,1.5646967316604727,-0.8575301263340543
-1.3279388190565722,-1.4343910944134617,-0.4017649221546546,1.7691971876521333,-0.5715764605246075,-0.6043076313522611,-0.05314717948523429,0.9440619445156881,-1.1934162828797101,1.487565597082189,-0.6585527740981746,-0.312079621228754,-0.3626868147605197,-0.2998637292684633,1.6495242443074727,-0.3865556717425342,-0.3216337604513384,1.5986105077709065,-0.28217393971398413,-0.35380193430804263,-0.38012120648103165,-0.521402047741958,-0.19738550848793063,-0.2294157338705618,-0.42008402520840293,-0.6391014819458268,-0.8575301263340543
1.26466689391849,-0.3246107505732592,1.726616106844277,1.6657051029693528,-0.26917728307058963,-0.6043076313522611,0.764501735672217,0.9440619445156881,0.8379305815963921,-0.6722392625652724,-0.6585527740981746,3.204310477123404,-0.3626868147605197,-0.2998637292684633,-0.6062354060275328,-0.3865556717425342,-0.3216337604513384,-0.6255432421712243,-0.28217393971398413,-0.35380193430804263,-0.38012120648103165,-0.521402047741958,5.06622805119022,-0.2294157338705618,-0.42008402520840293,-0.6391014819458268,1.1661397883185811
1.3263956013702771,-0.3246107505732592,-1.6812225552834368,1.6657051029693528,-0.7449411766742984,-0.6043076313522611,-1.688445009800137,0.9440619445156881,-1.1934162828797101,-0.6722392625652724,-0.6585527740981746,-0.312079621228754,-0.3626868147605197,3.334848140652303,-0.6062354060275328,-0.3865556717425342,-0.3216337604513384,-0.6255432421712243,-0.28217393971398413,-0.35380193430804263,2.6307398349528825,-0.521402047741958,-0.19738550848793063,-0.2294157338705618,-0.42008402520840293,-0.6391014819458268,1.1661397883185811
0.956023356659554,-1.4343910944134617,-0.27362554164595276,-0.14540637897930678,-0.33783873051685964,-0.6043076313522611,-0.05314717948523429,-1.0592525266051358,-1.1934162828797101,1.487565597082189,-0.6585527740981746,-0.312079621228754,-0.3626868147605197,-0.2998637292684633,1.6495242443074727,-0.3865556717425342,-0.3216337604513384,-0.6255432421712243,-0.28217393971398413,-0.35380193430804263,-0.38012120648103165,1.9179057779514128,-0.19738550848793063,-0.2294157338705618,-0.42008402520840293,-0.6391014819458268,1.1661397883185811
0.7091085268524052,0.7851695932669432,1.009704435399301,-0.3006445060034776,0.1011227115602938,-0.6043076313522611,0.764501735672217,-1.0592525266051358,-1.1934162828797101,1.487565597082189,-0.6585527740981746,-0.312079621228754,-0.3626868147605197,-0.2998637292684633,-0.6062354060275328,2.586949495507729,-0.3216337604513384,1.5986105077709065,-0.28217393971398413,-0.35380193430804263,-0.38012120648103165,-0.521402047741958,-0.19738550848793063,-0.2294157338705618,-0.42008402520840293,-0.6391014819458268,1.1661397883185811
-0.34027949982797706,-1.4343910944134617,-0.9717035404062706,0.5790382138001571,-0.5990233141949753,1.6547863176281539,-0.05314717948523429,0.9440619445156881,0.8379305815963921,-0.6722392625652724,1.5184811898627333,-0.312079621228754,-0.3626868147605197,-0.2998637292684633,-0.6062354060275328,-0.3865556717425342,-0.3216337604513384,-0.6255432421712243,-0.28217393971398413,-0.35380193430804263,-0.38012120648103165,-0.521402047741958,-0.19738550848793063,-0.2294157338705618,-0.42008402520840293,1.5646967316604727,-0.8575301263340543
0.27700757468989484,-0.3246107505732592,0.624934262608062,0.16506987506903484,-0.18371744726767147,-0.6043076313522611,1.5821506508296683,-1.0592525266051358,0.8379305815963921,-0.6722392625652724,-0.6585527740981746,-0.312079621228754,2.757199763824596,-0.2998637292684633,1.6495242443074727,-0.3865556717425342,-0.3216337604513384,1.5986105077709065,-0.28217393971398413,-0.35380193430804263,-0.38012120648103165,-0.521402047741958,-0.19738550848793063,-0.2294157338705618,-0.42008402520840293,-0.6391014819458268,1.1661397883185811
0.15355015978632047,-0.3246107505732592,-0.7847749386202248,1.562213018286572,-0.6158128233121859,-0.6043076313522611,0.764501735672217,-1.0592525266051358,0.8379305815963921,-0.6722392625652724,-0.6585527740981746,-0.312079621228754,-0.3626868147605197,-0.2998637292684633,-0.6062354060275328,2.586949495507729,-0.3216337604513384,-0.6255432421712243,3.5439133784417334,-0.35380193430804263,-0.38012120648103165,-0.521402047741958,-0.19738550848793063,-0.2294157338705618,-0.42008402520840293,1.5646967316604727,-0.8575301263340543
-0.0933646700208283,0.7851695932669432,1.0468437338709167,-0.4041365906862581,0.17236446047501616,-0.6043076313522611,-0.8707960946426856,0.9440619445156881,-1.1934162828797101,1.487565597082189,-0.6585527740981746,-0.312079621228754,-0.3626868147605197,-0.2998637292684633,-0.6062354060275328,-0.3865556717425342,-0.3216337604513384,-0.6255432421712243,-0.28217393971398413,-0.35380193430804263,2.6307398349528825,-0.521402047741958,-0.19738550848793063,-0.2294157338705618,-0.42008402520840293,1.5646967316604727,-0.8575301263340543
-0.7723804519904874,0.7851695932669432,-0.5747882889679153,1.717451145310743,-0.5927951643880315,-0.6043076313522611,0.764501735672217,-1.0592525266051358,-1.1934162828797101,1.487565597082189,-0.6585527740981746,-0.312079621228754,-0.3626868147605197,-0.2998637292684633,-0.6062354060275328,2.586949495507729,-0.3216337604513384,-0.6255432421712243,-0.28217393971398413,-0.35380193430804263,-0.38012120648103165,1.9179057779514128,-0.19738550848793063,-0.2294157338705618,2.3804761428476167,-0.6391014819458268,-0.8575301263340543
-1.0192952817976362,0.7851695932669432,0.7220948917849896,1.2517367642382307,-0.36435697158217567,1.6547863176281539,0.764501735672217,0.9440619445156881,0.8379305815963921,-0.6722392625652724,-0.6585527740981746,-0.312079621228754,-0.3626868147605197,-0.2998637292684633,-0.6062354060275328,2.586949495507729,-0.3216337604513384,-0.6255432421712243,-0.28217393971398413,2.8264401718316665,-0.38012120648103165,-0.521402047741958,-0.19738550848793063,-0.2294157338705618,2.3804761428476167,-0.6391014819458268,-0.8575301263340543
0.21527886723810766,-0.3246107505732592,-1.007434713817351,1.4587209336037916,-0.6445898192875273,-0.6043076313522611,0.764501735672217,-1.0592525266051358,-1.1934162828797101,-0.6722392625652724,1.5184811898627333,-0.312079621228754,-0.3626868147605197,-0.2998637292684633,1.6495242443074727,-0.3865556717425342,-0.3216337604513384,1.5986105077709065,-0.28217393971398413,-0.35380193430804263,-0.38012120648103165,-0.521402047741958,-0.19738550848793063,-0.2294157338705618,-0.42008402520840293,1.5646967316604727,-0.8575301263340543
0.7708372343041924,-0.3246107505732592,1.232892257494128,-1.0768351411243318,1.036236913555784,-0.6043076313522611,-0.8707960946426856,-1.0592525266051358,0.8379305815963921,-0.6722392625652724,-0.6585527740981746,-0.312079621228754,-0.3626868147605197,-0.2998637292684633,-0.6062354060275328,-0.3865556717425342,-0.3216337604513384,-0.6255432421712243,-0.28217393971398413,-0.35380193430804263,2.6307398349528825,-0.521402047741958,-0.19738550848793063,-0.2294157338705618,-0.42008402520840293,-0.6391014819458268,1.1661397883185811
1.4498530162738514,-0.3246107505732592,-1.6819266178137042,-0.9215970141001608,-0.724087488113012,-0.6043076313522611,-0.05314717948523429,-1.0592525266051358,0.8379305815963921,-0.6722392625652724,1.5184811898627333,-0.312079621228754,-0.3626868147605197,-0.2998637292684633,-0.6062354060275328,-0.3865556717425342,-0.3216337604513384,-0.6255432421712243,-0.28217393971398413,-0.35380193430804263,-0.38012120648103165,1.9179057779514128,-0.19738550848793063,-0.2294157338705618,-0.42008402520840293,-0.6391014819458268,1.1661397883185811
-0.0933646700208283,0.7851695932669432,0.12592994428090584,0.009831748044864034,-0.26747574725058265,-0.6043076313522611,0.764501735672217,0.9440619445156881,0.8379305815963921,-0.6722392625652724,-0.6585527740981746,-0.312079621228754,2.757199763824596,-0.2998637292684633,-0.6062354060275328,-0.3865556717425342,-0.3216337604513384,-0.6255432421712243,-0.28217393971398413,-0.35380193430804263,2.6307398349528825,-0.521402047741958,-0.19738550848793063,-0.2294157338705618,-0.42008402520840293,1.5646967316604727,-0.8575301263340543
-0.15509337747261548,1.8949499371071457,-0.35142445124052174,-0.5076286753690387,-0.25796093132725656,-0.6043076313522611,0.764501735672217,0.9440619445156881,0.8379305815963921,-0.6722392625652724,1.5184811898627333,-0.312079621228754,-0.3626868147605197,-0.2998637292684633,1.6495242443074727,-0.3865556717425342,-0.3216337604513384,-0.6255432421712243,3.5439133784417334,-0.35380193430804263,-0.38012120648103165,-0.521402047741958,-0.19738550848793063,-0.2294157338705618,-0.42008402520840293,1.5646967316604727,-0.8575301263340543
0.21527886723810766,-1.4343910944134617,-0.6819818092011564,-1.2838193104898927,0.09548452365972586,-0.6043076313522611,-1.688445009800137,0.9440619445156881,0.8379305815963921,-0.6722392625652724,-0.6585527740981746,-0.312079621228754,-0.3626868147605197,3.334848140652303,-0.6062354060275328,-0.3865556717425342,-0.3216337604513384,-0.6255432421712243,-0.28217393971398413,-0.35380193430804263,-0.38012120648103165,1.9179057779514128,-0.19738550848793063,-0.2294157338705618,-0.42008402520840293,1.5646967316604727,-0.8575301263340543
1.6967678460810003,0.7851695932669432,-0.09708186218135402,1.4069748912624014,-0.5058735675685145,-0.6043076313522611,-0.05314717948523429,0.9440619445156881,0.8379305815963921,-0.6722392625652724,-0.6585527740981746,-0.312079621228754,-0.3626868147605197,-0.2998637292684633,1.6495242443074727,-0.3865556717425342,-0.3216337604513384,1.5986105077709065,-0.28217393971398413,-0.35380193430804263,-0.38012120648103165,-0.521402047741958,-0.19738550848793063,-0.2294157338705618,-0.42008402520840293,-0.6391014819458268,1.1661397883185811
-0.5254656221833386,-1.4343910944134617,1.115137799306873,-0.4041365906862581,0.19504986422759835,-0.6043076313522611,0.764501735672217,0.9440619445156881,0.8379305815963921,-0.6722392625652724,-0.6585527740981746,3.204310477123404,-0.3626868147605197,-0.2998637292684633,-0.6062354060275328,-0.3865556717425342,-0.3216337604513384,-0.6255432421712243,-0.28217393971398413,-0.35380193430804263,-0.38012120648103165,1.9179057779514128,-0.19738550848793063,-0.2294157338705618,-0.42008402520840293,1.5646967316604727,-0.8575301263340543
-0.8341091594422746,-1.4343910944134617,-0.9544540084147145,1.562213018286572,-0.6402086206389741,-0.6043076313522611,-0.05314717948523429,0.9440619445156881,0.8379305815963921,-0.6722392625652724,-0.6585527740981746,-0.312079621228754,-0.3626868147605197,-0.2998637292684633,1.6495242443074727,-0.3865556717425342,-0.3216337604513384,1.5986105077709065,-0.28217393971398413,-0.35380193430804263,-0.38012120648103165,-0.521402047741958,-0.19738550848793063,-0.2294157338705618,2.3804761428476167,-0.6391014819458268,-0.8575301263340543
0.8942946492077668,0.7851695932669432,0.669642233280054,-0.09366033663791651,-0.09008628313061062,-0.6043076313522611,0.764501735672217,-1.0592525266051358,-1.1934162828797101,1.487565597082189,-0.6585527740981746,3.204310477123404,-0.3626868147605197,-0.2998637292684633,-0.6062354060275328,-0.3865556717425342,-0.3216337604513384,1.5986105077709065,-0.28217393971398413,-0.35380193430804263,-0.38012120648103165,-0.521402047741958,-0.19738550848793063,-0.2294157338705618,-0.42008402520840293,-0.6391014819458268,1.1661397883185811
1.0794807715631283,-0.3246107505732592,0.88719755513274,-0.6111207600518193,0.2589081064404078,-0.6043076313522611,-0.05314717948523429,0.9440619445156881,0.8379305815963921,-0.6722392625652724,1.5184811898627333,-0.312079621228754,-0.3626868147605197,-0.2998637292684633,-0.6062354060275328,-0.3865556717425342,-0.3216337604513384,-0.6255432421712243,-0.28217393971398413,-0.35380193430804263,-0.38012120648103165,1.9179057779514128,-0.19738550848793063,-0.2294157338705618,-0.42008402520840293,-0.6391014819458268,1.1661397883185811
-1.0810239892494233,-0.3246107505732592,1.0743021725513526,0.16506987506903484,-0.07549842422450671,1.6547863176281539,0.764501735672217,-1.0592525266051358,0.8379305815963921,-0.6722392625652724,-0.6585527740981746,-0.312079621228754,2.757199763824596,-0.2998637292684633,-0.6062354060275328,-0.3865556717425342,-0.3216337604513384,-0.6255432421712243,-0.28217393971398413,2.8264401718316665,-0.38012120648103165,-0.521402047741958,-0.19738550848793063,-0.2294157338705618,2.3804761428476167,-0.6391014819458268,-0.8575301263340543
1.26466689391849,1.8949499371071457,1.1139056898789048,-0.19715242132069705,0.07977491699593268,-0.6043076313522611,-0.8707960946426856,0.9440619445156881,-1.1934162828797101,1.487565597082189,-0.6585527740981746,-0.312079621228754,-0.3626868147605197,-0.2998637292684633,-0.6062354060275328,-0.3865556717425342,-0.3216337604513384,-0.6255432421712243,-0.28217393971398413,-0.35380193430804263,-0.38012120648103165,1.9179057779514128,-0.19738550848793063,-0.2294157338705618,-0.42008402520840293,-0.6391014819458268,1.1661397883185811
0.5856511119488308,0.7851695932669432,-1.5111914542238132,0.21681591741042514,-0.6994877416658793,-0.6043076313522611,-0.8707960946426856,0.9440619445156881,0.8379305815963921,-0.6722392625652724,1.5184811898627333,-0.312079621228754,-0.3626868147605197,-0.2998637292684633,-0.6062354060275328,-0.3865556717425342,3.1091263510296048,1.5986105077709065,-0.28217393971398413,-0.35380193430804263,-0.38012120648103165,-0.521402047741958,-0.19738550848793063,-0.2294157338705618,-0.42008402520840293,-0.6391014819458268,1.1661397883185811
0.5856511119488308,0.7851695932669432,-1.4671875460820887,1.14824467955545,-0.7086293184831017,-0.6043076313522611,-0.8707960946426856,-1.0592525266051358,-1.1934162828797101,-0.6722392625652724,-0.6585527740981746,-0.312079621228754,-0.3626868147605197,3.334848140652303,1.6495242443074727,-0.3865556717425342,-0.3216337604513384,-0.6255432421712243,-0.28217393971398413,-0.35380193430804263,2.6307398349528825,-0.521402047741958,-0.19738550848793063,-0.2294157338705618,-0.42008402520840293,-0.6391014819458268,1.1661397883185811
1.0794807715631283,0.7851695932669432,-0.7986801735930098,0.16506987506903484,-0.5265593816088844,-0.6043076313522611,1.5821506508296683,0.9440619445156881,0.8379305815963921,-0.6722392625652724,-0.6585527740981746,3.204310477123404,-0.3626868147605197,-0.2998637292684633,1.6495242443074727,-0.3865556717425342,-0.3216337604513384,-0.6255432421712243,3.5439133784417334,-0.35380193430804263,-0.38012120648103165,-0.521402047741958,-0.19738550848793063,-0.2294157338705618,-0.42008402520840293,-0.6391014819458268,1.1661397883185811
1.0794807715631283,-1.4343910944134617,1.170582723565446,-0.7146128447345997,0.46558931899771755,-0.6043076313522611,-0.05314717948523429,0.9440619445156881,0.8379305815963921,-0.6722392625652724,1.5184811898627333,-0.312079621228754,-0.3626868147605197,-0.2998637292684633,-0.6062354060275328,-0.3865556717425342,-0.3216337604513384,1.5986105077709065,-0.28217393971398413,-0.35380193430804263,-0.38012120648103165,-0.521402047741958,-0.19738550848793063,-0.2294157338705618,-0.42008402520840293,-0.6391014819458268,1.1661397883185811
-1.4513962339601465,0.7851695932669432,1.616254305224832,-1.6977876492210149,7.327182941693693,-0.6043076313522611,-0.05314717948523429,-1.0592525266051358,0.8379305815963921,-0.6722392625652724,-0.6585527740981746,-0.312079621228754,-0.3626868147605197,-0.2998637292684633,1.6495242443074727,-0.3865556717425342,-0.3216337604513384,1.5986105077709065,-0.28217393971398413,-0.35380193430804263,-0.38012120648103165,-0.521402047741958,-0.19738550848793063,-0.2294157338705618,-0.42008402520840293,-0.6391014819458268,-0.8575301263340543
-1.636582356315508,1.8949499371071457,-1.2897637884546553,1.6657051029693528,-0.6902901307895482,-0.6043076313522611,-0.05314717948523429,-1.0592525266051358,0.8379305815963921,-0.6722392625652724,1.5184811898627333,-0.312079621228754,-0.3626868147605197,-0.2998637292684633,-0.6062354060275328,-0.3865556717425342,-0.3216337604513384,-0.6255432421712243,3.5439133784417334,-0.35380193430804263,-0.38012120648103165,-0.521402047741958,-0.19738550848793063,-0.2294157338705618,-0.42008402520840293,-0.6391014819458268,-0.8575301263340543
-1.5748536488637208,-0.3246107505732592,-0.715424779388867,-1.4390574375140637,0.342517981405036,-0.6043076313522611,-0.05314717948523429,-1.0592525266051358,0.8379305815963921,-0.6722392625652724,-0.6585527740981746,-0.312079621228754,-0.3626868147605197,-0.2998637292684633,1.6495242443074727,-0.3865556717425342,-0.3216337604513384,-0.6255432421712243,-0.28217393971398413,-0.35380193430804263,-0.38012120648103165,1.9179057779514128,-0.19738550848793063,-0.2294157338705618,-0.42008402520840293,-0.6391014819458268,-0.8575301263340543
0.33873628214168205,0.7851695932669432,-1.5282649705828022,-0.04191429429652624,-0.6966239019571716,-0.6043076313522611,0.764501735672217,-1.0592525266051358,0.8379305815963921,-0.6722392625652724,-0.6585527740981746,-0.312079621228754,2.757199763824596,-0.2998637292684633,-0.6062354060275328,-0.3865556717425342,-0.3216337604513384,-0.6255432421712243,-0.28217393971398413,-0.35380193430804263,2.6307398349528825,-0.521402047741958,-0.19738550848793063,-0.2294157338705618,-0.42008402520840293,-0.6391014819458268,1.1661397883185811
-0.5871943296351259,0.7851695932669432,1.0336425614283993,0.5790382138001571,-0.19657543277090683,-0.6043076313522611,0.764501735672217,0.9440619445156881,-1.1934162828797101,1.487565597082189,-0.6585527740981746,-0.312079621228754,2.757199763824596,-0.2998637292684633,-0.6062354060275328,-0.3865556717425342,-0.3216337604513384,-0.6255432421712243,3.5439133784417334,-0.35380193430804263,-0.38012120648103165,-0.521402047741958,-0.19738550848793063,-0.2294157338705618,-0.42008402520840293,1.5646967316604727,-0.8575301263340543
1.6967678460810003,-0.3246107505732592,-0.4837882069308291,-0.8698509717587706,-0.14844982988736863,-0.6043076313522611,1.5821506508296683,-1.0592525266051358,-1.1934162828797101,1.487565597082189,1.5184811898627333,-0.312079621228754,-0.3626868147605197,-0.2998637292684633,-0.6062354060275328,2.586949495507729,-0.3216337604513384,-0.6255432421712243,-0.28217393971398413,-0.35380193430804263,-0.38012120648103165,-0.521402047741958,5.06622805119022,-0.2294157338705618,-0.42008402520840293,-0.6391014819458268,1.1661397883185811
0.27700757468989484,0.7851695932669432,0.3343324532401132,-0.9733430564415512,0.35655343810820145,-0.6043076313522611,-0.05314717948523429,0.9440619445156881,0.8379305815963921,-0.6722392625652724,-0.6585527740981746,-0.312079621228754,-0.3626868147605197,-0.2998637292684633,1.6495242443074727,-0.3865556717425342,-0.3216337604513384,1.5986105077709065,-0.28217393971398413,-0.35380193430804263,-0.38012120648103165,-0.521402047741958,-0.19738550848793063,-0.2294157338705618,-0.42008402520840293,-0.6391014819458268,1.1661397883185811
-0.648923037086913,0.7851695932669432,1.7625232958879242,0.009831748044864034,0.15861352821986377,-0.6043076313522611,-0.8707960946426856,-1.0592525266051358,-1.1934162828797101,-0.6722392625652724,-0.6585527740981746,-0.312079621228754,-0.3626868147605197,-0.2998637292684633,-0.6062354060275328,-0.3865556717425342,-0.3216337604513384,-0.6255432421712243,3.5439133784417334,-0.35380193430804263,-0.38012120648103165,-0.521402047741958,-0.19738550848793063,-0.2294157338705618,-0.42008402520840293,1.5646967316604727,-0.8575301263340543
1.3881243088220643,-0.3246107505732592,1.1176020181628097,-1.6460416068796246,4.750442646845319,-0.6043076313522611,-0.05314717948523429,-1.0592525266051358,-1.1934162828797101,1.487565597082189,-0.6585527740981746,-0.312079621228754,-0.3626868147605197,-0.2998637292684633,1.6495242443074727,-0.3865556717425342,-0.3216337604513384,1.5986105077709065,-0.28217393971398413,-0.35380193430804263,-0.38012120648103165,-0.521402047741958,-0.19738550848793063,-0.2294157338705618,-0.42008402520840293,-0.6391014819458268,1.1661397883185811
1.4498530162738514,0.7851695932669432,0.14845994524946882,1.6657051029693528,-0.4895015984494881,-0.6043076313522611,1.5821506508296683,-1.0592525266051358,-1.1934162828797101,1.487565597082189,-0.6585527740981746,3.204310477123404,-0.3626868147605197,-0.2998637292684633,1.6495242443074727,-0.3865556717425342,-0.3216337604513384,1.5986105077709065,-0.28217393971398413,-0.35380193430804263,-0.38012120648103165,-0.521402047741958,-0.19738550848793063,-0.2294157338705618,-0.42008402520840293,-0.6391014819458268,1.1661397883185811
-1.6983110637672953,1.8949499371071457,0.1949280722471299,0.21681591741042514,-0.29863289261888676,-0.6043076313522611,0.764501735672217,-1.0592525266051358,0.8379305815963921,-0.6722392625652724,-0.6585527740981746,-0.312079621228754,-0.3626868147605197,-0.2998637292684633,-0.6062354060275328,2.586949495507729,-0.3216337604513384,-0.6255432421712243,-0.28217393971398413,-0.35380193430804263,2.6307398349528825,-0.521402047741958,-0.19738550848793063,-0.2294157338705618,-0.42008402520840293,-0.6391014819458268,-0.8575301263340543
1.6967678460810003,-0.3246107505732592,-0.08528881479937184,-0.8181049294173803,0.0055593660193589784,-0.6043076313522611,0.764501735672217,-1.0592525266051358,-1.1934162828797101,1.487565597082189,1.5184811898627333,-0.312079621228754,-0.3626868147605197,-0.2998637292684633,1.6495242443074727,-0.3865556717425342,-0.3216337604513384,-0.6255432421712243,3.5439133784417334,-0.35380193430804263,-0.38012120648103165,-0.521402047741958,-0.19738550848793063,-0.2294157338705618,-0.42008402520840293,-0.6391014819458268,1.1661397883185811
-1.7600397712190825,-0.3246107505732592,-0.6957110285413743,1.4069748912624014,-0.5959766074651566,-0.6043076313522611,-0.05314717948523429,0.9440619445156881,-1.1934162828797101,1.487565597082189,-0.6585527740981746,-0.312079621228754,-0.3626868147605197,-0.2998637292684633,1.6495242443074727,-0.3865556717425342,-0.3216337604513384,-0.6255432421712243,-0.28217393971398413,-0.35380193430804263,-0.38012120648103165,-0.521402047741958,5.06622805119022,-0.2294157338705618,-0.42008402520840293,-0.6391014819458268,-0.8575301263340543
-0.8341091594422746,-1.4343910944134617,-0.518639302179075,-0.14540637897930678,-0.4072568914237905,-0.6043076313522611,0.764501735672217,-1.0592525266051358,0.8379305815963921,-0.6722392625652724,1.5184811898627333,-0.312079621228754,-0.3626868147605197,-0.2998637292684633,1.6495242443074727,-0.3865556717425342,-0.3216337604513384,-0.6255432421712243,-0.28217393971398413,-0.35380193430804263,2.6307398349528825,-0.521402047741958,-0.19738550848793063,-0.2294157338705618,2.3804761428476167,-0.6391014819458268,-0.8575301263340543
-0.46373691473155143,0.7851695932669432,-0.07226365798942139,-0.6111207600518193,-0.11079147498272801,-0.6043076313522611,-0.05314717948523429,-1.0592525266051358,0.8379305815963921,-0.6722392625652724,1.5184811898627333,-0.312079621228754,-0.3626868147605197,-0.2998637292684633,-0.6062354060275328,-0.3865556717425342,-0.3216337604513384,-0.6255432421712243,-0.28217393971398413,-0.35380193430804263,2.6307398349528825,-0.521402047741958,-0.19738550848793063,-0.2294157338705618,-0.42008402520840293,1.5646967316604727,-0.8575301263340543
0.27700757468989484,-1.4343910944134617,1.0845110792402328,0.32030800209320565,-0.12047902891608311,-0.6043076313522611,-0.05314717948523429,0.9440619445156881,-1.1934162828797101,1.487565597082189,1.5184811898627333,-0.312079621228754,-0.3626868147605197,-0.2998637292684633,-0.6062354060275328,-0.3865556717425342,-0.3216337604513384,1.5986105077709065,-0.28217393971398413,-0.35380193430804263,-0.38012120648103165,-0.521402047741958,-0.19738550848793063,-0.2294157338705618,-0.42008402520840293,-0.6391014819458268,1.1661397883185811
0.15355015978632047,0.7851695932669432,0.5432630090970212,-1.3873113951726732,1.4454599642642496,-0.6043076313522611,-1.688445009800137,0.9440619445156881,0.8379305815963921,-0.6722392625652724,-0.6585527740981746,-0.312079621228754,-0.3626868147605197,3.334848140652303,-0.6062354060275328,-0.3865556717425342,-0.3216337604513384,1.5986105077709065,-0.28217393971398413,-0.35380193430804263,-0.38012120648103165,-0.521402047741958,-0.19738550848793063,-0.2294157338705618,-0.42008402520840293,1.5646967316604727,-0.8575301263340543
1.5115817237256386,1.8949499371071457,0.48588191288021243,1.3552288489210111,-0.4128129723329055,-0.6043076313522611,0.764501735672217,0.9440619445156881,0.8379305815963921,-0.6722392625652724,-0.6585527740981746,-0.312079621228754,-0.3626868147605197,-0.2998637292684633,-0.6062354060275328,2.586949495507729,-0.3216337604513384,1.5986105077709065,-0.28217393971398413,-0.35380193430804263,-0.38012120648103165,-0.521402047741958,-0.19738550848793063,-0.2294157338705618,-0.42008402520840293,-0.6391014819458268,1.1661397883185811
-0.34027949982797706,0.7851695932669432,0.7219188761524228,-0.14540637897930678,-0.0557775824639853,-0.6043076313522611,-0.8707960946426856,0.9440619445156881,0.8379305815963921,-0.6722392625652724,-0.6585527740981746,-0.312079621228754,-0.3626868147605197,-0.2998637292684633,-0.6062354060275328,-0.3865556717425342,-0.3216337604513384,-0.6255432421712243,-0.28217393971398413,-0.35380193430804263,2.6307398349528825,-0.521402047741958,-0.19738550848793063,-0.2294157338705618,-0.42008402520840293,1.5646967316604727,-0.8575301263340543
-0.03163596256904111,-0.3246107505732592,-0.7889993138018303,-1.490803479855454,0.39086494887416107,-0.6043076313522611,1.5821506508296683,-1.0592525266051358,0.8379305815963921,-0.6722392625652724,-0.6585527740981746,-0.312079621228754,2.757199763824596,-0.2998637292684633,1.6495242443074727,-0.3865556717425342,-0.3216337604513384,-0.6255432421712243,-0.28217393971398413,-0.35380193430804263,-0.38012120648103165,1.9179057779514128,-0.19738550848793063,-0.2294157338705618,-0.42008402520840293,1.5646967316604727,-0.8575301263340543
-0.648923037086913,-0.3246107505732592,-0.7284499361988174,-0.5076286753690387,-0.39247524120725774,-0.6043076313522611,-0.8707960946426856,0.9440619445156881,-1.1934162828797101,1.487565597082189,1.5184811898627333,-0.312079621228754,-0.3626868147605197,-0.2998637292684633,-0.6062354060275328,-0.3865556717425342,3.1091263510296048,-0.6255432421712243,-0.28217393971398413,-0.35380193430804263,-0.38012120648103165,1.9179057779514128,-0.19738550848793063,-0.2294157338705618,-0.42008402520840293,1.5646967316604727,-0.8575301263340543
0.8942946492077668,1.8949499371071457,1.5894999290746634,-0.9733430564415512,1.0282772082442577,-0.6043076313522611,-0.8707960946426856,-1.0592525266051358,-1.1934162828797101,1.487565597082189,-0.6585527740981746,-0.312079621228754,-0.3626868147605197,-0.2998637292684633,-0.6062354060275328,-0.3865556717425342,-0.3216337604513384,-0.6255432421712243,3.5439133784417334,-0.35380193430804263,-0.38012120648103165,-0.521402047741958,-0.19738550848793063,-0.2294157338705618,-0.42008402520840293,-0.6391014819458268,1.1661397883185811
0.4621936970452564,-1.4343910944134617,0.44522230175725896,1.562213018286572,-0.4389685995366721,-0.6043076313522611,1.5821506508296683,0.9440619445156881,0.8379305815963921,-0.6722392625652724,1.5184811898627333,-0.312079621228754,-0.3626868147605197,-0.2998637292684633,-0.6062354060275328,2.586949495507729,-0.3216337604513384,1.5986105077709065,-0.28217393971398413,-0.35380193430804263,-0.38012120648103165,-0.521402047741958,-0.19738550848793063,-0.2294157338705618,-0.42008402520840293,-0.6391014819458268,1.1661397883185811
-0.34027949982797706,0.7851695932669432,1.433198047355258,1.5104669759451819,-0.29001098377044165,1.6547863176281539,1.5821506508296683,0.9440619445156881,-1.1934162828797101,-0.6722392625652724,1.5184811898627333,-0.312079621228754,-0.3626868147605197,-0.2998637292684633,-0.6062354060275328,2.586949495507729,-0.3216337604513384,-0.6255432421712243,-0.28217393971398413,2.8264401718316665,-0.38012120648103165,-0.521402047741958,-0.19738550848793063,-0.2294157338705618,-0.42008402520840293,1.5646967316604727,-0.8575301263340543
-0.46373691473155143,0.7851695932669432,0.36249495445081686,1.562213018286572,-0.45086281607566636,1.6547863176281539,-1.688445009800137,0.9440619445156881,0.8379305815963921,-0.6722392625652724,-0.6585527740981746,-0.312079621228754,-0.3626868147605197,3.334848140652303,-0.6062354060275328,-0.3865556717425342,-0.3216337604513384,-0.6255432421712243,-0.28217393971398413,2.8264401718316665,-0.38012120648103165,-0.521402047741958,-0.19738550848793063,-0.2294157338705618,-0.42008402520840293,1.5646967316604727,-0.8575301263340543
0.4621936970452564,1.8949499371071457,0.9801338091280622,-0.19715242132069705,0.040725690292800244,1.6547863176281539,0.764501735672217,0.9440619445156881,0.8379305815963921,-0.6722392625652724,-0.6585527740981746,-0.312079621228754,-0.3626868147605197,-0.2998637292684633,-0.6062354060275328,2.586949495507729,-0.3216337604513384,-0.6255432421712243,-0.28217393971398413,2.8264401718316665,-0.38012120648103165,-0.521402047741958,-0.19738550848793063,-0.2294157338705618,-0.42008402520840293,-0.6391014819458268,1.1661397883185811
0.5856511119488308,-1.4343910944134617,0.34436534429642635,0.42380008677598624,-0.3070316510939386,-0.6043076313522611,-0.8707960946426856,0.9440619445156881,-1.1934162828797101,1.487565597082189,-0.6585527740981746,-0.312079621228754,-0.3626868147605197,-0.2998637292684633,-0.6062354060275328,-0.3865556717425342,-0.3216337604513384,-0.6255432421712243,-0.28217393971398413,-0.35380193430804263,-0.38012120648103165,1.9179057779514128,-0.19738550848793063,-0.2294157338705618,-0.42008402520840293,-0.6391014819458268,1.1661397883185811
-1.7600397712190825,-1.4343910944134617,0.6641857486704802,-1.2320732681485025,1.027726514021521,-0.6043076313522611,1.5821506508296683,0.9440619445156881,0.8379305815963921,-0.6722392625652724,-0.6585527740981746,3.204310477123404,-0.3626868147605197,-0.2998637292684633,1.6495242443074727,-0.3865556717425342,-0.3216337604513384,-0.6255432421712243,-0.28217393971398413,-0.35380193430804263,-0.38012120648103165,1.9179057779514128,-0.19738550848793063,-0.2294157338705618,-0.42008402520840293,-0.6391014819458268,-0.8575301263340543
-0.2168220849244027,-0.3246107505732592,1.5850995382604909,-0.3006445060034776,0.27992209309908095,-0.6043076313522611,-0.05314717948523429,0.9440619445156881,-1.1934162828797101,1.487565597082189,1.5184811898627333,-0.312079621228754,-0.3626868147605197,-0.2998637292684633,-0.6062354060275328,-0.3865556717425342,-0.3216337604513384,-0.6255432421712243,-0.28217393971398413,-0.35380193430804263,-0.38012120648103165,1.9179057779514128,-0.19738550848793063,-0.2294157338705618,-0.42008402520840293,1.5646967316604727,-0.8575301263340543
-0.27855079237618985,0.7851695932669432,0.8810370079928986,0.9930065525312792,-0.3023157107280476,-0.6043076313522611,-0.8707960946426856,0.9440619445156881,-1.1934162828797101,1.487565597082189,-0.6585527740981746,-0.312079621228754,-0.3626868147605197,-0.2998637292684633,-0.6062354060275328,-0.3865556717425342,-0.3216337604513384,-0.6255432421712243,-0.28217393971398413,-0.35380193430804263,2.6307398349528825,-0.521402047741958,-0.19738550848793063,-0.2294157338705618,-0.42008402520840293,1.5646967316604727,-0.8575301263340543
-0.2168220849244027,-0.3246107505732592,-1.337288009247718,1.6139590606279626,-0.6961002735882615,-0.6043076313522611,-0.05314717948523429,0.9440619445156881,-1.1934162828797101,1.487565597082189,-0.6585527740981746,-0.312079621228754,-0.3626868147605197,-0.2998637292684633,1.6495242443074727,-0.3865556717425342,-0.3216337604513384,-0.6255432421712243,-0.28217393971398413,-0.35380193430804263,2.6307398349528825,-0.521402047741958,-0.19738550848793063,-0.2294157338705618,-0.42008402520840293,1.5646967316604727,-0.8575301263340543
-1.5131249414119337,-0.3246107505732592,1.2846408534687959,1.0964986372140597,-0.25082356107443965,-0.6043076313522611,-0.05314717948523429,0.9440619445156881,0.8379305815963921,-0.6722392625652724,1.5184811898627333,-0.312079621228754,-0.3626868147605197,-0.2998637292684633,-0.6062354060275328,-0.3865556717425342,-0.3216337604513384,-0.6255432421712243,-0.28217393971398413,-0.35380193430804263,2.6307398349528825,-0.521402047741958,-0.19738550848793063,-0.2294157338705618,-0.42008402520840293,-0.6391014819458268,-0.8575301263340543
1.2029381864667028,-0.3246107505732592,0.7722593470665556,-0.24889846366208732,0.002952949413228209,-0.6043076313522611,0.764501735672217,-1.0592525266051358,0.8379305815963921,-0.6722392625652724,1.5184811898627333,-0.312079621228754,-0.3626868147605197,-0.2998637292684633,1.6495242443074727,-0.3865556717425342,-0.3216337604513384,1.5986105077709065,-0.28217393971398413,-0.35380193430804263,-0.38012120648103165,-0.521402047741958,-0.19738550848793063,-0.2294157338705618,-0.42008402520840293,-0.6391014819458268,1.1661397883185811
-1.0192952817976362,0.7851695932669432,-0.27626577613445624,1.0447525948726695,-0.5058066376266237,-0.6043076313522611,-0.05314717948523429,-1.0592525266051358,0.8379305815963921,-0.6722392625652724,1.5184811898627333,-0.312079621228754,-0.3626868147605197,-0.2998637292684633,-0.6062354060275328,-0.3865556717425342,-0.3216337604513384,1.5986105077709065,-0.28217393971398413,-0.35380193430804263,-0.38012120648103165,-0.521402047741958,-0.19738550848793063,-0.2294157338705618,2.3804761428476167,-0.6391014819458268,-0.8575301263340543
1.0177520641113411,0.7851695932669432,1.4608325016682608,-1.6460416068796246,5.411710472725997,-0.6043076313522611,1.5821506508296683,0.9440619445156881,0.8379305815963921,-0.6722392625652724,1.5184811898627333,-0.312079621228754,-0.3626868147605197,-0.2998637292684633,-0.6062354060275328,2.586949495507729,-0.3216337604513384,-0.6255432421712243,-0.28217393971398413,-0.35380193430804263,2.6307398349528825,-0.521402047741958,-0.19738550848793063,-0.2294157338705618,-0.42008402520840293,-0.6391014819458268,1.1661397883185811
-1.266210111604785,-0.3246107505732592,-0.34931226364971896,0.009831748044864034,-0.3912056938810629,-0.6043076313522611,-0.8707960946426856,0.9440619445156881,0.8379305815963921,-0.6722392625652724,-0.6585527740981746,-0.312079621228754,-0.3626868147605197,-0.2998637292684633,-0.6062354060275328,-0.3865556717425342,-0.3216337604513384,-0.6255432421712243,-0.28217393971398413,-0.35380193430804263,2.6307398349528825,-0.521402047741958,-0.19738550848793063,-0.2294157338705618,2.3804761428476167,-0.6391014819458268,-0.8575301263340543
1.5733104311774257,-0.3246107505732592,-1.5706847380314246,-0.09366033663791651,-0.7066882529334875,-0.6043076313522611,0.764501735672217,0.9440619445156881,0.8379305815963921,-0.6722392625652724,1.5184811898627333,-0.312079621228754,-0.3626868147605197,-0.2998637292684633,1.6495242443074727,-0.3865556717425342,-0.3216337604513384,-0.6255432421712243,-0.28217393971398413,-0.35380193430804263,2.6307398349528825,-0.521402047741958,-0.19738550848793063,-0.2294157338705618,-0.42008402520840293,-0.6391014819458268,1.1661397883185811
-0.5871943296351259,-1.4343910944134617,1.4858267214927603,0.7342763408243278,-0.14389675654627468,-0.6043076313522611,-0.8707960946426856,0.9440619445156881,0.8379305815963921,-0.6722392625652724,-0.6585527740981746,-0.312079621228754,-0.3626868147605197,-0.2998637292684633,-0.6062354060275328,-0.3865556717425342,-0.3216337604513384,-0.6255432421712243,3.5439133784417334,-0.35380193430804263,-0.38012120648103165,-0.521402047741958,-0.19738550848793063,-0.2294157338705618,-0.42008402520840293,1.5646967316604727,-0.8575301263340543
0.8942946492077668,-0.3246107505732592,0.8836772424814021,-0.9733430564415512,0.6505444473067193,-0.6043076313522611,-0.05314717948523429,0.9440619445156881,0.8379305815963921,-0.6722392625652724,1.5184811898627333,-0.312079621228754,-0.3626868147605197,-0.2998637292684633,-0.6062354060275328,-0.3865556717425342,-0.3216337604513384,1.5986105077709065,-0.28217393971398413,-0.35380193430804263,-0.38012120648103165,-0.521402047741958,-0.19738550848793063,-0.2294157338705618,-0.42008402520840293,-0.6391014819458268,1.1661397883185811
-0.957566574345849,0.7851695932669432,1.0832789698122645,-1.1803272258071122,1.1888977367284204,-0.6043076313522611,0.764501735672217,0.9440619445156881,-1.1934162828797101,1.487565597082189,1.5184811898627333,-0.312079621228754,-0.3626868147605197,-0.2998637292684633,1.6495242443074727,-0.3865556717425342,-0.3216337604513384,1.5986105077709065,-0.28217393971398413,-0.35380193430804263,-0.38012120648103165,-0.521402047741958,-0.19738550848793063,-0.2294157338705618,2.3804761428476167,-0.6391014819458268,-0.8575301263340543
-0.957566574345849,-0.3246107505732592,-0.2083237419636336,1.717451145310743,-0.5423644093153732,-0.6043076313522611,-0.05314717948523429,-1.0592525266051358,0.8379305815963921,-0.6722392625652724,1.5184811898627333,-0.312079621228754,-0.3626868147605197,-0.2998637292684633,-0.6062354060275328,-0.3865556717425342,-0.3216337604513384,-0.6255432421712243,-0.28217393971398413,-0.35380193430804263,-0.38012120648103165,-0.521402047741958,5.06622805119022,-0.2294157338705618,2.3804761428476167,-0.6391014819458268,-0.8575301263340543
1.6967678460810003,0.7851695932669432,-1.276738631644705,0.9930065525312792,-0.6734916391836899,-0.6043076313522611,-0.8707960946426856,0.9440619445156881,-1.1934162828797101,1.487565597082189,-0.6585527740981746,-0.312079621228754,-0.3626868147605197,-0.2998637292684633,-0.6062354060275328,-0.3865556717425342,-0.3216337604513384,1.5986105077709065,-0.28217393971398413,-0.35380193430804263,-0.38012120648103165,-0.521402047741958,-0.19738550848793063,-0.2294157338705618,-0.42008402520840293,-0.6391014819458268,1.1661397883185811
0.956023356659554,-0.3246107505732592,0.5080598825836415,-1.6460416068796246,3.576098810422351,-0.6043076313522611,-0.8707960946426856,-1.0592525266051358,0.8379305815963921,-0.6722392625652724,-0.6585527740981746,-0.312079621228754,-0.3626868147605197,-0.2998637292684633,-0.6062354060275328,-0.3865556717425342,-0.3216337604513384,1.5986105077709065,-0.28217393971398413,-0.35380193430804263,-0.38012120648103165,-0.521402047741958,-0.19738550848793063,-0.2294157338705618,-0.42008402520840293,-0.6391014819458268,1.1661397883185811
0.15355015978632047,0.7851695932669432,0.18489518119081672,-0.14540637897930678,-0.20792902565870228,-0.6043076313522611,-0.8707960946426856,-1.0592525266051358,-1.1934162828797101,1.487565597082189,-0.6585527740981746,-0.312079621228754,-0.3626868147605197,3.334848140652303,1.6495242443074727,-0.3865556717425342,-0.3216337604513384,1.5986105077709065,-0.28217393971398413,-0.35380193430804263,-0.38012120648103165,-0.521402047741958,-0.19738550848793063,-0.2294157338705618,-0.42008402520840293,1.5646967316604727,-0.8575301263340543
-1.0810239892494233,-0.3246107505732592,0.1386030698257225,1.717451145310743,-0.49462232562266933,-0.6043076313522611,-1.688445009800137,-1.0592525266051358,0.8379305815963921,-0.6722392625652724,-0.6585527740981746,-0.312079621228754,-0.3626868147605197,-0.2998637292684633,-0.6062354060275328,-0.3865556717425342,3.1091263510296048,-0.6255432421712243,-0.28217393971398413,-0.35380193430804263,-0.38012120648103165,1.9179057779514128,-0.19738550848793063,-0.2294157338705618,2.3804761428476167,-0.6391014819458268,-0.8575301263340543
-0.03163596256904111,-1.4343910944134617,-1.5729729412547944,-0.3523905483448679,-0.6997041666161884,-0.6043076313522611,0.764501735672217,-1.0592525266051358,0.8379305815963921,-0.6722392625652724,1.5184811898627333,-0.312079621228754,-0.3626868147605197,-0.2998637292684633,1.6495242443074727,-0.3865556717425342,-0.3216337604513384,-0.6255432421712243,-0.28217393971398413,-0.35380193430804263,-0.38012120648103165,1.9179057779514128,-0.19738550848793063,-0.2294157338705618,-0.42008402520840293,1.5646967316604727,-0.8575301263340543
1.4498530162738514,-1.4343910944134617,0.9509152141219571,0.8377684255071084,-0.26410451690877806,-0.6043076313522611,-0.05314717948523429,0.9440619445156881,0.8379305815963921,-0.6722392625652724,1.5184811898627333,-0.312079621228754,-0.3626868147605197,-0.2998637292684633,-0.6062354060275328,-0.3865556717425342,-0.3216337604513384,1.5986105077709065,-0.28217393971398413,-0.35380193430804263,-0.38012120648103165,-0.521402047741958,-0.19738550848793063,-0.2294157338705618,-0.42008402520840293,-0.6391014819458268,1.1661397883185811
-0.0933646700208283,0.7851695932669432,0.8430176313584486,-0.3523905483448679,0.07607037851528024,-0.6043076313522611,0.764501735672217,0.9440619445156881,0.8379305815963921,-0.6722392625652724,-0.6585527740981746,-0.312079621228754,-0.3626868147605197,-0.2998637292684633,-0.6062354060275328,2.586949495507729,-0.3216337604513384,1.5986105077709065,-0.28217393971398413,-0.35380193430804263,-0.38012120648103165,-0.521402047741958,-0.19738550848793063,-0.2294157338705618,-0.42008402520840293,1.5646967316604727,-0.8575301263340543
0.5239224044970436,0.7851695932669432,-0.413205938271503,-1.0768351411243318,0.04518295399871701,-0.6043076313522611,0.764501735672217,0.9440619445156881,0.8379305815963921,-0.6722392625652724,-0.6585527740981746,3.204310477123404,-0.3626868147605197,-0.2998637292684633,-0.6062354060275328,-0.3865556717425342,-0.3216337604513384,-0.6255432421712243,-0.28217393971398413,-0.35380193430804263,2.6307398349528825,-0.521402047741958,-0.19738550848793063,-0.2294157338705618,-0.42008402520840293,-0.6391014819458268,1.1661397883185811
-0.8341091594422746,-0.3246107505732592,-1.2228778480792342,0.06157779038625431,-0.6221754965940197,-0.6043076313522611,-0.05314717948523429,0.9440619445156881,0.8379305815963921,-0.6722392625652724,1.5184811898627333,-0.312079621228754,-0.3626868147605197,-0.2998637292684633,-0.6062354060275328,-0.3865556717425342,-0.3216337604513384,-0.6255432421712243,-0.28217393971398413,-0.35380193430804263,2.6307398349528825,-0.521402047741958,-0.19738550848793063,-0.2294157338705618,2.3804761428476167,-0.6391014819458268,-0.8575301263340543
0.5856511119488308,-0.3246107505732592,1.0973602204176163,1.6657051029693528,-0.35702687346536566,-0.6043076313522611,-1.688445009800137,0.9440619445156881,-1.1934162828797101,1.487565597082189,-0.6585527740981746,-0.312079621228754,-0.3626868147605197,3.334848140652303,-0.6062354060275328,-0.3865556717425342,-0.3216337604513384,-0.6255432421712243,-0.28217393971398413,-0.35380193430804263,-0.38012120648103165,1.9179057779514128,-0.19738550848793063,-0.2294157338705618,-0.42008402520840293,-0.6391014819458268,1.1661397883185811
-1.1427526967012105,1.8949499371071457,0.3688315172232252,-0.04191429429652624,-0.18899251824335775,-0.6043076313522611,-0.05314717948523429,0.9440619445156881,-1.1934162828797101,1.487565597082189,-0.6585527740981746,-0.312079621228754,-0.3626868147605197,-0.2998637292684633,1.6495242443074727,-0.3865556717425342,-0.3216337604513384,1.5986105077709065,-0.28217393971398413,-0.35380193430804263,-0.38012120648103165,-0.521402047741958,-0.19738550848793063,-0.2294157338705618,2.3804761428476167,-0.6391014819458268,-0.8575301263340543
0.21527886723810766,-0.3246107505732592,-0.7581965781026232,-1.6977876492210149,1.6089118063537302,-0.6043076313522611,0.764501735672217,0.9440619445156881,-1.1934162828797101,1.487565597082189,1.5184811898627333,-0.312079621228754,-0.3626868147605197,-0.2998637292684633,1.6495242443074727,-0.3865556717425342,-0.3216337604513384,-0.6255432421712243,-0.28217393971398413,-0.35380193430804263,2.6307398349528825,-0.521402047741958,-0.19738550848793063,-0.2294157338705618,-0.42008402520840293,1.5646967316604727,-0.8575301263340543
0.7708372343041924,-1.4343910944134617,1.6076295392290538,0.941260510189889,-0.16686205408351013,1.6547863176281539,1.5821506508296683,-1.0592525266051358,-1.1934162828797101,1.487565597082189,-0.6585527740981746,-0.312079621228754,2.757199763824596,-0.2998637292684633,1.6495242443074727,-0.3865556717425342,-0.3216337604513384,-0.6255432421712243,-0.28217393971398413,-0.35380193430804263,-0.38012120648103165,-0.521402047741958,-0.19738550848793063,-0.2294157338705618,-0.42008402520840293,-0.6391014819458268,1.1661397883185811
-0.0933646700208283,0.7851695932669432,-0.5865813363498976,-0.7663588870759901,-0.24841841927546043,1.6547863176281539,-0.05314717948523429,0.9440619445156881,0.8379305815963921,-0.6722392625652724,-0.6585527740981746,-0.312079621228754,-0.3626868147605197,-0.2998637292684633,1.6495242443074727,-0.3865556717425342,-0.3216337604513384,-0.6255432421712243,-0.28217393971398413,-0.35380193430804263,-0.38012120648103165,-0.521402047741958,-0.19738550848793063,-0.2294157338705618,-0.42008402520840293,1.5646967316604727,-0.8575301263340543
-0.8958378668940618,-1.4343910944134617,0.6763308273175961,1.717451145310743,-0.42062330701221246,1.6547863176281539,-0.05314717948523429,-1.0592525266051358,-1.1934162828797101,1.487565597082189,-0.6585527740981746,-0.312079621228754,-0.3626868147605197,-0.2998637292684633,1.6495242443074727,-0.3865556717425342,-0.3216337604513384,-0.6255432421712243,-0.28217393971398413,2.8264401718316665,-0.38012120648103165,-0.521402047741958,-0.19738550848793063,-0.2294157338705618,2.3804761428476167,-0.6391014819458268,-0.8575301263340543
-0.4020082072797643,0.7851695932669432,0.22925112059767502,-0.7146128447345997,0.07133510129316185,-0.6043076313522611,-0.05314717948523429,0.9440619445156881,0.8379305815963921,-0.6722392625652724,1.5184811898627333,-0.312079621228754,-0.3626868147605197,-0.2998637292684633,-0.6062354060275328,-0.3865556717425342,-0.3216337604513384,1.5986105077709065,-0.28217393971398413,-0.35380193430804263,-0.38012120648103165,-0.521402047741958,-0.19738550848793063,-0.2294157338705618,-0.42008402520840293,1.5646967316604727,-0.8575301263340543
-1.3896675265083593,1.8949499371071457,-1.5534352060398686,0.8377684255071084,-0.7192820024738619,-0.6043076313522611,-0.8707960946426856,-1.0592525266051358,-1.1934162828797101,1.487565597082189,-0.6585527740981746,-0.312079621228754,-0.3626868147605197,-0.2998637292684633,-0.6062354060275328,-0.3865556717425342,-0.3216337604513384,-0.6255432421712243,-0.28217393971398413,-0.35380193430804263,-0.38012120648103165,1.9179057779514128,-0.19738550848793063,-0.2294157338705618,-0.42008402520840293,-0.6391014819458268,-0.8575301263340543
-1.636582356315508,-0.3246107505732592,-0.6849740749547936,0.7342763408243278,-0.5539227040870691,1.6547863176281539,1.5821506508296683,0.9440619445156881,0.8379305815963921,-0.6722392625652724,-0.6585527740981746,-0.312079621228754,2.757199763824596,-0.2998637292684633,1.6495242443074727,-0.3865556717425342,-0.3216337604513384,-0.6255432421712243,-0.28217393971398413,2.8264401718316665,-0.38012120648103165,-0.521402047741958,-0.19738550848793063,-0.2294157338705618,-0.42008402520840293,-0.6391014819458268,-0.8575301263340543
-1.2044814041529976,-0.3246107505732592,-1.1980596438873015,1.717451145310743,-0.6785662036350454,-0.6043076313522611,-1.688445009800137,0.9440619445156881,-1.1934162828797101,1.487565597082189,-0.6585527740981746,-0.312079621228754,-0.3626868147605197,3.334848140652303,-0.6062354060275328,-0.3865556717425342,-0.3216337604513384,-0.6255432421712243,-0.28217393971398413,-0.35380193430804263,2.6307398349528825,-0.521402047741958,-0.19738550848793063,-0.2294157338705618,2.3804761428476167,-0.6391014819458268,-0.8575301263340543
1.3263956013702771,1.8949499371071457,1.7623472802553573,1.4587209336037916,-0.23410814244104422,-0.6043076313522611,0.764501735672217,0.9440619445156881,-1.1934162828797101,1.487565597082189,-0.6585527740981746,-0.312079621228754,-0.3626868147605197,-0.2998637292684633,-0.6062354060275328,2.586949495507729,-0.3216337604513384,-0.6255432421712243,3.5439133784417334,-0.35380193430804263,-0.38012120648103165,-0.521402047741958,-0.19738550848793063,-0.2294157338705618,-0.42008402520840293,-0.6391014819458268,1.1661397883185811
-0.2168220849244027,-0.3246107505732592,-1.1962994875616324,0.009831748044864034,-0.6117199543202744,-0.6043076313522611,-1.688445009800137,-1.0592525266051358,0.8379305815963921,-0.6722392625652724,-0.6585527740981746,-0.312079621228754,-0.3626868147605197,3.334848140652303,-0.6062354060275328,-0.3865556717425342,-0.3216337604513384,-0.6255432421712243,-0.28217393971398413,-0.35380193430804263,-0.38012120648103165,1.9179057779514128,-0.19738550848793063,-0.2294157338705618,-0.42008402520840293,1.5646967316604727,-0.8575301263340543
0.8325659417559795,-0.3246107505732592,1.3821535139108574,-0.9733430564415512,0.917312322362856,-0.6043076313522611,-0.8707960946426856,0.9440619445156881,-1.1934162828797101,1.487565597082189,-0.6585527740981746,-0.312079621228754,-0.3626868147605197,-0.2998637292684633,-0.6062354060275328,-0.3865556717425342,-0.3216337604513384,-0.6255432421712243,-0.28217393971398413,-0.35380193430804263,-0.38012120648103165,1.9179057779514128,-0.19738550848793063,-0.2294157338705618,-0.42008402520840293,-0.6391014819458268,1.1661397883185811
1.5115817237256386,0.7851695932669432,0.05974806643575217,0.9930065525312792,-0.44359206949907515,-0.6043076313522611,-0.8707960946426856,0.9440619445156881,-1.1934162828797101,1.487565597082189,-0.6585527740981746,-0.312079621228754,-0.3626868147605197,-0.2998637292684633,-0.6062354060275328,-0.3865556717425342,-0.3216337604513384,1.5986105077709065,-0.28217393971398413,-0.35380193430804263,-0.38012120648103165,-0.521402047741958,-0.19738550848793063,-0.2294157338705618,-0.42008402520840293,-0.6391014819458268,1.1661397883185811
-1.3279388190565722,-1.4343910944134617,-0.6038308683414536,-1.6977876492210149,1.980663013595624,1.6547863176281539,-1.688445009800137,0.9440619445156881,-1.1934162828797101,-0.6722392625652724,-0.6585527740981746,-0.312079621228754,-0.3626868147605197,3.334848140652303,-0.6062354060275328,-0.3865556717425342,-0.3216337604513384,-0.6255432421712243,-0.28217393971398413,-0.35380193430804263,-0.38012120648103165,-0.521402047741958,-0.19738550848793063,-0.2294157338705618,-0.42008402520840293,-0.6391014819458268,-0.8575301263340543
1.6350391386292131,-1.4343910944134617,0.231011276923344,1.1999907218968402,-0.4367230389390266,-0.6043076313522611,-0.8707960946426856,0.9440619445156881,0.8379305815963921,-0.6722392625652724,-0.6585527740981746,-0.312079621228754,-0.3626868147605197,-0.2998637292684633,-0.6062354060275328,-0.3865556717425342,-0.3216337604513384,-0.6255432421712243,-0.28217393971398413,-0.35380193430804263,-0.38012120648103165,1.9179057779514128,-0.19738550848793063,-0.2294157338705618,-0.42008402520840293,-0.6391014819458268,1.1661397883185811
1.1412094790149154,-0.3246107505732592,0.9669326366855449,1.4587209336037916,-0.3519885884037576,-0.6043076313522611,0.764501735672217,-1.0592525266051358,0.8379305815963921,-0.6722392625652724,-0.6585527740981746,-0.312079621228754,2.757199763824596,-0.2998637292684633,-0.6062354060275328,-0.3865556717425342,-0.3216337604513384,-0.6255432421712243,3.5439133784417334,-0.35380193430804263,-0.38012120648103165,-0.521402047741958,-0.19738550848793063,-0.2294157338705618,-0.42008402520840293,-0.6391014819458268,1.1661397883185811
-0.03163596256904111,0.7851695932669432,-0.34174359144934235,0.8377684255071084,-0.4990513438689956,-0.6043076313522611,1.5821506508296683,-1.0592525266051358,-1.1934162828797101,1.487565597082189,-0.6585527740981746,3.204310477123404,-0.3626868147605197,-0.2998637292684633,1.6495242443074727,-0.3865556717425342,-0.3216337604513384,1.5986105077709065,-0.28217393971398413,-0.35380193430804263,-0.38012120648103165,-0.521402047741958,-0.19738550848793063,-0.2294157338705618,-0.42008402520840293,1.5646967316604727,-0.8575301263340543
-0.2168220849244027,-0.3246107505732592,0.47285675607026195,0.2685619597518154,-0.24570625963884243,-0.6043076313522611,0.764501735672217,0.9440619445156881,-1.1934162828797101,1.487565597082189,-0.6585527740981746,-0.312079621228754,-0.3626868147605197,-0.2998637292684633,-0.6062354060275328,2.586949495507729,-0.3216337604513384,-0.6255432421712243,-0.28217393971398413,-0.35380193430804263,-0.38012120648103165,1.9179057779514128,-0.19738550848793063,-0.2294157338705618,-0.42008402520840293,1.5646967316604727,-0.8575301263340543
1.6350391386292131,0.7851695932669432,-0.40493320354085877,0.11332383272764458,-0.42349768242141295,-0.6043076313522611,-1.688445009800137,-1.0592525266051358,-1.1934162828797101,1.487565597082189,-0.6585527740981746,-0.312079621228754,-0.3626868147605197,3.334848140652303,-0.6062354060275328,-0.3865556717425342,-0.3216337604513384,-0.6255432421712243,-0.28217393971398413,-0.35380193430804263,-0.38012120648103165,1.9179057779514128,-0.19738550848793063,-0.2294157338705618,-0.42008402520840293,-0.6391014819458268,1.1661397883185811
0.8942946492077668,-1.4343910944134617,0.488346131736149,0.5272921714587667,-0.29649914615798617,-0.6043076313522611,-0.05314717948523429,-1.0592525266051358,0.8379305815963921,-0.6722392625652724,1.5184811898627333,-0.312079621228754,-0.3626868147605197,-0.2998637292684633,-0.6062354060275328,-0.3865556717425342,-0.3216337604513384,-0.6255432421712243,-0.28217393971398413,-0.35380193430804263,2.6307398349528825,-0.521402047741958,-0.19738550848793063,-0.2294157338705618,-0.42008402520840293,-0.6391014819458268,1.1661397883185811
-0.0933646700208283,-0.3246107505732592,-1.6532360697053,-1.5942955645382344,-0.6153783891620028,1.6547863176281539,-0.8707960946426856,0.9440619445156881,-1.1934162828797101,1.487565597082189,-0.6585527740981746,-0.312079621228754,-0.3626868147605197,-0.2998637292684633,-0.6062354060275328,-0.3865556717425342,-0.3216337604513384,-0.6255432421712243,-0.28217393971398413,-0.35380193430804263,-0.38012120648103165,-0.521402047741958,-0.19738550848793063,-0.2294157338705618,-0.42008402520840293,1.5646967316604727,-0.8575301263340543
-0.27855079237618985,-1.4343910944134617,0.18348705613028152,1.0447525948726695,-0.42810841175166514,1.6547863176281539,0.764501735672217,0.9440619445156881,-1.1934162828797101,-0.6722392625652724,-0.6585527740981746,3.204310477123404,-0.3626868147605197,-0.2998637292684633,-0.6062354060275328,-0.3865556717425342,-0.3216337604513384,-0.6255432421712243,-0.28217393971398413,-0.35380193430804263,-0.38012120648103165,-0.521402047741958,-0.19738550848793063,-0.2294157338705618,-0.42008402520840293,1.5646967316604727,-0.8575301263340543
-0.8341091594422746,-1.4343910944134617,-0.2977396833076178,0.6307842561415473,-0.4696699326743409,-0.6043076313522611,-0.8707960946426856,0.9440619445156881,-1.1934162828797101,-0.6722392625652724,-0.6585527740981746,-0.312079621228754,-0.3626868147605197,-0.2998637292684633,-0.6062354060275328,-0.3865556717425342,-0.3216337604513384,-0.6255432421712243,-0.28217393971398413,-0.35380193430804263,2.6307398349528825,-0.521402047741958,-0.19738550848793063,-0.2294157338705618,2.3804761428476167,-0.6391014819458268,-0.8575301263340543
-0.7723804519904874,0.7851695932669432,-0.7879432200064289,-0.09366033663791651,-0.4912554308315552,1.6547863176281539,-0.8707960946426856,-1.0592525266051358,0.8379305815963921,-0.6722392625652724,1.5184811898627333,-0.312079621228754,-0.3626868147605197,-0.2998637292684633,-0.6062354060275328,-0.3865556717425342,3.1091263510296048,-0.6255432421712243,-0.28217393971398413,2.8264401718316665,-0.38012120648103165,-0.521402047741958,-0.19738550848793063,-0.2294157338705618,2.3804761428476167,-0.6391014819458268,-0.8575301263340543
0.8942946492077668,-0.3246107505732592,-0.33012655969992705,-1.4390574375140637,0.7549154944685129,-0.6043076313522611,2.3997995659871196,-1.0592525266051358,0.8379305815963921,-0.6722392625652724,-0.6585527740981746,-0.312079621228754,2.757199763824596,-0.2998637292684633,-0.6062354060275328,2.586949495507729,-0.3216337604513384,-0.6255432421712243,-0.28217393971398413,-0.35380193430804263,-0.38012120648103165,1.9179057779514128,-0.19738550848793063,-0.2294157338705618,-0.42008402520840293,-0.6391014819458268,1.1661397883185811
-0.8341091594422746,0.7851695932669432,0.19281588465632712,-1.4390574375140637,1.3146382040672289,-0.6043076313522611,-1.688445009800137,-1.0592525266051358,0.8379305815963921,-0.6722392625652724,-0.6585527740981746,-0.312079621228754,-0.3626868147605197,3.334848140652303,-0.6062354060275328,-0.3865556717425342,-0.3216337604513384,-0.6255432421712243,3.5439133784417334,-0.35380193430804263,-0.38012120648103165,-0.521402047741958,-0.19738550848793063,-0.2294157338705618,2.3804761428476167,-0.6391014819458268,-0.8575301263340543
-0.7106517445387002,-0.3246107505732592,0.5802262919360698,-0.3006445060034776,-0.032334153216286306,-0.6043076313522611,-0.05314717948523429,0.9440619445156881,-1.1934162828797101,1.487565597082189,1.5184811898627333,-0.312079621228754,-0.3626868147605197,-0.2998637292684633,-0.6062354060275328,-0.3865556717425342,-0.3216337604513384,-0.6255432421712243,-0.28217393971398413,-0.35380193430804263,2.6307398349528825,-0.521402047741958,-0.19738550848793063,-0.2294157338705618,2.3804761428476167,-0.6391014819458268,-0.8575301263340543
0.647379819400618,-0.3246107505732592,0.0298254088993795,-0.4041365906862581,-0.16546095932503294,-0.6043076313522611,1.5821506508296683,-1.0592525266051358,0.8379305815963921,-0.6722392625652724,-0.6585527740981746,-0.312079621228754,2.757199763824596,-0.2998637292684633,1.6495242443074727,-0.3865556717425342,-0.3216337604513384,-0.6255432421712243,-0.28217393971398413,-0.35380193430804263,-0.38012120648103165,1.9179057779514128,-0.19738550848793063,-0.2294157338705618,-0.42008402520840293,-0.6391014819458268,1.1661397883185811
-0.5254656221833386,0.7851695932669432,1.6303355558301837,1.1999907218968402,-0.21206153399238595,-0.6043076313522611,0.764501735672217,0.9440619445156881,-1.1934162828797101,1.487565597082189,-0.6585527740981746,-0.312079621228754,2.757199763824596,-0.2998637292684633,-0.6062354060275328,-0.3865556717425342,-0.3216337604513384,1.5986105077709065,-0.28217393971398413,-0.35380193430804263,-0.38012120648103165,-0.521402047741958,-0.19738550848793063,-0.2294157338705618,-0.42008402520840293,1.5646967316604727,-0.8575301263340543
1.2029381864667028,-1.4343910944134617,1.3314610117315908,-1.6977876492210149,6.641329517158478,1.6547863176281539,-0.8707960946426856,0.9440619445156881,0.8379305815963921,-0.6722392625652724,-0.6585527740981746,-0.312079621228754,-0.3626868147605197,-0.2998637292684633,-0.6062354060275328,-0.3865556717425342,-0.3216337604513384,-0.6255432421712243,-0.28217393971398413,-0.35380193430804263,-0.38012120648103165,-0.521402047741958,-0.19738550848793063,-0.2294157338705618,-0.42008402520840293,-0.6391014819458268,1.1661397883185811
-0.7723804519904874,0.7851695932669432,-1.2654736311604236,-0.4558826330276484,-0.590106493008077,-0.6043076313522611,0.764501735672217,-1.0592525266051358,0.8379305815963921,-0.6722392625652724,1.5184811898627333,-0.312079621228754,-0.3626868147605197,-0.2998637292684633,1.6495242443074727,-0.3865556717425342,-0.3216337604513384,-0.6255432421712243,-0.28217393971398413,-0.35380193430804263,-0.38012120648103165,1.9179057779514128,-0.19738550848793063,-0.2294157338705618,2.3804761428476167,-0.6391014819458268,-0.8575301263340543
-0.27855079237618985,-0.3246107505732592,-0.6557554799486885,-0.4558826330276484,-0.38034168084226494,-0.6043076313522611,0.764501735672217,0.9440619445156881,0.8379305815963921,-0.6722392625652724,-0.6585527740981746,-0.312079621228754,-0.3626868147605197,-0.2998637292684633,-0.6062354060275328,2.586949495507729,-0.3216337604513384,-0.6255432421712243,-0.28217393971398413,-0.35380193430804263,2.6307398349528825,-0.521402047741958,-0.19738550848793063,-0.2294157338705618,-0.42008402520840293,1.5646967316604727,-0.8575301263340543
0.5239224044970436,-1.4343910944134617,-1.3260230087634364,0.21681591741042514,-0.6559821911451492,1.6547863176281539,-0.8707960946426856,0.9440619445156881,0.8379305815963921,-0.6722392625652724,-0.6585527740981746,-0.312079621228754,-0.3626868147605197,-0.2998637292684633,-0.6062354060275328,-0.3865556717425342,-0.3216337604513384,-0.6255432421712243,-0.28217393971398413,-0.35380193430804263,-0.38012120648103165,-0.521402047741958,-0.19738550848793063,4.358898943540674,-0.42008402520840293,-0.6391014819458268,1.1661397883185811
-1.6983110637672953,-0.3246107505732592,0.23453158957468195,1.4587209336037916,-0.46053041970511854,-0.6043076313522611,-0.8707960946426856,-1.0592525266051358,0.8379305815963921,-0.6722392625652724,-0.6585527740981746,-0.312079621228754,-0.3626868147605197,3.334848140652303,1.6495242443074727,-0.3865556717425342,-0.3216337604513384,1.5986105077709065,-0.28217393971398413,-0.35380193430804263,-0.38012120648103165,-0.521402047741958,-0.19738550848793063,-0.2294157338705618,-0.42008402520840293,-0.6391014819458268,-0.8575301263340543
0.33873628214168205,0.7851695932669432,1.6768036828278448,-1.6460416068796246,5.827800535472454,-0.6043076313522611,-0.8707960946426856,-1.0592525266051358,0.8379305815963921,-0.6722392625652724,1.5184811898627333,-0.312079621228754,-0.3626868147605197,-0.2998637292684633,-0.6062354060275328,-0.3865556717425342,3.1091263510296048,1.5986105077709065,-0.28217393971398413,-0.35380193430804263,-0.38012120648103165,-0.521402047741958,-0.19738550848793063,-0.2294157338705618,-0.42008402520840293,-0.6391014819458268,1.1661397883185811
-1.636582356315508,0.7851695932669432,-0.6224885253935448,-0.24889846366208732,-0.4169097310578047,1.6547863176281539,-0.8707960946426856,0.9440619445156881,-1.1934162828797101,1.487565597082189,-0.6585527740981746,-0.312079621228754,-0.3626868147605197,-0.2998637292684633,-0.6062354060275328,-0.3865556717425342,-0.3216337604513384,-0.6255432421712243,-0.28217393971398413,-0.35380193430804263,-0.38012120648103165,-0.521402047741958,-0.19738550848793063,-0.2294157338705618,-0.42008402520840293,-0.6391014819458268,-0.8575301263340543
-1.3896675265083593,-1.4343910944134617,0.8160872395757132,0.9930065525312792,-0.31348823031366896,1.6547863176281539,-0.05314717948523429,0.9440619445156881,0.8379305815963921,-0.6722392625652724,-0.6585527740981746,-0.312079621228754,-0.3626868147605197,3.334848140652303,-0.6062354060275328,2.586949495507729,-0.3216337604513384,-0.6255432421712243,-0.28217393971398413,-0.35380193430804263,-0.38012120648103165,-0.521402047741958,-0.19738550848793063,-0.2294157338705618,-0.42008402520840293,-0.6391014819458268,-0.8575301263340543
-0.27855079237618985,-0.3246107505732592,-1.0979067489567365,0.7342763408243278,-0.6319183963704311,-0.6043076313522611,0.764501735672217,-1.0592525266051358,-1.1934162828797101,-0.6722392625652724,-0.6585527740981746,3.204310477123404,-0.3626868147605197,-0.2998637292684633,-0.6062354060275328,-0.3865556717425342,-0.3216337604513384,-0.6255432421712243,-0.28217393971398413,-0.35380193430804263,-0.38012120648103165,1.9179057779514128,-0.19738550848793063,-0.2294157338705618,-0.42008402520840293,1.5646967316604727,-0.8575301263340543
1.6967678460810003,0.7851695932669432,-0.7286259518313843,-1.490803479855454,0.46356202075783814,-0.6043076313522611,-1.688445009800137,-1.0592525266051358,0.8379305815963921,-0.6722392625652724,-0.6585527740981746,-0.312079621228754,-0.3626868147605197,-0.2998637292684633,-0.6062354060275328,-0.3865556717425342,3.1091263510296048,-0.6255432421712243,-0.28217393971398413,-0.35380193430804263,-0.38012120648103165,1.9179057779514128,-0.19738550848793063,-0.2294157338705618,-0.42008402520840293,-0.6391014819458268,1.1661397883185811
-0.7106517445387002,-0.3246107505732592,-0.5008617232898182,0.32030800209320565,-0.47563939312045195,-0.6043076313522611,-0.8707960946426856,-1.0592525266051358,0.8379305815963921,-0.6722392625652724,-0.6585527740981746,-0.312079621228754,-0.3626868147605197,-0.2998637292684633,-0.6062354060275328,-0.3865556717425342,-0.3216337604513384,-0.6255432421712243,3.5439133784417334,-0.35380193430804263,-0.38012120648103165,-0.521402047741958,-0.19738550848793063,-0.2294157338705618,2.3804761428476167,-0.6391014819458268,-0.8575301263340543
-1.7600397712190825,0.7851695932669432,-0.5293762557656557,-0.3006445060034776,-0.3771341841800409,1.6547863176281539,0.764501735672217,0.9440619445156881,0.8379305815963921,-0.6722392625652724,-0.6585527740981746,-0.312079621228754,-0.3626868147605197,-0.2998637292684633,-0.6062354060275328,2.586949495507729,-0.3216337604513384,-0.6255432421712243,-0.28217393971398413,2.8264401718316665,-0.38012120648103165,-0.521402047741958,-0.19738550848793063,-0.2294157338705618,-0.42008402520840293,-0.6391014819458268,-0.8575301263340543
0.03009274488274608,0.7851695932669432,-0.8620458013170931,0.6825302984829376,-0.5840557712899455,1.6547863176281539,-1.688445009800137,0.9440619445156881,0.8379305815963921,-0.6722392625652724,-0.6585527740981746,-0.312079621228754,-0.3626868147605197,3.334848140652303,-0.6062354060275328,-0.3865556717425342,-0.3216337604513384,-0.6255432421712243,-0.28217393971398413,-0.35380193430804263,-0.38012120648103165,-0.521402047741958,-0.19738550848793063,-0.2294157338705618,-0.42008402520840293,1.5646967316604727,-0.8575301263340543
0.7091085268524052,0.7851695932669432,-1.0028583073706114,-0.8181049294173803,-0.41534285331104076,1.6547863176281539,-0.05314717948523429,-1.0592525266051358,0.8379305815963921,-0.6722392625652724,-0.6585527740981746,-0.312079621228754,2.757199763824596,-0.2998637292684633,-0.6062354060275328,-0.3865556717425342,3.1091263510296048,-0.6255432421712243,-0.28217393971398413,-0.35380193430804263,-0.38012120648103165,-0.521402047741958,-0.19738550848793063,-0.2294157338705618,-0.42008402520840293,-0.6391014819458268,1.1661397883185811
-0.03163596256904111,1.8949499371071457,-0.02051506201475335,-1.490803479855454,1.3162160154751352,-0.6043076313522611,0.764501735672217,0.9440619445156881,0.8379305815963921,-0.6722392625652724,-0.6585527740981746,3.204310477123404,-0.3626868147605197,-0.2998637292684633,-0.6062354060275328,-0.3865556717425342,-0.3216337604513384,1.5986105077709065,-0.28217393971398413,-0.35380193430804263,-0.38012120648103165,-0.521402047741958,-0.19738550848793063,-0.2294157338705618,-0.42008402520840293,1.5646967316604727,-0.8575301263340543
1.6967678460810003,0.7851695932669432,-0.5450416470641096,1.7691971876521333,-0.5910156808303811,-0.6043076313522611,-0.8707960946426856,0.9440619445156881,0.8379305815963921,-0.6722392625652724,-0.6585527740981746,-0.312079621228754,-0.3626868147605197,-0.2998637292684633,-0.6062354060275328,-0.3865556717425342,-0.3216337604513384,-0.6255432421712243,-0.28217393971398413,-0.35380193430804263,-0.38012120648103165,1.9179057779514128,-0.19738550848793063,-0.2294157338705618,-0.42008402520840293,-0.6391014819458268,1.1661397883185811
0.5856511119488308,-0.3246107505732592,-0.7738619694010771,-0.4041365906862581,-0.4324237261659857,-0.6043076313522611,1.5821506508296683,-1.0592525266051358,0.8379305815963921,-0.6722392625652724,-0.6585527740981746,-0.312079621228754,2.757199763824596,-0.2998637292684633,1.6495242443074727,-0.3865556717425342,-0.3216337604513384,1.5986105077709065,-0.28217393971398413,-0.35380193430804263,-0.38012120648103165,-0.521402047741958,-0.19738550848793063,-0.2294157338705618,-0.42008402520840293,-0.6391014819458268,1.1661397883185811
-0.7106517445387002,-1.4343910944134617,-0.20093108539582388,0.4755461291173765,-0.43091882264497167,-0.6043076313522611,0.764501735672217,-1.0592525266051358,0.8379305815963921,-0.6722392625652724,-0.6585527740981746,-0.312079621228754,-0.3626868147605197,-0.2998637292684633,-0.6062354060275328,2.586949495507729,-0.3216337604513384,-0.6255432421712243,3.5439133784417334,-0.35380193430804263,-0.38012120648103165,-0.521402047741958,-0.19738550848793063,-0.2294157338705618,2.3804761428476167,-0.6391014819458268,-0.8575301263340543
-1.0810239892494233,0.7851695932669432,0.4204040975653263,1.4587209336037916,-0.4329841150057104,-0.6043076313522611,-0.8707960946426856,0.9440619445156881,0.8379305815963921,-0.6722392625652724,-0.6585527740981746,-0.312079621228754,-0.3626868147605197,-0.2998637292684633,-0.6062354060275328,-0.3865556717425342,-0.3216337604513384,-0.6255432421712243,-0.28217393971398413,-0.35380193430804263,-0.38012120648103165,1.9179057779514128,-0.19738550848793063,-0.2294157338705618,2.3804761428476167,-0.6391014819458268,-0.8575301263340543
-1.1427526967012105,-1.4343910944134617,-0.9790961969740802,0.009831748044864034,-0.555170786119529,-0.6043076313522611,0.764501735672217,0.9440619445156881,0.8379305815963921,-0.6722392625652724,-0.6585527740981746,3.204310477123404,-0.3626868147605197,-0.2998637292684633,-0.6062354060275328,-0.3865556717425342,-0.3216337604513384,-0.6255432421712243,-0.28217393971398413,-0.35380193430804263,-0.38012120648103165,1.9179057779514128,-0.19738550848793063,-0.2294157338705618,2.3804761428476167,-0.6391014819458268,-0.8575301263340543
-1.7600397712190825,-1.4343910944134617,-1.489365515785518,0.7342763408243278,-0.705858046685093,1.6547863176281539,-0.8707960946426856,0.9440619445156881,0.8379305815963921,-0.6722392625652724,-0.6585527740981746,-0.312079621228754,-0.3626868147605197,3.334848140652303,1.6495242443074727,-0.3865556717425342,-0.3216337604513384,-0.6255432421712243,-0.28217393971398413,-0.35380193430804263,-0.38012120648103165,-0.521402047741958,-0.19738550848793063,-0.2294157338705618,-0.42008402520840293,-0.6391014819458268,-0.8575301263340543
0.956023356659554,-1.4343910944134617,0.4156516754860201,-0.14540637897930678,-0.14255028359764893,-0.6043076313522611,-0.05314717948523429,-1.0592525266051358,-1.1934162828797101,1.487565597082189,1.5184811898627333,-0.312079621228754,-0.3626868147605197,-0.2998637292684633,-0.6062354060275328,-0.3865556717425342,-0.3216337604513384,1.5986105077709065,-0.28217393971398413,-0.35380193430804263,-0.38012120648103165,-0.521402047741958,-0.19738550848793063,-0.2294157338705618,-0.42008402520840293,-0.6391014819458268,1.1661397883185811
-1.636582356315508,-1.4343910944134617,0.45455113028330457,-0.14540637897930678,-0.13152915316630429,-0.6043076313522611,-0.05314717948523429,-1.0592525266051358,0.8379305815963921,-0.6722392625652724,1.5184811898627333,-0.312079621228754,-0.3626868147605197,-0.2998637292684633,-0.6062354060275328,-0.3865556717425342,-0.3216337604513384,1.5986105077709065,-0.28217393971398413,-0.35380193430804263,-0.38012120648103165,-0.521402047741958,-0.19738550848793063,-0.2294157338705618,-0.42008402520840293,-0.6391014819458268,-0.8575301263340543
-0.27855079237618985,-0.3246107505732592,1.2952017914228098,-0.6628668023932095,0.46483368965376254,-0.6043076313522611,0.764501735672217,-1.0592525266051358,-1.1934162828797101,-0.6722392625652724,1.5184811898627333,-0.312079621228754,-0.3626868147605197,-0.2998637292684633,1.6495242443074727,-0.3865556717425342,-0.3216337604513384,-0.6255432421712243,-0.28217393971398413,-0.35380193430804263,-0.38012120648103165,1.9179057779514128,-0.19738550848793063,-0.2294157338705618,-0.42008402520840293,1.5646967316604727,-0.8575301263340543
0.33873628214168205,-0.3246107505732592,1.337973590136566,0.6307842561415473,-0.148102067372973,1.6547863176281539,-0.8707960946426856,-1.0592525266051358,-1.1934162828797101,1.487565597082189,-0.6585527740981746,-0.312079621228754,-0.3626868147605197,-0.2998637292684633,-0.6062354060275328,-0.3865556717425342,-0.3216337604513384,-0.6255432421712243,-0.28217393971398413,-0.35380193430804263,-0.38012120648103165,-0.521402047741958,-0.19738550848793063,-0.2294157338705618,-0.42008402520840293,-0.6391014819458268,1.1661397883185811
-0.0933646700208283,0.7851695932669432,-0.5123027394066666,0.009831748044864034,-0.4336404829847017,-0.6043076313522611,0.764501735672217,0.9440619445156881,0.8379305815963921,-0.6722392625652724,-0.6585527740981746,-0.312079621228754,-0.3626868147605197,-0.2998637292684633,-0.6062354060275328,2.586949495507729,-0.3216337604513384,1.5986105077709065,-0.28217393971398413,-0.35380193430804263,-0.38012120648103165,-0.521402047741958,-0.19738550848793063,-0.2294157338705618,-0.42008402520840293,1.5646967316604727,-0.8575301263340543
0.09182145233453327,-1.4343910944134617,-0.48484430072623047,0.4755461291173765,-0.49037395102543613,-0.6043076313522611,-0.05314717948523429,0.9440619445156881,0.8379305815963921,-0.6722392625652724,-0.6585527740981746,-0.312079621228754,-0.3626868147605197,-0.2998637292684633,1.6495242443074727,-0.3865556717425342,-0.3216337604513384,-0.6255432421712243,-0.28217393971398413,-0.35380193430804263,-0.38012120648103165,1.9179057779514128,-0.19738550848793063,-0.2294157338705618,-0.42008402520840293,1.5646967316604727,-0.8575301263340543
0.15355015978632047,0.7851695932669432,-0.24986343124942154,-0.559374717710429,-0.2012925635472418,1.6547863176281539,-0.8707960946426856,-1.0592525266051358,-1.1934162828797101,1.487565597082189,1.5184811898627333,-0.312079621228754,-0.3626868147605197,-0.2998637292684633,-0.6062354060275328,-0.3865556717425342,3.1091263510296048,-0.6255432421712243,-0.28217393971398413,-0.35380193430804263,-0.38012120648103165,-0.521402047741958,-0.19738550848793063,4.358898943540674,-0.42008402520840293,1.5646967316604727,-0.8575301263340543
-1.0810239892494233,1.8949499371071457,-1.3834041049802452,-1.0768351411243318,-0.5389369588625484,-0.6043076313522611,-0.8707960946426856,-1.0592525266051358,-1.1934162828797101,1.487565597082189,-0.6585527740981746,-0.312079621228754,-0.3626868147605197,-0.2998637292684633,-0.6062354060275328,-0.3865556717425342,-0.3216337604513384,-0.6255432421712243,3.5439133784417334,-0.35380193430804263,-0.38012120648103165,-0.521402047741958,-0.19738550848793063,-0.2294157338705618,2.3804761428476167,-0.6391014819458268,-0.8575301263340543
0.33873628214168205,0.7851695932669432,-0.7559083748792536,0.21681591741042514,-0.5220330674411146,-0.6043076313522611,-1.688445009800137,-1.0592525266051358,-1.1934162828797101,-0.6722392625652724,-0.6585527740981746,-0.312079621228754,-0.3626868147605197,-0.2998637292684633,-0.6062354060275328,-0.3865556717425342,3.1091263510296048,-0.6255432421712243,-0.28217393971398413,-0.35380193430804263,-0.38012120648103165,1.9179057779514128,-0.19738550848793063,-0.2294157338705618,-0.42008402520840293,-0.6391014819458268,1.1661397883185811
1.5733104311774257,-1.4343910944134617,-1.0973787020590358,0.42380008677598624,-0.615660982249986,1.6547863176281539,1.5821506508296683,-1.0592525266051358,-1.1934162828797101,1.487565597082189,-0.6585527740981746,-0.312079621228754,2.757199763824596,-0.2998637292684633,1.6495242443074727,-0.3865556717425342,-0.3216337604513384,-0.6255432421712243,-0.28217393971398413,-0.35380193430804263,-0.38012120648103165,-0.521402047741958,-0.19738550848793063,4.358898943540674,-0.42008402520840293,-0.6391014819458268,1.1661397883185811
1.3881243088220643,-1.4343910944134617,-0.7073280602907897,0.42380008677598624,-0.5321641445205512,-0.6043076313522611,-0.8707960946426856,0.9440619445156881,0.8379305815963921,-0.6722392625652724,-0.6585527740981746,-0.312079621228754,-0.3626868147605197,-0.2998637292684633,-0.6062354060275328,-0.3865556717425342,-0.3216337604513384,1.5986105077709065,-0.28217393971398413,-0.35380193430804263,-0.38012120648103165,-0.521402047741958,-0.19738550848793063,-0.2294157338705618,-0.42008402520840293,-0.6391014819458268,1.1661397883185811
-1.1427526967012105,0.7851695932669432,-1.3524253536484712,-0.14540637897930678,-0.6434880898549195,1.6547863176281539,0.764501735672217,0.9440619445156881,-1.1934162828797101,1.487565597082189,1.5184811898627333,-0.312079621228754,-0.3626868147605197,-0.2998637292684633,1.6495242443074727,-0.3865556717425342,-0.3216337604513384,-0.6255432421712243,-0.28217393971398413,2.8264401718316665,-0.38012120648103165,-0.521402047741958,-0.19738550848793063,-0.2294157338705618,2.3804761428476167,-0.6391014819458268,-0.8575301263340543
0.03009274488274608,0.7851695932669432,1.2042017093857236,0.009831748044864034,0.013253753882129163,-0.6043076313522611,-1.688445009800137,0.9440619445156881,0.8379305815963921,-0.6722392625652724,-0.6585527740981746,-0.312079621228754,-0.3626868147605197,3.334848140652303,-0.6062354060275328,-0.3865556717425342,-0.3216337604513384,1.5986105077709065,-0.28217393971398413,-0.35380193430804263,-0.38012120648103165,-0.521402047741958,-0.19738550848793063,-0.2294157338705618,-0.42008402520840293,1.5646967316604727,-0.8575301263340543
-1.0192952817976362,-0.3246107505732592,-1.6326422406949728,1.0447525948726695,-0.7350342519422559,-0.6043076313522611,0.764501735672217,-1.0592525266051358,0.8379305815963921,-0.6722392625652724,1.5184811898627333,-0.312079621228754,-0.3626868147605197,-0.2998637292684633,1.6495242443074727,-0.3865556717425342,-0.3216337604513384,1.5986105077709065,-0.28217393971398413,-0.35380193430804263,-0.38012120648103165,-0.521402047741958,-0.19738550848793063,-0.2294157338705618,2.3804761428476167,-0.6391014819458268,-0.8575301263340543
-0.8341091594422746,-0.3246107505732592,1.7582989207063187,-0.24889846366208732,0.2997816642035773,1.6547863176281539,-0.8707960946426856,0.9440619445156881,0.8379305815963921,-0.6722392625652724,-0.6585527740981746,-0.312079621228754,-0.3626868147605197,-0.2998637292684633,-0.6062354060275328,-0.3865556717425342,-0.3216337604513384,-0.6255432421712243,-0.28217393971398413,-0.35380193430804263,-0.38012120648103165,-0.521402047741958,-0.19738550848793063,-0.2294157338705618,2.3804761428476167,-0.6391014819458268,-0.8575301263340543
1.0177520641113411,1.8949499371071457,-0.5842931331265279,-1.1803272258071122,0.04148905863436521,1.6547863176281539,-0.05314717948523429,-1.0592525266051358,-1.1934162828797101,1.487565597082189,-0.6585527740981746,-0.312079621228754,-0.3626868147605197,-0.2998637292684633,1.6495242443074727,-0.3865556717425342,-0.3216337604513384,-0.6255432421712243,-0.28217393971398413,-0.35380193430804263,-0.38012120648103165,-0.521402047741958,-0.19738550848793063,-0.2294157338705618,-0.42008402520840293,-0.6391014819458268,1.1661397883185811
1.2029381864667028,-0.3246107505732592,0.5230212113518279,0.7860223831657182,-0.3339700183553521,-0.6043076313522611,-0.05314717948523429,0.9440619445156881,-1.1934162828797101,1.487565597082189,-0.6585527740981746,-0.312079621228754,-0.3626868147605197,-0.2998637292684633,1.6495242443074727,-0.3865556717425342,-0.3216337604513384,-0.6255432421712243,-0.28217393971398413,-0.35380193430804263,2.6307398349528825,-0.521402047741958,-0.19738550848793063,-0.2294157338705618,-0.42008402520840293,-0.6391014819458268,1.1661397883185811
-0.648923037086913,-0.3246107505732592,-1.2533285525133075,0.32030800209320565,-0.6442094560685674,-0.6043076313522611,0.764501735672217,0.9440619445156881,0.8379305815963921,-0.6722392625652724,-0.6585527740981746,3.204310477123404,-0.3626868147605197,-0.2998637292684633,-0.6062354060275328,-0.3865556717425342,-0.3216337604513384,1.5986105077709065,-0.28217393971398413,-0.35380193430804263,-0.38012120648103165,-0.521402047741958,-0.19738550848793063,-0.2294157338705618,-0.42008402520840293,1.5646967316604727,-0.8575301263340543
1.0177520641113411,-0.3246107505732592,0.49785097589476146,1.4587209336037916,-0.4215064880476237,-0.6043076313522611,0.764501735672217,0.9440619445156881,-1.1934162828797101,-0.6722392625652724,1.5184811898627333,-0.312079621228754,-0.3626868147605197,-0.2998637292684633,1.6495242443074727,-0.3865556717425342,-0.3216337604513384,1.5986105077709065,-0.28217393971398413,-0.35380193430804263,-0.38012120648103165,-0.521402047741958,-0.19738550848793063,-0.2294157338705618,-0.42008402520840293,-0.6391014819458268,1.1661397883185811
0.33873628214168205,0.7851695932669432,-1.1874987059332875,-1.5425495221968442,0.0058823295484825575,1.6547863176281539,1.5821506508296683,-1.0592525266051358,0.8379305815963921,-0.6722392625652724,-0.6585527740981746,-0.312079621228754,2.757199763824596,-0.2998637292684633,1.6495242443074727,-0.3865556717425342,-0.3216337604513384,-0.6255432421712243,-0.28217393971398413,2.8264401718316665,-0.38012120648103165,-0.521402047741958,-0.19738550848793063,-0.2294157338705618,-0.42008402520840293,-0.6391014819458268,1.1661397883185811
0.27700757468989484,0.7851695932669432,0.7720833314339887,-1.3873113951726732,1.6658825728911422,1.6547863176281539,0.764501735672217,-1.0592525266051358,0.8379305815963921,-0.6722392625652724,1.5184811898627333,-0.312079621228754,-0.3626868147605197,-0.2998637292684633,1.6495242443074727,-0.3865556717425342,-0.3216337604513384,-0.6255432421712243,-0.28217393971398413,-0.35380193430804263,-0.38012120648103165,-0.521402047741958,-0.19738550848793063,-0.2294157338705618,-0.42008402520840293,-0.6391014819458268,1.1661397883185811
1.3881243088220643,-0.3246107505732592,0.869948023141184,-0.559374717710429,0.21359756547177922,-0.6043076313522611,0.764501735672217,-1.0592525266051358,0.8379305815963921,-0.6722392625652724,-0.6585527740981746,3.204310477123404,-0.3626868147605197,-0.2998637292684633,-0.6062354060275328,-0.3865556717425342,-0.3216337604513384,-0.6255432421712243,-0.28217393971398413,-0.35380193430804263,2.6307398349528825,-0.521402047741958,-0.19738550848793063,-0.2294157338705618,-0.42008402520840293,-0.6391014819458268,1.1661397883185811
1.3263956013702771,0.7851695932669432,-1.4224795754100965,-0.8698509717587706,-0.6005705113516834,-0.6043076313522611,0.764501735672217,0.9440619445156881,-1.1934162828797101,1.487565597082189,-0.6585527740981746,3.204310477123404,-0.3626868147605197,-0.2998637292684633,-0.6062354060275328,-0.3865556717425342,-0.3216337604513384,1.5986105077709065,-0.28217393971398413,-0.35380193430804263,-0.38012120648103165,-0.521402047741958,-0.19738550848793063,-0.2294157338705618,-0.42008402520840293,-0.6391014819458268,1.1661397883185811
-1.4513962339601465,-0.3246107505732592,0.1859512749862181,-0.9215970141001608,0.22292656967993696,-0.6043076313522611,-0.05314717948523429,-1.0592525266051358,0.8379305815963921,-0.6722392625652724,-0.6585527740981746,-0.312079621228754,-0.3626868147605197,-0.2998637292684633,1.6495242443074727,-0.3865556717425342,-0.3216337604513384,1.5986105077709065,-0.28217393971398413,-0.35380193430804263,-0.38012120648103165,-0.521402047741958,-0.19738550848793063,-0.2294157338705618,-0.42008402520840293,-0.6391014819458268,-0.8575301263340543
1.1412094790149154,-0.3246107505732592,-1.2691699594443282,0.7860223831657182,-0.6659734208759173,-0.6043076313522611,0.764501735672217,0.9440619445156881,-1.1934162828797101,1.487565597082189,1.5184811898627333,-0.312079621228754,-0.3626868147605197,-0.2998637292684633,1.6495242443074727,-0.3865556717425342,-0.3216337604513384,1.5986105077709065,-0.28217393971398413,-0.35380193430804263,-0.38012120648103165,-0.521402047741958,-0.19738550848793063,-0.2294157338705618,-0.42008402520840293,-0.6391014819458268,1.1661397883185811
-0.03163596256904111,-0.3246107505732592,-1.1859145652401855,0.21681591741042514,-0.6230635426522776,-0.6043076313522611,-0.05314717948523429,0.9440619445156881,0.8379305815963921,-0.6722392625652724,-0.6585527740981746,-0.312079621228754,-0.3626868147605197,-0.2998637292684633,1.6495242443074727,-0.3865556717425342,-0.3216337604513384,-0.6255432421712243,-0.28217393971398413,-0.35380193430804263,-0.38012120648103165,1.9179057779514128,-0.19738550848793063,-0.2294157338705618,-0.42008402520840293,1.5646967316604727,-0.8575301263340543
0.4621936970452564,-0.3246107505732592,1.3869059359901637,0.11332383272764458,0.019086569219961144,1.6547863176281539,0.764501735672217,-1.0592525266051358,-1.1934162828797101,1.487565597082189,-0.6585527740981746,-0.312079621228754,-0.3626868147605197,-0.2998637292684633,-0.6062354060275328,2.586949495507729,-0.3216337604513384,-0.6255432421712243,-0.28217393971398413,-0.35380193430804263,-0.38012120648103165,-0.521402047741958,-0.19738550848793063,-0.2294157338705618,-0.42008402520840293,-0.6391014819458268,1.1661397883185811
1.1412094790149154,0.7851695932669432,1.1851920210684985,1.5104669759451819,-0.32620858931301644,1.6547863176281539,-0.8707960946426856,-1.0592525266051358,-1.1934162828797101,1.487565597082189,-0.6585527740981746,-0.312079621228754,-0.3626868147605197,-0.2998637292684633,-0.6062354060275328,-0.3865556717425342,-0.3216337604513384,-0.6255432421712243,-0.28217393971398413,2.8264401718316665,-0.38012120648103165,-0.521402047741958,-0.19738550848793063,-0.2294157338705618,-0.42008402520840293,-0.6391014819458268,1.1661397883185811
-0.5871943296351259,-0.3246107505732592,-0.6874382938107302,0.5272921714587667,-0.5374849113998262,1.6547863176281539,-0.05314717948523429,0.9440619445156881,0.8379305815963921,-0.6722392625652724,1.5184811898627333,-0.312079621228754,-0.3626868147605197,-0.2998637292684633,-0.6062354060275328,-0.3865556717425342,-0.3216337604513384,-0.6255432421712243,-0.28217393971398413,-0.35380193430804263,-0.38012120648103165,-0.521402047741958,-0.19738550848793063,-0.2294157338705618,-0.42008402520840293,1.5646967316604727,-0.8575301263340543
1.6967678460810003,-0.3246107505732592,1.5139892227034641,-0.7146128447345997,0.6094169141251649,-0.6043076313522611,-0.05314717948523429,-1.0592525266051358,-1.1934162828797101,1.487565597082189,-0.6585527740981746,-0.312079621228754,-0.3626868147605197,-0.2998637292684633,1.6495242443074727,-0.3865556717425342,-0.3216337604513384,1.5986105077709065,-0.28217393971398413,-0.35380193430804263,-0.38012120648103165,-0.521402047741958,-0.19738550848793063,-0.2294157338705618,-0.42008402520840293,-0.6391014819458268,1.1661397883185811
0.5856511119488308,-0.3246107505732592,-0.5517302411016517,-0.7663588870759901,-0.23315839252436787,-0.6043076313522611,-0.05314717948523429,0.9440619445156881,0.8379305815963921,-0.6722392625652724,-0.6585527740981746,-0.312079621228754,-0.3626868147605197,-0.2998637292684633,1.6495242443074727,-0.3865556717425342,-0.3216337604513384,1.5986105077709065,-0.28217393971398413,-0.35380193430804263,-0.38012120648103165,-0.521402047741958,-0.19738550848793063,-0.2294157338705618,-0.42008402520840293,-0.6391014819458268,1.1661397883185811
0.7091085268524052,-0.3246107505732592,1.2246195227634837,0.009831748044864034,0.01856955899662391,1.6547863176281539,-0.05314717948523429,0.9440619445156881,-1.1934162828797101,1.487565597082189,1.5184811898627333,-0.312079621228754,-0.3626868147605197,-0.2998637292684633,-0.6062354060275328,-0.3865556717425342,-0.3216337604513384,-0.6255432421712243,-0.28217393971398413,-0.35380193430804263,-0.38012120648103165,-0.521402047741958,-0.19738550848793063,-0.2294157338705618,-0.42008402520840293,-0.6391014819458268,1.1661397883185811
-0.0933646700208283,0.7851695932669432,-1.2360790205217516,-1.0250890987829415,-0.4680476515858226,-0.6043076313522611,-0.05314717948523429,0.9440619445156881,0.8379305815963921,-0.6722392625652724,-0.6585527740981746,-0.312079621228754,-0.3626868147605197,-0.2998637292684633,1.6495242443074727,-0.3865556717425342,-0.3216337604513384,1.5986105077709065,-0.28217393971398413,-0.35380193430804263,-0.38012120648103165,-0.521402047741958,-0.19738550848793063,-0.2294157338705618,-0.42008402520840293,1.5646967316604727,-0.8575301263340543
0.4621936970452564,1.8949499371071457,-1.1577520640294818,-0.7663588870759901,-0.4985133021405885,-0.6043076313522611,-1.688445009800137,-1.0592525266051358,-1.1934162828797101,1.487565597082189,-0.6585527740981746,-0.312079621228754,-0.3626868147605197,3.334848140652303,-0.6062354060275328,-0.3865556717425342,-0.3216337604513384,-0.6255432421712243,-0.28217393971398413,-0.35380193430804263,-0.38012120648103165,1.9179057779514128,-0.19738550848793063,-0.2294157338705618,-0.42008402520840293,-0.6391014819458268,1.1661397883185811
1.5733104311774257,-0.3246107505732592,-1.53917793980195,-0.3006445060034776,-0.6909219027141558,-0.6043076313522611,-0.8707960946426856,0.9440619445156881,0.8379305815963921,-0.6722392625652724,-0.6585527740981746,-0.312079621228754,-0.3626868147605197,-0.2998637292684633,-0.6062354060275328,-0.3865556717425342,-0.3216337604513384,-0.6255432421712243,-0.28217393971398413,-0.35380193430804263,-0.38012120648103165,1.9179057779514128,-0.19738550848793063,-0.2294157338705618,-0.42008402520840293,-0.6391014819458268,1.1661397883185811
1.2029381864667028,-1.4343910944134617,-1.5671644253800867,-0.5076286753690387,-0.6917099221494638,1.6547863176281539,-0.05314717948523429,-1.0592525266051358,-1.1934162828797101,1.487565597082189,1.5184811898627333,-0.312079621228754,-0.3626868147605197,-0.2998637292684633,-0.6062354060275328,-0.3865556717425342,-0.3216337604513384,-0.6255432421712243,-0.28217393971398413,2.8264401718316665,-0.38012120648103165,-0.521402047741958,-0.19738550848793063,-0.2294157338705618,-0.42008402520840293,-0.6391014819458268,1.1661397883185811
-0.8341091594422746,-0.3246107505732592,-1.5243926266663306,-1.128581183465722,-0.6152088333092129,-0.6043076313522611,0.764501735672217,0.9440619445156881,0.8379305815963921,-0.6722392625652724,-0.6585527740981746,3.204310477123404,-0.3626868147605197,-0.2998637292684633,-0.6062354060275328,-0.3865556717425342,-0.3216337604513384,-0.6255432421712243,-0.28217393971398413,-0.35380193430804263,-0.38012120648103165,1.9179057779514128,-0.19738550848793063,-0.2294157338705618,2.3804761428476167,-0.6391014819458268,-0.8575301263340543
-1.5748536488637208,-0.3246107505732592,-1.0120111202640902,1.4587209336037916,-0.645268042698687,-0.6043076313522611,0.764501735672217,-1.0592525266051358,-1.1934162828797101,1.487565597082189,-0.6585527740981746,3.204310477123404,-0.3626868147605197,-0.2998637292684633,-0.6062354060275328,-0.3865556717425342,-0.3216337604513384,-0.6255432421712243,-0.28217393971398413,-0.35380193430804263,-0.38012120648103165,1.9179057779514128,-0.19738550848793063,-0.2294157338705618,-0.42008402520840293,-0.6391014819458268,-0.8575301263340543
1.5115817237256386,-1.4343910944134617,0.3600307355948803,-0.9215970141001608,0.3111848530532151,1.6547863176281539,1.5821506508296683,-1.0592525266051358,0.8379305815963921,-0.6722392625652724,-0.6585527740981746,-0.312079621228754,2.757199763824596,-0.2998637292684633,1.6495242443074727,-0.3865556717425342,-0.3216337604513384,-0.6255432421712243,-0.28217393971398413,-0.35380193430804263,-0.38012120648103165,-0.521402047741958,-0.19738550848793063,4.358898943540674,-0.42008402520840293,-0.6391014819458268,1.1661397883185811
0.647379819400618,0.7851695932669432,0.7330078610041373,-1.6460416068796246,4.00948357015338,-0.6043076313522611,-0.8707960946426856,-1.0592525266051358,0.8379305815963921,-0.6722392625652724,-0.6585527740981746,-0.312079621228754,-0.3626868147605197,-0.2998637292684633,-0.6062354060275328,-0.3865556717425342,-0.3216337604513384,-0.6255432421712243,-0.28217393971398413,-0.35380193430804263,-0.38012120648103165,1.9179057779514128,-0.19738550848793063,-0.2294157338705618,-0.42008402520840293,-0.6391014819458268,1.1661397883185811
0.4004649895934692,-1.4343910944134617,-1.314581992646588,1.2517367642382307,-0.6859849670956403,-0.6043076313522611,-0.8707960946426856,0.9440619445156881,-1.1934162828797101,-0.6722392625652724,-0.6585527740981746,-0.312079621228754,-0.3626868147605197,-0.2998637292684633,-0.6062354060275328,-0.3865556717425342,-0.3216337604513384,1.5986105077709065,-0.28217393971398413,-0.35380193430804263,-0.38012120648103165,-0.521402047741958,-0.19738550848793063,-0.2294157338705618,-0.42008402520840293,-0.6391014819458268,1.1661397883185811
0.8942946492077668,1.8949499371071457,1.0501880308896876,0.4755461291173765,-0.16891817011655155,1.6547863176281539,0.764501735672217,-1.0592525266051358,0.8379305815963921,-0.6722392625652724,1.5184811898627333,-0.312079621228754,-0.3626868147605197,-0.2998637292684633,1.6495242443074727,-0.3865556717425342,-0.3216337604513384,-0.6255432421712243,-0.28217393971398413,-0.35380193430804263,-0.38012120648103165,-0.521402047741958,-0.19738550848793063,-0.2294157338705618,-0.42008402520840293,-0.6391014819458268,1.1661397883185811
0.09182145233453327,0.7851695932669432,0.22537877668120326,-1.1803272258071122,0.5986011463726651,1.6547863176281539,0.764501735672217,0.9440619445156881,0.8379305815963921,-0.6722392625652724,-0.6585527740981746,-0.312079621228754,-0.3626868147605197,-0.2998637292684633,-0.6062354060275328,2.586949495507729,-0.3216337604513384,-0.6255432421712243,-0.28217393971398413,2.8264401718316665,-0.38012120648103165,-0.521402047741958,-0.19738550848793063,-0.2294157338705618,-0.42008402520840293,1.5646967316604727,-0.8575301263340543
0.956023356659554,-0.3246107505732592,-1.413326762516618,-1.6977876492210149,0.031194596143548824,-0.6043076313522611,-0.05314717948523429,0.9440619445156881,0.8379305815963921,-0.6722392625652724,1.5184811898627333,-0.312079621228754,-0.3626868147605197,-0.2998637292684633,-0.6062354060275328,-0.3865556717425342,-0.3216337604513384,-0.6255432421712243,-0.28217393971398413,-0.35380193430804263,2.6307398349528825,-0.521402047741958,-0.19738550848793063,-0.2294157338705618,-0.42008402520840293,-0.6391014819458268,1.1661397883185811
1.6967678460810003,-0.3246107505732592,-0.6767013402241494,1.0964986372140597,-0.5765754348051378,-0.6043076313522611,0.764501735672217,0.9440619445156881,-1.1934162828797101,-0.6722392625652724,-0.6585527740981746,3.204310477123404,-0.3626868147605197,-0.2998637292684633,-0.6062354060275328,-0.3865556717425342,-0.3216337604513384,1.5986105077709065,-0.28217393971398413,-0.35380193430804263,-0.38012120648103165,-0.521402047741958,-0.19738550848793063,-0.2294157338705618,-0.42008402520840293,-0.6391014819458268,1.1661397883185811
-0.27855079237618985,-0.3246107505732592,-0.22205296130385166,-0.5076286753690387,-0.21180406029000134,-0.6043076313522611,-0.8707960946426856,0.9440619445156881,-1.1934162828797101,1.487565597082189,-0.6585527740981746,-0.312079621228754,-0.3626868147605197,-0.2998637292684633,-0.6062354060275328,-0.3865556717425342,-0.3216337604513384,1.5986105077709065,-0.28217393971398413,-0.35380193430804263,-0.38012120648103165,-0.521402047741958,-0.19738550848793063,-0.2294157338705618,-0.42008402520840293,1.5646967316604727,-0.8575301263340543
-1.1427526967012105,-1.4343910944134617,1.2492617113228495,1.5104669759451819,-0.3168573271288452,1.6547863176281539,-0.05314717948523429,0.9440619445156881,0.8379305815963921,-0.6722392625652724,-0.6585527740981746,-0.312079621228754,-0.3626868147605197,-0.2998637292684633,1.6495242443074727,-0.3865556717425342,-0.3216337604513384,-0.6255432421712243,-0.28217393971398413,-0.35380193430804263,-0.38012120648103165,-0.521402047741958,-0.19738550848793063,4.358898943540674,2.3804761428476167,-0.6391014819458268,-0.8575301263340543
-1.636582356315508,-0.3246107505732592,-0.7041597789045855,-0.8698509717587706,-0.25459179373385693,-0.6043076313522611,-0.8707960946426856,-1.0592525266051358,0.8379305815963921,-0.6722392625652724,-0.6585527740981746,-0.312079621228754,-0.3626868147605197,-0.2998637292684633,-0.6062354060275328,-0.3865556717425342,-0.3216337604513384,-0.6255432421712243,-0.28217393971398413,-0.35380193430804263,-0.38012120648103165,1.9179057779514128,-0.19738550848793063,-0.2294157338705618,-0.42008402520840293,-0.6391014819458268,-0.8575301263340543
-1.4513962339601465,0.7851695932669432,-1.335527852922049,-1.2320732681485025,-0.4540612117832878,-0.6043076313522611,0.764501735672217,0.9440619445156881,0.8379305815963921,-0.6722392625652724,1.5184811898627333,-0.312079621228754,-0.3626868147605197,-0.2998637292684633,1.6495242443074727,-0.3865556717425342,-0.3216337604513384,-0.6255432421712243,-0.28217393971398413,-0.35380193430804263,-0.38012120648103165,1.9179057779514128,-0.19738550848793063,-0.2294157338705618,-0.42008402520840293,-0.6391014819458268,-0.8575301263340543
-1.6983110637672953,-1.4343910944134617,-1.1441988603218307,1.3552288489210111,-0.6620600759340841,-0.6043076313522611,-0.05314717948523429,0.9440619445156881,0.8379305815963921,-0.6722392625652724,1.5184811898627333,-0.312079621228754,-0.3626868147605197,-0.2998637292684633,-0.6062354060275328,-0.3865556717425342,-0.3216337604513384,-0.6255432421712243,-0.28217393971398413,-0.35380193430804263,-0.38012120648103165,-0.521402047741958,5.06622805119022,-0.2294157338705618,-0.42008402520840293,-0.6391014819458268,-0.8575301263340543
1.6350391386292131,0.7851695932669432,1.439710625760233,-1.2838193104898927,1.798673064934446,-0.6043076313522611,1.5821506508296683,0.9440619445156881,0.8379305815963921,-0.6722392625652724,1.5184811898627333,-0.312079621228754,-0.3626868147605197,-0.2998637292684633,-0.6062354060275328,2.586949495507729,-0.3216337604513384,-0.6255432421712243,-0.28217393971398413,-0.35380193430804263,2.6307398349528825,-0.521402047741958,-0.19738550848793063,-0.2294157338705618,-0.42008402520840293,-0.6391014819458268,1.1661397883185811
-1.4513962339601465,0.7851695932669432,0.13385064774641625,-0.7663588870759901,0.06703253775596316,-0.6043076313522611,-0.8707960946426856,-1.0592525266051358,0.8379305815963921,-0.6722392625652724,-0.6585527740981746,-0.312079621228754,-0.3626868147605197,-0.2998637292684633,-0.6062354060275328,-0.3865556717425342,-0.3216337604513384,-0.6255432421712243,-0.28217393971398413,-0.35380193430804263,2.6307398349528825,-0.521402047741958,-0.19738550848793063,-0.2294157338705618,-0.42008402520840293,-0.6391014819458268,-0.8575301263340543
-0.03163596256904111,-0.3246107505732592,-0.8910883806906312,0.21681591741042514,-0.5537937735246893,-0.6043076313522611,-0.8707960946426856,0.9440619445156881,0.8379305815963921,-0.6722392625652724,-0.6585527740981746,-0.312079621228754,-0.3626868147605197,-0.2998637292684633,-0.6062354060275328,-0.3865556717425342,-0.3216337604513384,1.5986105077709065,-0.28217393971398413,-0.35380193430804263,-0.38012120648103165,-0.521402047741958,-0.19738550848793063,-0.2294157338705618,-0.42008402520840293,1.5646967316604727,-0.8575301263340543
-1.5748536488637208,-1.4343910944134617,0.7606423153171403,-0.19715242132069705,-0.023345869837207968,-0.6043076313522611,-2.506093924957588,-1.0592525266051358,-1.1934162828797101,1.487565597082189,-0.6585527740981746,-0.312079621228754,-0.3626868147605197,3.334848140652303,-0.6062354060275328,-0.3865556717425342,3.1091263510296048,1.5986105077709065,-0.28217393971398413,-0.35380193430804263,-0.38012120648103165,-0.521402047741958,-0.19738550848793063,-0.2294157338705618,-0.42008402520840293,-0.6391014819458268,-0.8575301263340543
0.09182145233453327,-0.3246107505732592,1.3381496057691329,0.6825302984829376,-0.16016613931515197,-0.6043076313522611,-0.8707960946426856,0.9440619445156881,0.8379305815963921,-0.6722392625652724,-0.6585527740981746,-0.312079621228754,-0.3626868147605197,-0.2998637292684633,-0.6062354060275328,-0.3865556717425342,-0.3216337604513384,1.5986105077709065,-0.28217393971398413,-0.35380193430804263,-0.38012120648103165,-0.521402047741958,-0.19738550848793063,-0.2294157338705618,-0.42008402520840293,1.5646967316604727,-0.8575301263340543
0.15355015978632047,0.7851695932669432,1.2839367909385282,-1.6977876492210149,6.526879316525283,-0.6043076313522611,-0.8707960946426856,0.9440619445156881,0.8379305815963921,-0.6722392625652724,-0.6585527740981746,-0.312079621228754,-0.3626868147605197,-0.2998637292684633,-0.6062354060275328,-0.3865556717425342,-0.3216337604513384,1.5986105077709065,-0.28217393971398413,-0.35380193430804263,-0.38012120648103165,-0.521402047741958,-0.19738550848793063,-0.2294157338705618,-0.42008402520840293,1.5646967316604727,-0.8575301263340543
0.4004649895934692,0.7851695932669432,0.40913909708104484,-0.9733430564415512,0.3965874589058208,-0.6043076313522611,-0.8707960946426856,-1.0592525266051358,0.8379305815963921,-0.6722392625652724,-0.6585527740981746,-0.312079621228754,-0.3626868147605197,-0.2998637292684633,-0.6062354060275328,-0.3865556717425342,-0.3216337604513384,1.5986105077709065,-0.28217393971398413,-0.35380193430804263,-0.38012120648103165,-0.521402047741958,-0.19738550848793063,-0.2294157338705618,-0.42008402520840293,-0.6391014819458268,1.1661397883185811
0.4621936970452564,0.7851695932669432,0.8370330998511741,1.1999907218968402,-0.33942623874641226,1.6547863176281539,2.3997995659871196,0.9440619445156881,0.8379305815963921,-0.6722392625652724,-0.6585527740981746,-0.312079621228754,2.757199763824596,-0.2998637292684633,-0.6062354060275328,2.586949495507729,-0.3216337604513384,-0.6255432421712243,-0.28217393971398413,-0.35380193430804263,-0.38012120648103165,-0.521402047741958,-0.19738550848793063,-0.2294157338705618,-0.42008402520840293,-0.6391014819458268,1.1661397883185811
0.647379819400618,-0.3246107505732592,-0.43309570475156245,-0.9733430564415512,-0.05414851642737623,1.6547863176281539,-0.8707960946426856,0.9440619445156881,-1.1934162828797101,1.487565597082189,-0.6585527740981746,-0.312079621228754,-0.3626868147605197,-0.2998637292684633,-0.6062354060275328,-0.3865556717425342,-0.3216337604513384,-0.6255432421712243,-0.28217393971398413,2.8264401718316665,-0.38012120648103165,-0.521402047741958,-0.19738550848793063,-0.2294157338705618,-0.42008402520840293,-0.6391014819458268,1.1661397883185811
-0.46373691473155143,-0.3246107505732592,1.5555289119892521,-0.6628668023932095,0.5693224839355492,-0.6043076313522611,-0.8707960946426856,-1.0592525266051358,0.8379305815963921,-0.6722392625652724,1.5184811898627333,-0.312079621228754,-0.3626868147605197,-0.2998637292684633,-0.6062354060275328,-0.3865556717425342,3.1091263510296048,1.5986105077709065,-0.28217393971398413,-0.35380193430804263,-0.38012120648103165,-0.521402047741958,-0.19738550848793063,-0.2294157338705618,-0.42008402520840293,1.5646967316604727,-0.8575301263340543
0.27700757468989484,-0.3246107505732592,-0.601366649485517,-0.7663588870759901,-0.2548923700183482,-0.6043076313522611,1.5821506508296683,0.9440619445156881,0.8379305815963921,-0.6722392625652724,1.5184811898627333,-0.312079621228754,-0.3626868147605197,-0.2998637292684633,-0.6062354060275328,2.586949495507729,-0.3216337604513384,-0.6255432421712243,-0.28217393971398413,-0.35380193430804263,-0.38012120648103165,-0.521402047741958,5.06622805119022,-0.2294157338705618,-0.42008402520840293,-0.6391014819458268,1.1661397883185811
-0.5254656221833386,-0.3246107505732592,1.3080509326001932,0.8377684255071084,-0.19919341779354366,-0.6043076313522611,-0.05314717948523429,0.9440619445156881,-1.1934162828797101,-0.6722392625652724,-0.6585527740981746,-0.312079621228754,-0.3626868147605197,-0.2998637292684633,1.6495242443074727,-0.3865556717425342,-0.3216337604513384,-0.6255432421712243,-0.28217393971398413,-0.35380193430804263,-0.38012120648103165,1.9179057779514128,-0.19738550848793063,-0.2294157338705618,-0.42008402520840293,1.5646967316604727,-0.8575301263340543
1.4498530162738514,-1.4343910944134617,1.2716156966588454,-0.559374717710429,0.36241543318969893,-0.6043076313522611,1.5821506508296683,0.9440619445156881,0.8379305815963921,-0.6722392625652724,1.5184811898627333,-0.312079621228754,-0.3626868147605197,-0.2998637292684633,-0.6062354060275328,2.586949495507729,-0.3216337604513384,-0.6255432421712243,-0.28217393971398413,-0.35380193430804263,-0.38012120648103165,1.9179057779514128,-0.19738550848793063,-0.2294157338705618,-0.42008402520840293,-0.6391014819458268,1.1661397883185811
-1.636582356315508,-0.3246107505732592,-0.19283436629774656,-1.1803272258071122,0.31084064192349115,-0.6043076313522611,-0.05314717948523429,-1.0592525266051358,0.8379305815963921,-0.6722392625652724,1.5184811898627333,-0.312079621228754,-0.3626868147605197,-0.2998637292684633,-0.6062354060275328,-0.3865556717425342,-0.3216337604513384,1.5986105077709065,-0.28217393971398413,-0.35380193430804263,-0.38012120648103165,-0.521402047741958,-0.19738550848793063,-0.2294157338705618,-0.42008402520840293,-0.6391014819458268,-0.8575301263340543
0.15355015978632047,0.7851695932669432,0.9794297465977946,0.8377684255071084,-0.25892186631406733,1.6547863176281539,-0.05314717948523429,0.9440619445156881,0.8379305815963921,-0.6722392625652724,1.5184811898627333,-0.312079621228754,-0.3626868147605197,-0.2998637292684633,-0.6062354060275328,-0.3865556717425342,-0.3216337604513384,-0.6255432421712243,-0.28217393971398413,-0.35380193430804263,-0.38012120648103165,-0.521402047741958,-0.19738550848793063,-0.2294157338705618,-0.42008402520840293,1.5646967316604727,-0.8575301263340543
-1.5131249414119337,0.7851695932669432,-0.727393842403416,1.6657051029693528,-0.6117783989542169,1.6547863176281539,-0.8707960946426856,-1.0592525266051358,-1.1934162828797101,1.487565597082189,1.5184811898627333,-0.312079621228754,-0.3626868147605197,-0.2998637292684633,-0.6062354060275328,-0.3865556717425342,3.1091263510296048,-0.6255432421712243,-0.28217393971398413,2.8264401718316665,-0.38012120648103165,-0.521402047741958,-0.19738550848793063,-0.2294157338705618,-0.42008402520840293,-0.6391014819458268,-0.8575301263340543
-1.7600397712190825,0.7851695932669432,0.4661681620327198,-0.7663588870759901,0.21254228778658327,-0.6043076313522611,-0.8707960946426856,-1.0592525266051358,-1.1934162828797101,1.487565597082189,-0.6585527740981746,-0.312079621228754,-0.3626868147605197,-0.2998637292684633,-0.6062354060275328,-0.3865556717425342,-0.3216337604513384,-0.6255432421712243,-0.28217393971398413,-0.35380193430804263,-0.38012120648103165,1.9179057779514128,-0.19738550848793063,-0.2294157338705618,-0.42008402520840293,-0.6391014819458268,-0.8575301263340543
0.4621936970452564,-0.3246107505732592,-0.8583494730331882,-0.09366033663791651,-0.5106332425789742,-0.6043076313522611,-0.8707960946426856,-1.0592525266051358,-1.1934162828797101,-0.6722392625652724,-0.6585527740981746,-0.312079621228754,-0.3626868147605197,-0.2998637292684633,-0.6062354060275328,-0.3865556717425342,-0.3216337604513384,1.5986105077709065,-0.28217393971398413,-0.35380193430804263,-0.38012120648103165,-0.521402047741958,-0.19738550848793063,-0.2294157338705618,-0.42008402520840293,-0.6391014819458268,1.1661397883185811
0.5856511119488308,0.7851695932669432,1.1802635833566253,-1.0768351411243318,1.0045511635656683,1.6547863176281539,-1.688445009800137,0.9440619445156881,-1.1934162828797101,-0.6722392625652724,-0.6585527740981746,-0.312079621228754,-0.3626868147605197,3.334848140652303,-0.6062354060275328,-0.3865556717425342,-0.3216337604513384,-0.6255432421712243,-0.28217393971398413,2.8264401718316665,-0.38012120648103165,-0.521402047741958,-0.19738550848793063,-0.2294157338705618,-0.42008402520840293,-0.6391014819458268,1.1661397883185811
-1.5131249414119337,-0.3246107505732592,1.3779291387292518,-1.0768351411243318,1.1235581777425916,1.6547863176281539,-1.688445009800137,0.9440619445156881,0.8379305815963921,-0.6722392625652724,-0.6585527740981746,-0.312079621228754,-0.3626868147605197,-0.2998637292684633,-0.6062354060275328,-0.3865556717425342,3.1091263510296048,-0.6255432421712243,-0.28217393971398413,2.8264401718316665,-0.38012120648103165,-0.521402047741958,-0.19738550848793063,-0.2294157338705618,-0.42008402520840293,-0.6391014819458268,-0.8575301263340543
1.6350391386292131,0.7851695932669432,-1.482148874850275,-0.14540637897930678,-0.6802418144155574,1.6547863176281539,-0.05314717948523429,-1.0592525266051358,0.8379305815963921,-0.6722392625652724,1.5184811898627333,-0.312079621228754,-0.3626868147605197,-0.2998637292684633,-0.6062354060275328,-0.3865556717425342,-0.3216337604513384,-0.6255432421712243,-0.28217393971398413,-0.35380193430804263,-0.38012120648103165,-0.521402047741958,-0.19738550848793063,-0.2294157338705618,-0.42008402520840293,-0.6391014819458268,1.1661397883185811
0.15355015978632047,0.7851695932669432,-1.0692162008483321,0.06157779038625431,-0.5832222704135992,-0.6043076313522611,0.764501735672217,0.9440619445156881,-1.1934162828797101,-0.6722392625652724,1.5184811898627333,-0.312079621228754,-0.3626868147605197,-0.2998637292684633,1.6495242443074727,-0.3865556717425342,-0.3216337604513384,-0.6255432421712243,-0.28217393971398413,-0.35380193430804263,-0.38012120648103165,1.9179057779514128,-0.19738550848793063,-0.2294157338705618,-0.42008402520840293,1.5646967316604727,-0.8575301263340543
0.7708372343041924,-1.4343910944134617,1.7621712646227903,-0.14540637897930678,0.2389503851796652,-0.6043076313522611,-0.05314717948523429,0.9440619445156881,0.8379305815963921,-0.6722392625652724,-0.6585527740981746,3.204310477123404,-0.3626868147605197,-0.2998637292684633,-0.6062354060275328,-0.3865556717425342,3.1091263510296048,-0.6255432421712243,-0.28217393971398413,-0.35380193430804263,-0.38012120648103165,1.9179057779514128,-0.19738550848793063,-0.2294157338705618,-0.42008402520840293,-0.6391014819458268,1.1661397883185811
0.956023356659554,0.7851695932669432,0.20091260375440442,-1.335565352831283,0.9457942802607986,-0.6043076313522611,-0.05314717948523429,0.9440619445156881,-1.1934162828797101,1.487565597082189,-0.6585527740981746,-0.312079621228754,-0.3626868147605197,-0.2998637292684633,1.6495242443074727,-0.3865556717425342,-0.3216337604513384,-0.6255432421712243,3.5439133784417334,-0.35380193430804263,-0.38012120648103165,-0.521402047741958,-0.19738550848793063,-0.2294157338705618,-0.42008402520840293,-0.6391014819458268,1.1661397883185811
1.4498530162738514,-0.3246107505732592,-1.07273651349967,1.303482806579621,-0.6494901096533937,-0.6043076313522611,1.5821506508296683,-1.0592525266051358,-1.1934162828797101,1.487565597082189,-0.6585527740981746,-0.312079621228754,2.757199763824596,-0.2998637292684633,1.6495242443074727,-0.3865556717425342,-0.3216337604513384,-0.6255432421712243,-0.28217393971398413,-0.35380193430804263,-0.38012120648103165,1.9179057779514128,-0.19738550848793063,-0.2294157338705618,-0.42008402520840293,-0.6391014819458268,1.1661397883185811
1.6967678460810003,0.7851695932669432,0.26058190319458285,-1.2320732681485025,0.7286560752159205,-0.6043076313522611,0.764501735672217,0.9440619445156881,0.8379305815963921,-0.6722392625652724,-0.6585527740981746,-0.312079621228754,2.757199763824596,-0.2998637292684633,-0.6062354060275328,-0.3865556717425342,-0.3216337604513384,1.5986105077709065,-0.28217393971398413,-0.35380193430804263,-0.38012120648103165,-0.521402047741958,-0.19738550848793063,-0.2294157338705618,-0.42008402520840293,-0.6391014819458268,1.1661397883185811
-0.34027949982797706,-0.3246107505732592,-1.630882084369304,1.303482806579621,-0.736209724039979,1.6547863176281539,0.764501735672217,0.9440619445156881,0.8379305815963921,-0.6722392625652724,-0.6585527740981746,3.204310477123404,-0.3626868147605197,-0.2998637292684633,-0.6062354060275328,-0.3865556717425342,-0.3216337604513384,-0.6255432421712243,-0.28217393971398413,2.8264401718316665,-0.38012120648103165,-0.521402047741958,-0.19738550848793063,-0.2294157338705618,-0.42008402520840293,1.5646967316604727,-0.8575301263340543
-0.957566574345849,-0.3246107505732592,-1.6764701332041305,-0.4041365906862581,-0.7322452479269154,-0.6043076313522611,-0.05314717948523429,-1.0592525266051358,0.8379305815963921,-0.6722392625652724,1.5184811898627333,-0.312079621228754,-0.3626868147605197,-0.2998637292684633,-0.6062354060275328,-0.3865556717425342,-0.3216337604513384,-0.6255432421712243,-0.28217393971398413,-0.35380193430804263,2.6307398349528825,-0.521402047741958,-0.19738550848793063,-0.2294157338705618,2.3804761428476167,-0.6391014819458268,-0.8575301263340543
0.27700757468989484,-0.3246107505732592,0.7615223934799749,-1.2838193104898927,1.2542574809348195,-0.6043076313522611,0.764501735672217,-1.0592525266051358,-1.1934162828797101,1.487565597082189,-0.6585527740981746,-0.312079621228754,2.757199763824596,-0.2998637292684633,-0.6062354060275328,-0.3865556717425342,-0.3216337604513384,-0.6255432421712243,-0.28217393971398413,-0.35380193430804263,-0.38012120648103165,1.9179057779514128,-0.19738550848793063,-0.2294157338705618,-0.42008402520840293,-0.6391014819458268,1.1661397883185811
-0.4020082072797643,-1.4343910944134617,-0.7242255610172119,-1.0250890987829415,-0.17800740457812864,-0.6043076313522611,-0.05314717948523429,-1.0592525266051358,0.8379305815963921,-0.6722392625652724,-0.6585527740981746,-0.312079621228754,-0.3626868147605197,-0.2998637292684633,1.6495242443074727,-0.3865556717425342,-0.3216337604513384,-0.6255432421712243,3.5439133784417334,-0.35380193430804263,-0.38012120648103165,-0.521402047741958,-0.19738550848793063,-0.2294157338705618,-0.42008402520840293,1.5646967316604727,-0.8575301263340543
-0.5254656221833386,-0.3246107505732592,-0.3104128088524345,-1.2320732681485025,0.305549008715542,-0.6043076313522611,0.764501735672217,-1.0592525266051358,-1.1934162828797101,1.487565597082189,-0.6585527740981746,-0.312079621228754,-0.3626868147605197,-0.2998637292684633,-0.6062354060275328,2.586949495507729,-0.3216337604513384,-0.6255432421712243,-0.28217393971398413,-0.35380193430804263,-0.38012120648103165,1.9179057779514128,-0.19738550848793063,-0.2294157338705618,-0.42008402520840293,1.5646967316604727,-0.8575301263340543
0.4621936970452564,0.7851695932669432,1.4275655471131172,-1.1803272258071122,1.4257914853406193,-0.6043076313522611,-0.8707960946426856,-1.0592525266051358,0.8379305815963921,-0.6722392625652724,-0.6585527740981746,-0.312079621228754,-0.3626868147605197,-0.2998637292684633,-0.6062354060275328,-0.3865556717425342,-0.3216337604513384,1.5986105077709065,-0.28217393971398413,-0.35380193430804263,-0.38012120648103165,-0.521402047741958,-0.19738550848793063,-0.2294157338705618,-0.42008402520840293,-0.6391014819458268,1.1661397883185811
-1.2044814041529976,-0.3246107505732592,1.0544124060712932,-0.24889846366208732,0.08788983442017745,1.6547863176281539,-1.688445009800137,-1.0592525266051358,-1.1934162828797101,1.487565597082189,-0.6585527740981746,-0.312079621228754,-0.3626868147605197,3.334848140652303,-0.6062354060275328,-0.3865556717425342,-0.3216337604513384,-0.6255432421712243,-0.28217393971398413,-0.35380193430804263,-0.38012120648103165,-0.521402047741958,-0.19738550848793063,4.358898943540674,2.3804761428476167,-0.6391014819458268,-0.8575301263340543
-0.4020082072797643,-0.3246107505732592,-1.2992686326132679,1.5104669759451819,-0.6888269017569079,-0.6043076313522611,-0.05314717948523429,-1.0592525266051358,-1.1934162828797101,1.487565597082189,1.5184811898627333,-0.312079621228754,-0.3626868147605197,-0.2998637292684633,-0.6062354060275328,-0.3865556717425342,-0.3216337604513384,1.5986105077709065,-0.28217393971398413,-0.35380193430804263,-0.38012120648103165,-0.521402047741958,-0.19738550848793063,-0.2294157338705618,-0.42008402520840293,1.5646967316604727,-0.8575301263340543
-1.3279388190565722,-0.3246107505732592,1.6718752451159717,0.06157779038625431,0.11164438629623862,-0.6043076313522611,-0.05314717948523429,0.9440619445156881,-1.1934162828797101,-0.6722392625652724,1.5184811898627333,-0.312079621228754,-0.3626868147605197,-0.2998637292684633,-0.6062354060275328,-0.3865556717425342,-0.3216337604513384,-0.6255432421712243,-0.28217393971398413,-0.35380193430804263,-0.38012120648103165,-0.521402047741958,5.06622805119022,-0.2294157338705618,-0.42008402520840293,-0.6391014819458268,-0.8575301263340543
0.4621936970452564,-0.3246107505732592,-0.17699295936672574,-0.7146128447345997,-0.09881051098472042,-0.6043076313522611,-0.8707960946426856,-1.0592525266051358,0.8379305815963921,-0.6722392625652724,-0.6585527740981746,-0.312079621228754,-0.3626868147605197,-0.2998637292684633,-0.6062354060275328,-0.3865556717425342,-0.3216337604513384,-0.6255432421712243,-0.28217393971398413,-0.35380193430804263,-0.38012120648103165,1.9179057779514128,-0.19738550848793063,-0.2294157338705618,-0.42008402520840293,-0.6391014819458268,1.1661397883185811
0.27700757468989484,0.7851695932669432,-1.3170462115025245,0.009831748044864034,-0.6431565259456482,-0.6043076313522611,-0.05314717948523429,-1.0592525266051358,-1.1934162828797101,-0.6722392625652724,1.5184811898627333,-0.312079621228754,-0.3626868147605197,-0.2998637292684633,-0.6062354060275328,-0.3865556717425342,-0.3216337604513384,-0.6255432421712243,-0.28217393971398413,-0.35380193430804263,-0.38012120648103165,1.9179057779514128,-0.19738550848793063,-0.2294157338705618,-0.42008402520840293,-0.6391014819458268,1.1661397883185811
0.5856511119488308,-0.3246107505732592,-0.8234983777849424,0.4755461291173765,-0.561292529453219,-0.6043076313522611,-0.8707960946426856,-1.0592525266051358,-1.1934162828797101,-0.6722392625652724,-0.6585527740981746,-0.312079621228754,-0.3626868147605197,-0.2998637292684633,-0.6062354060275328,-0.3865556717425342,-0.3216337604513384,1.5986105077709065,-0.28217393971398413,-0.35380193430804263,-0.38012120648103165,-0.521402047741958,-0.19738550848793063,-0.2294157338705618,-0.42008402520840293,-0.6391014819458268,1.1661397883185811
-0.4020082072797643,-0.3246107505732592,-1.4499380140905327,-0.7146128447345997,-0.6319530881050172,-0.6043076313522611,0.764501735672217,-1.0592525266051358,0.8379305815963921,-0.6722392625652724,1.5184811898627333,-0.312079621228754,-0.3626868147605197,-0.2998637292684633,1.6495242443074727,-0.3865556717425342,-0.3216337604513384,1.5986105077709065,-0.28217393971398413,-0.35380193430804263,-0.38012120648103165,-0.521402047741958,-0.19738550848793063,-0.2294157338705618,-0.42008402520840293,1.5646967316604727,-0.8575301263340543
0.15355015978632047,0.7851695932669432,1.3781051543618188,-0.7146128447345997,0.5525051235365491,-0.6043076313522611,-1.688445009800137,0.9440619445156881,-1.1934162828797101,1.487565597082189,-0.6585527740981746,-0.312079621228754,-0.3626868147605197,-0.2998637292684633,-0.6062354060275328,-0.3865556717425342,3.1091263510296048,1.5986105077709065,-0.28217393971398413,-0.35380193430804263,-0.38012120648103165,-0.521402047741958,-0.19738550848793063,-0.2294157338705618,-0.42008402520840293,1.5646967316604727,-0.8575301263340543
-0.0933646700208283,-1.4343910944134617,-0.3538886700964583,0.11332383272764458,-0.41088968311139346,-0.6043076313522611,-0.8707960946426856,-1.0592525266051358,-1.1934162828797101,1.487565597082189,-0.6585527740981746,-0.312079621228754,-0.3626868147605197,-0.2998637292684633,-0.6062354060275328,-0.3865556717425342,-0.3216337604513384,1.5986105077709065,-0.28217393971398413,-0.35380193430804263,-0.38012120648103165,-0.521402047741958,-0.19738550848793063,-0.2294157338705618,-0.42008402520840293,1.5646967316604727,-0.8575301263340543
-0.0933646700208283,-0.3246107505732592,-0.817161815012534,-1.490803479855454,0.3569537783161776,-0.6043076313522611,0.764501735672217,0.9440619445156881,0.8379305815963921,-0.6722392625652724,1.5184811898627333,-0.312079621228754,-0.3626868147605197,-0.2998637292684633,1.6495242443074727,-0.3865556717425342,-0.3216337604513384,1.5986105077709065,-0.28217393971398413,-0.35380193430804263,-0.38012120648103165,-0.521402047741958,-0.19738550848793063,-0.2294157338705618,-0.42008402520840293,1.5646967316604727,-0.8575301263340543
0.5239224044970436,-1.4343910944134617,-0.6772293871218501,-0.14540637897930678,-0.45218919241311867,1.6547863176281539,-1.688445009800137,-1.0592525266051358,0.8379305815963921,-0.6722392625652724,-0.6585527740981746,-0.312079621228754,-0.3626868147605197,-0.2998637292684633,-0.6062354060275328,-0.3865556717425342,3.1091263510296048,-0.6255432421712243,-0.28217393971398413,2.8264401718316665,-0.38012120648103165,-0.521402047741958,-0.19738550848793063,-0.2294157338705618,-0.42008402520840293,-0.6391014819458268,1.1661397883185811
-0.7106517445387002,-1.4343910944134617,0.8546346631078638,0.8895144678484986,-0.29033353951733154,-0.6043076313522611,0.764501735672217,0.9440619445156881,0.8379305815963921,-0.6722392625652724,-0.6585527740981746,-0.312079621228754,2.757199763824596,-0.2998637292684633,-0.6062354060275328,-0.3865556717425342,-0.3216337604513384,1.5986105077709065,-0.28217393971398413,-0.35380193430804263,-0.38012120648103165,-0.521402047741958,-0.19738550848793063,-0.2294157338705618,2.3804761428476167,-0.6391014819458268,-0.8575301263340543
-1.5131249414119337,-1.4343910944134617,-0.7823107197642882,0.06157779038625431,-0.5104917335589768,1.6547863176281539,-1.688445009800137,0.9440619445156881,-1.1934162828797101,1.487565597082189,-0.6585527740981746,-0.312079621228754,-0.3626868147605197,-0.2998637292684633,-0.6062354060275328,-0.3865556717425342,3.1091263510296048,-0.6255432421712243,-0.28217393971398413,-0.35380193430804263,-0.38012120648103165,-0.521402047741958,-0.19738550848793063,-0.2294157338705618,-0.42008402520840293,-0.6391014819458268,-0.8575301263340543
0.956023356659554,-0.3246107505732592,-1.331831524638144,-0.8181049294173803,-0.5662475622940673,-0.6043076313522611,-0.05314717948523429,0.9440619445156881,-1.1934162828797101,-0.6722392625652724,-0.6585527740981746,-0.312079621228754,2.757199763824596,-0.2998637292684633,-0.6062354060275328,-0.3865556717425342,3.1091263510296048,-0.6255432421712243,-0.28217393971398413,-0.35380193430804263,2.6307398349528825,-0.521402047741958,-0.19738550848793063,-0.2294157338705618,-0.42008402520840293,-0.6391014819458268,1.1661397883185811
1.1412094790149154,0.7851695932669432,-1.1445508915869644,-0.3523905483448679,-0.5621378513859687,1.6547863176281539,-0.05314717948523429,0.9440619445156881,0.8379305815963921,-0.6722392625652724,-0.6585527740981746,-0.312079621228754,-0.3626868147605197,-0.2998637292684633,1.6495242443074727,-0.3865556717425342,-0.3216337604513384,-0.6255432421712243,-0.28217393971398413,-0.35380193430804263,-0.38012120648103165,-0.521402047741958,-0.19738550848793063,4.358898943540674,-0.42008402520840293,-0.6391014819458268,1.1661397883185811
1.1412094790149154,-0.3246107505732592,-0.9421329141350316,1.1999907218968402,-0.6250713320798265,-0.6043076313522611,0.764501735672217,-1.0592525266051358,0.8379305815963921,-0.6722392625652724,-0.6585527740981746,3.204310477123404,-0.3626868147605197,-0.2998637292684633,-0.6062354060275328,-0.3865556717425342,-0.3216337604513384,-0.6255432421712243,-0.28217393971398413,-0.35380193430804263,-0.38012120648103165,-0.521402047741958,5.06622805119022,-0.2294157338705618,-0.42008402520840293,-0.6391014819458268,1.1661397883185811
-1.266210111604785,0.7851695932669432,-1.2158372227765581,0.37205404443459594,-0.6384739515344476,-0.6043076313522611,-0.05314717948523429,-1.0592525266051358,0.8379305815963921,-0.6722392625652724,-0.6585527740981746,-0.312079621228754,-0.3626868147605197,-0.2998637292684633,1.6495242443074727,-0.3865556717425342,-0.3216337604513384,-0.6255432421712243,3.5439133784417334,-0.35380193430804263,-0.38012120648103165,-0.521402047741958,-0.19738550848793063,-0.2294157338705618,2.3804761428476167,-0.6391014819458268,-0.8575301263340543
1.1412094790149154,-0.3246107505732592,-0.39824460950331664,1.4587209336037916,-0.5543078490558497,-0.6043076313522611,-0.05314717948523429,0.9440619445156881,0.8379305815963921,-0.6722392625652724,1.5184811898627333,-0.312079621228754,-0.3626868147605197,-0.2998637292684633,-0.6062354060275328,-0.3865556717425342,-0.3216337604513384,1.5986105077709065,-0.28217393971398413,-0.35380193430804263,-0.38012120648103165,-0.521402047741958,-0.19738550848793063,-0.2294157338705618,-0.42008402520840293,-0.6391014819458268,1.1661397883185811
0.15355015978632047,1.8949499371071457,-0.30583640240569515,0.4755461291173765,-0.4528873635716653,-0.6043076313522611,0.764501735672217,0.9440619445156881,0.8379305815963921,-0.6722392625652724,-0.6585527740981746,-0.312079621228754,2.757199763824596,-0.2998637292684633,-0.6062354060275328,-0.3865556717425342,-0.3216337604513384,-0.6255432421712243,-0.28217393971398413,-0.35380193430804263,-0.38012120648103165,1.9179057779514128,-0.19738550848793063,-0.2294157338705618,-0.42008402520840293,1.5646967316604727,-0.8575301263340543
-1.6983110637672953,0.7851695932669432,-0.2165964766942778,-0.19715242132069705,-0.3086107470158811,-0.6043076313522611,0.764501735672217,-1.0592525266051358,0.8379305815963921,-0.6722392625652724,-0.6585527740981746,3.204310477123404,-0.3626868147605197,-0.2998637292684633,-0.6062354060275328,-0.3865556717425342,-0.3216337604513384,1.5986105077709065,-0.28217393971398413,-0.35380193430804263,-0.38012120648103165,-0.521402047741958,-0.19738550848793063,-0.2294157338705618,-0.42008402520840293,-0.6391014819458268,-0.8575301263340543
-1.266210111604785,0.7851695932669432,1.046315686973216,1.14824467955545,-0.2982466781712339,-0.6043076313522611,2.3997995659871196,-1.0592525266051358,0.8379305815963921,-0.6722392625652724,-0.6585527740981746,-0.312079621228754,2.757199763824596,-0.2998637292684633,-0.6062354060275328,2.586949495507729,-0.3216337604513384,1.5986105077709065,-0.28217393971398413,-0.35380193430804263,-0.38012120648103165,-0.521402047741958,-0.19738550848793063,-0.2294157338705618,2.3804761428476167,-0.6391014819458268,-0.8575301263340543
-0.7723804519904874,0.7851695932669432,0.20179268191723893,0.4755461291173765,-0.34658321586598667,-0.6043076313522611,1.5821506508296683,0.9440619445156881,0.8379305815963921,-0.6722392625652724,1.5184811898627333,-0.312079621228754,-0.3626868147605197,-0.2998637292684633,-0.6062354060275328,2.586949495507729,-0.3216337604513384,1.5986105077709065,-0.28217393971398413,-0.35380193430804263,-0.38012120648103165,-0.521402047741958,-0.19738550848793063,-0.2294157338705618,2.3804761428476167,-0.6391014819458268,-0.8575301263340543
0.15355015978632047,-0.3246107505732592,-0.8819355677971525,-1.5942955645382344,0.6229445223803605,-0.6043076313522611,-0.8707960946426856,-1.0592525266051358,0.8379305815963921,-0.6722392625652724,-0.6585527740981746,-0.312079621228754,-0.3626868147605197,-0.2998637292684633,-0.6062354060275328,-0.3865556717425342,-0.3216337604513384,-0.6255432421712243,-0.28217393971398413,-0.35380193430804263,-0.38012120648103165,1.9179057779514128,-0.19738550848793063,-0.2294157338705618,-0.42008402520840293,1.5646967316604727,-0.8575301263340543
-1.1427526967012105,-0.3246107505732592,-0.42323882932781615,-1.490803479855454,0.8312862764959715,-0.6043076313522611,0.764501735672217,-1.0592525266051358,0.8379305815963921,-0.6722392625652724,1.5184811898627333,-0.312079621228754,-0.3626868147605197,-0.2998637292684633,1.6495242443074727,-0.3865556717425342,-0.3216337604513384,1.5986105077709065,-0.28217393971398413,-0.35380193430804263,-0.38012120648103165,-0.521402047741958,-0.19738550848793063,-0.2294157338705618,2.3804761428476167,-0.6391014819458268,-0.8575301263340543
-0.957566574345849,0.7851695932669432,-0.9905372130909287,1.0447525948726695,-0.6265185061567088,-0.6043076313522611,-0.8707960946426856,-1.0592525266051358,-1.1934162828797101,1.487565597082189,-0.6585527740981746,-0.312079621228754,-0.3626868147605197,-0.2998637292684633,-0.6062354060275328,-0.3865556717425342,-0.3216337604513384,1.5986105077709065,-0.28217393971398413,-0.35380193430804263,-0.38012120648103165,-0.521402047741958,-0.19738550848793063,-0.2294157338705618,2.3804761428476167,-0.6391014819458268,-0.8575301263340543
0.956023356659554,1.8949499371071457,-1.5208723140149925,-1.490803479855454,-0.4904015960014345,-0.6043076313522611,-0.8707960946426856,0.9440619445156881,0.8379305815963921,-0.6722392625652724,-0.6585527740981746,-0.312079621228754,-0.3626868147605197,-0.2998637292684633,-0.6062354060275328,-0.3865556717425342,-0.3216337604513384,-0.6255432421712243,-0.28217393971398413,-0.35380193430804263,2.6307398349528825,-0.521402047741958,-0.19738550848793063,-0.2294157338705618,-0.42008402520840293,-0.6391014819458268,1.1661397883185811
0.5856511119488308,-1.4343910944134617,0.6046924648628687,1.0964986372140597,-0.36375360578606913,-0.6043076313522611,1.5821506508296683,0.9440619445156881,0.8379305815963921,-0.6722392625652724,-0.6585527740981746,3.204310477123404,-0.3626868147605197,-0.2998637292684633,1.6495242443074727,-0.3865556717425342,-0.3216337604513384,-0.6255432421712243,-0.28217393971398413,-0.35380193430804263,2.6307398349528825,-0.521402047741958,-0.19738550848793063,-0.2294157338705618,-0.42008402520840293,-0.6391014819458268,1.1661397883185811
0.27700757468989484,-0.3246107505732592,0.3844969085216791,-1.335565352831283,1.1065640570425113,-0.6043076313522611,-0.05314717948523429,0.9440619445156881,0.8379305815963921,-0.6722392625652724,1.5184811898627333,-0.312079621228754,-0.3626868147605197,-0.2998637292684633,-0.6062354060275328,-0.3865556717425342,-0.3216337604513384,1.5986105077709065,-0.28217393971398413,-0.35380193430804263,-0.38012120648103165,-0.521402047741958,-0.19738550848793063,-0.2294157338705618,-0.42008402520840293,-0.6391014819458268,1.1661397883185811
-1.636582356315508,-1.4343910944134617,-0.023859359033524413,-1.2838193104898927,0.6237923016443101,-0.6043076313522611,0.764501735672217,0.9440619445156881,-1.1934162828797101,1.487565597082189,1.5184811898627333,-0.312079621228754,-0.3626868147605197,-0.2998637292684633,1.6495242443074727,-0.3865556717425342,-0.3216337604513384,-0.6255432421712243,3.5439133784417334,-0.35380193430804263,-0.38012120648103165,-0.521402047741958,-0.19738550848793063,-0.2294157338705618,-0.42008402520840293,-0.6391014819458268,-0.8575301263340543
0.15355015978632047,-0.3246107505732592,0.06942892622693157,1.562213018286572,-0.49299871083614577,-0.6043076313522611,2.3997995659871196,-1.0592525266051358,0.8379305815963921,-0.6722392625652724,-0.6585527740981746,3.204310477123404,-0.3626868147605197,-0.2998637292684633,-0.6062354060275328,2.586949495507729,-0.3216337604513384,-0.6255432421712243,-0.28217393971398413,-0.35380193430804263,2.6307398349528825,-0.521402047741958,-0.19738550848793063,-0.2294157338705618,-0.42008402520840293,1.5646967316604727,-0.8575301263340543
-1.266210111604785,-1.4343910944134617,0.5842746514851085,-1.4390574375140637,1.7336295558503139,-0.6043076313522611,-0.8707960946426856,0.9440619445156881,0.8379305815963921,-0.6722392625652724,-0.6585527740981746,-0.312079621228754,-0.3626868147605197,-0.2998637292684633,-0.6062354060275328,-0.3865556717425342,-0.3216337604513384,-0.6255432421712243,-0.28217393971398413,-0.35380193430804263,-0.38012120648103165,1.9179057779514128,-0.19738550848793063,-0.2294157338705618,2.3804761428476167,-0.6391014819458268,-0.8575301263340543
1.2029381864667028,0.7851695932669432,0.45877550546491014,-1.2838193104898927,1.0112274252692712,-0.6043076313522611,1.5821506508296683,-1.0592525266051358,-1.1934162828797101,1.487565597082189,-0.6585527740981746,3.204310477123404,-0.3626868147605197,-0.2998637292684633,1.6495242443074727,-0.3865556717425342,-0.3216337604513384,1.5986105077709065,-0.28217393971398413,-0.35380193430804263,-0.38012120648103165,-0.521402047741958,-0.19738550848793063,-0.2294157338705618,-0.42008402520840293,-0.6391014819458268,1.1661397883185811
-1.5748536488637208,-1.4343910944134617,-0.3262542157834553,-1.6977876492210149,2.649136963219873,1.6547863176281539,-0.05314717948523429,-1.0592525266051358,0.8379305815963921,-0.6722392625652724,-0.6585527740981746,-0.312079621228754,-0.3626868147605197,-0.2998637292684633,1.6495242443074727,-0.3865556717425342,-0.3216337604513384,-0.6255432421712243,-0.28217393971398413,-0.35380193430804263,-0.38012120648103165,-0.521402047741958,-0.19738550848793063,-0.2294157338705618,-0.42008402520840293,-0.6391014819458268,-0.8575301263340543
0.21527886723810766,0.7851695932669432,-0.14812639562575444,-1.2320732681485025,0.42580323661731434,1.6547863176281539,-0.8707960946426856,0.9440619445156881,-1.1934162828797101,1.487565597082189,-0.6585527740981746,-0.312079621228754,-0.3626868147605197,-0.2998637292684633,-0.6062354060275328,-0.3865556717425342,-0.3216337604513384,-0.6255432421712243,-0.28217393971398413,2.8264401718316665,-0.38012120648103165,-0.521402047741958,-0.19738550848793063,-0.2294157338705618,-0.42008402520840293,1.5646967316604727,-0.8575301263340543
-1.266210111604785,1.8949499371071457,-0.45228140870135436,-0.14540637897930678,-0.3884561395114967,-0.6043076313522611,-2.506093924957588,-1.0592525266051358,0.8379305815963921,-0.6722392625652724,-0.6585527740981746,-0.312079621228754,-0.3626868147605197,3.334848140652303,-0.6062354060275328,-0.3865556717425342,3.1091263510296048,1.5986105077709065,-0.28217393971398413,-0.35380193430804263,-0.38012120648103165,-0.521402047741958,-0.19738550848793063,-0.2294157338705618,2.3804761428476167,-0.6391014819458268,-0.8575301263340543
0.21527886723810766,-1.4343910944134617,-0.6650843084747341,-0.04191429429652624,-0.46565115137890634,-0.6043076313522611,-0.8707960946426856,0.9440619445156881,0.8379305815963921,-0.6722392625652724,1.5184811898627333,-0.312079621228754,-0.3626868147605197,-0.2998637292684633,-0.6062354060275328,-0.3865556717425342,3.1091263510296048,-0.6255432421712243,-0.28217393971398413,-0.35380193430804263,-0.38012120648103165,1.9179057779514128,-0.19738550848793063,-0.2294157338705618,-0.42008402520840293,1.5646967316604727,-0.8575301263340543
-0.46373691473155143,0.7851695932669432,-1.2549126932064096,0.009831748044864034,-0.626979981071367,-0.6043076313522611,-1.688445009800137,-1.0592525266051358,0.8379305815963921,-0.6722392625652724,-0.6585527740981746,-0.312079621228754,-0.3626868147605197,3.334848140652303,-0.6062354060275328,-0.3865556717425342,-0.3216337604513384,1.5986105077709065,-0.28217393971398413,-0.35380193430804263,-0.38012120648103165,-0.521402047741958,-0.19738550848793063,-0.2294157338705618,-0.42008402520840293,1.5646967316604727,-0.8575301263340543
-0.0933646700208283,-0.3246107505732592,0.6828434057225714,-1.5425495221968442,2.579740174899429,-0.6043076313522611,1.5821506508296683,-1.0592525266051358,0.8379305815963921,-0.6722392625652724,-0.6585527740981746,-0.312079621228754,2.757199763824596,-0.2998637292684633,1.6495242443074727,-0.3865556717425342,-0.3216337604513384,-0.6255432421712243,-0.28217393971398413,-0.35380193430804263,2.6307398349528825,-0.521402047741958,-0.19738550848793063,-0.2294157338705618,-0.42008402520840293,1.5646967316604727,-0.8575301263340543
1.3881243088220643,0.7851695932669432,-0.31058882448500136,0.9930065525312792,-0.5072966256187156,-0.6043076313522611,-0.8707960946426856,0.9440619445156881,0.8379305815963921,-0.6722392625652724,1.5184811898627333,-0.312079621228754,-0.3626868147605197,-0.2998637292684633,-0.6062354060275328,-0.3865556717425342,3.1091263510296048,-0.6255432421712243,-0.28217393971398413,-0.35380193430804263,-0.38012120648103165,1.9179057779514128,-0.19738550848793063,-0.2294157338705618,-0.42008402520840293,-0.6391014819458268,1.1661397883185811
-1.636582356315508,1.8949499371071457,-0.1991709290701549,0.37205404443459594,-0.41589335932659244,-0.6043076313522611,-0.05314717948523429,-1.0592525266051358,-1.1934162828797101,-0.6722392625652724,1.5184811898627333,-0.312079621228754,-0.3626868147605197,-0.2998637292684633,-0.6062354060275328,-0.3865556717425342,-0.3216337604513384,1.5986105077709065,-0.28217393971398413,-0.35380193430804263,-0.38012120648103165,-0.521402047741958,-0.19738550848793063,-0.2294157338705618,-0.42008402520840293,-0.6391014819458268,-0.8575301263340543
1.1412094790149154,-1.4343910944134617,1.3212521050427106,0.4755461291173765,-0.11215381939992698,-0.6043076313522611,-0.8707960946426856,0.9440619445156881,0.8379305815963921,-0.6722392625652724,-0.6585527740981746,-0.312079621228754,-0.3626868147605197,3.334848140652303,1.6495242443074727,-0.3865556717425342,-0.3216337604513384,-0.6255432421712243,-0.28217393971398413,-0.35380193430804263,-0.38012120648103165,1.9179057779514128,-0.19738550848793063,-0.2294157338705618,-0.42008402520840293,-0.6391014819458268,1.1661397883185811
1.5115817237256386,0.7851695932669432,0.1586688519383489,1.0964986372140597,-0.4378319731946296,1.6547863176281539,1.5821506508296683,0.9440619445156881,0.8379305815963921,-0.6722392625652724,1.5184811898627333,-0.312079621228754,-0.3626868147605197,-0.2998637292684633,-0.6062354060275328,2.586949495507729,-0.3216337604513384,-0.6255432421712243,-0.28217393971398413,-0.35380193430804263,-0.38012120648103165,-0.521402047741958,-0.19738550848793063,-0.2294157338705618,-0.42008402520840293,-0.6391014819458268,1.1661397883185811
-0.7723804519904874,-0.3246107505732592,-0.7411230617436341,1.562213018286572,-0.609536726074589,-0.6043076313522611,-0.8707960946426856,0.9440619445156881,-1.1934162828797101,1.487565597082189,1.5184811898627333,-0.312079621228754,-0.3626868147605197,-0.2998637292684633,-0.6062354060275328,-0.3865556717425342,3.1091263510296048,-0.6255432421712243,-0.28217393971398413,-0.35380193430804263,2.6307398349528825,-0.521402047741958,-0.19738550848793063,-0.2294157338705618,2.3804761428476167,-0.6391014819458268,-0.8575301263340543
1.0177520641113411,-0.3246107505732592,-0.2847145264976674,0.7860223831657182,-0.48360305844245427,1.6547863176281539,0.764501735672217,-1.0592525266051358,0.8379305815963921,-0.6722392625652724,1.5184811898627333,-0.312079621228754,-0.3626868147605197,-0.2998637292684633,1.6495242443074727,-0.3865556717425342,-0.3216337604513384,-0.6255432421712243,-0.28217393971398413,-0.35380193430804263,-0.38012120648103165,-0.521402047741958,-0.19738550848793063,4.358898943540674,-0.42008402520840293,-0.6391014819458268,1.1661397883185811
1.5733104311774257,0.7851695932669432,-1.4817968435851412,1.4587209336037916,-0.7148902844058085,-0.6043076313522611,-0.8707960946426856,-1.0592525266051358,0.8379305815963921,-0.6722392625652724,-0.6585527740981746,-0.312079621228754,-0.3626868147605197,-0.2998637292684633,-0.6062354060275328,-0.3865556717425342,-0.3216337604513384,1.5986105077709065,-0.28217393971398413,-0.35380193430804263,-0.38012120648103165,-0.521402047741958,-0.19738550848793063,-0.2294157338705618,-0.42008402520840293,-0.6391014819458268,1.1661397883185811
0.7091085268524052,-1.4343910944134617,-1.5867021605950125,0.7342763408243278,-0.7242432205268233,1.6547863176281539,-0.05314717948523429,0.9440619445156881,0.8379305815963921,-0.6722392625652724,-0.6585527740981746,-0.312079621228754,2.757199763824596,-0.2998637292684633,-0.6062354060275328,-0.3865556717425342,3.1091263510296048,-0.6255432421712243,-0.28217393971398413,2.8264401718316665,-0.38012120648103165,-0.521402047741958,-0.19738550848793063,-0.2294157338705618,-0.42008402520840293,-0.6391014819458268,1.1661397883185811
-0.27855079237618985,-0.3246107505732592,1.1139056898789048,1.1999907218968402,-0.2949743460066556,-0.6043076313522611,-0.05314717948523429,-1.0592525266051358,0.8379305815963921,-0.6722392625652724,1.5184811898627333,-0.312079621228754,-0.3626868147605197,-0.2998637292684633,-0.6062354060275328,-0.3865556717425342,-0.3216337604513384,1.5986105077709065,-0.28217393971398413,-0.35380193430804263,-0.38012120648103165,-0.521402047741958,-0.19738550848793063,-0.2294157338705618,-0.42008402520840293,1.5646967316604727,-0.8575301263340543
0.647379819400618,-0.3246107505732592,0.2882163575075859,-1.3873113951726732,1.1997735335716595,1.6547863176281539,-0.8707960946426856,-1.0592525266051358,-1.1934162828797101,1.487565597082189,-0.6585527740981746,-0.312079621228754,-0.3626868147605197,-0.2998637292684633,-0.6062354060275328,-0.3865556717425342,-0.3216337604513384,-0.6255432421712243,-0.28217393971398413,-0.35380193430804263,-0.38012120648103165,-0.521402047741958,-0.19738550848793063,4.358898943540674,-0.42008402520840293,-0.6391014819458268,1.1661397883185811
0.4004649895934692,-1.4343910944134617,0.08967072397212485,-0.3006445060034776,-0.18477033441806048,1.6547863176281539,-0.05314717948523429,-1.0592525266051358,0.8379305815963921,-0.6722392625652724,1.5184811898627333,-0.312079621228754,-0.3626868147605197,-0.2998637292684633,-0.6062354060275328,-0.3865556717425342,-0.3216337604513384,-0.6255432421712243,-0.28217393971398413,-0.35380193430804263,-0.38012120648103165,-0.521402047741958,-0.19738550848793063,4.358898943540674,-0.42008402520840293,-0.6391014819458268,1.1661397883185811
1.2029381864667028,0.7851695932669432,1.2908014006086372,-1.335565352831283,1.900239589783679,1.6547863176281539,-0.05314717948523429,0.9440619445156881,0.8379305815963921,-0.6722392625652724,1.5184811898627333,-0.312079621228754,-0.3626868147605197,-0.2998637292684633,-0.6062354060275328,-0.3865556717425342,-0.3216337604513384,-0.6255432421712243,-0.28217393971398413,2.8264401718316665,-0.38012120648103165,-0.521402047741958,-0.19738550848793063,-0.2294157338705618,-0.42008402520840293,-0.6391014819458268,1.1661397883185811
1.1412094790149154,-0.3246107505732592,-0.5376489904962999,-0.24889846366208732,-0.3913703807313234,1.6547863176281539,-0.05314717948523429,0.9440619445156881,0.8379305815963921,-0.6722392625652724,1.5184811898627333,-0.312079621228754,-0.3626868147605197,-0.2998637292684633,-0.6062354060275328,-0.3865556717425342,-0.3216337604513384,-0.6255432421712243,-0.28217393971398413,-0.35380193430804263,-0.38012120648103165,-0.521402047741958,-0.19738550848793063,4.358898943540674,-0.42008402520840293,-0.6391014819458268,1.1661397883185811
0.956023356659554,0.7851695932669432,-0.3931401561588766,-0.4041365906862581,-0.3059584469988852,-0.6043076313522611,-0.05314717948523429,0.9440619445156881,0.8379305815963921,-0.6722392625652724,-0.6585527740981746,-0.312079621228754,-0.3626868147605197,3.334848140652303,-0.6062354060275328,2.586949495507729,-0.3216337604513384,-0.6255432421712243,-0.28217393971398413,-0.35380193430804263,-0.38012120648103165,-0.521402047741958,5.06622805119022,-0.2294157338705618,-0.42008402520840293,-0.6391014819458268,1.1661397883185811
-0.7106517445387002,-0.3246107505732592,-1.506615047777074,-1.6460416068796246,-0.3053737716444372,-0.6043076313522611,-2.506093924957588,-1.0592525266051358,0.8379305815963921,-0.6722392625652724,-0.6585527740981746,-0.312079621228754,-0.3626868147605197,3.334848140652303,-0.6062354060275328,-0.3865556717425342,3.1091263510296048,1.5986105077709065,-0.28217393971398413,-0.35380193430804263,-0.38012120648103165,-0.521402047741958,-0.19738550848793063,-0.2294157338705618,2.3804761428476167,-0.6391014819458268,-0.8575301263340543
-0.957566574345849,-0.3246107505732592,-1.2406554269684908,0.16506987506903484,-0.6329980681977551,-0.6043076313522611,0.764501735672217,-1.0592525266051358,0.8379305815963921,-0.6722392625652724,1.5184811898627333,-0.312079621228754,-0.3626868147605197,-0.2998637292684633,1.6495242443074727,-0.3865556717425342,-0.3216337604513384,1.5986105077709065,-0.28217393971398413,-0.35380193430804263,-0.38012120648103165,-0.521402047741958,-0.19738550848793063,-0.2294157338705618,2.3804761428476167,-0.6391014819458268,-0.8575301263340543
1.2029381864667028,0.7851695932669432,1.0815188134865956,-0.14540637897930678,0.04610553731536806,-0.6043076313522611,-0.05314717948523429,0.9440619445156881,0.8379305815963921,-0.6722392625652724,1.5184811898627333,-0.312079621228754,-0.3626868147605197,-0.2998637292684633,-0.6062354060275328,-0.3865556717425342,-0.3216337604513384,1.5986105077709065,-0.28217393971398413,-0.35380193430804263,-0.38012120648103165,-0.521402047741958,-0.19738550848793063,-0.2294157338705618,-0.42008402520840293,-0.6391014819458268,1.1661397883185811
-1.3279388190565722,-0.3246107505732592,-1.5798375509249034,-0.4558826330276484,-0.6982589048233601,-0.6043076313522611,0.764501735672217,0.9440619445156881,0.8379305815963921,-0.6722392625652724,-0.6585527740981746,-0.312079621228754,-0.3626868147605197,-0.2998637292684633,-0.6062354060275328,2.586949495507729,-0.3216337604513384,-0.6255432421712243,-0.28217393971398413,-0.35380193430804263,-0.38012120648103165,1.9179057779514128,-0.19738550848793063,-0.2294157338705618,-0.42008402520840293,-0.6391014819458268,-0.8575301263340543
0.21527886723810766,-0.3246107505732592,-1.5740290350501958,-1.0768351411243318,-0.6537050767197238,-0.6043076313522611,-0.8707960946426856,0.9440619445156881,0.8379305815963921,-0.6722392625652724,-0.6585527740981746,-0.312079621228754,-0.3626868147605197,-0.2998637292684633,-0.6062354060275328,-0.3865556717425342,-0.3216337604513384,-0.6255432421712243,-0.28217393971398413,-0.35380193430804263,-0.38012120648103165,1.9179057779514128,-0.19738550848793063,-0.2294157338705618,-0.42008402520840293,1.5646967316604727,-0.8575301263340543
-0.4020082072797643,1.8949499371071457,-0.8680303328243676,-1.0768351411243318,-0.22864974825699957,-0.6043076313522611,0.764501735672217,-1.0592525266051358,-1.1934162828797101,-0.6722392625652724,-0.6585527740981746,-0.312079621228754,-0.3626868147605197,-0.2998637292684633,-0.6062354060275328,2.586949495507729,-0.3216337604513384,-0.6255432421712243,-0.28217393971398413,-0.35380193430804263,-0.38012120648103165,1.9179057779514128,-0.19738550848793063,-0.2294157338705618,-0.42008402520840293,1.5646967316604727,-0.8575301263340543
-1.3896675265083593,0.7851695932669432,-1.3694988700074602,-0.6111207600518193,-0.6106421290074044,1.6547863176281539,-0.05314717948523429,0.9440619445156881,-1.1934162828797101,-0.6722392625652724,1.5184811898627333,-0.312079621228754,-0.3626868147605197,-0.2998637292684633,-0.6062354060275328,-0.3865556717425342,-0.3216337604513384,-0.6255432421712243,-0.28217393971398413,-0.35380193430804263,-0.38012120648103165,-0.521402047741958,-0.19738550848793063,4.358898943540674,-0.42008402520840293,-0.6391014819458268,-0.8575301263340543
-1.7600397712190825,-0.3246107505732592,1.6822601674374187,0.6307842561415473,-0.08041813919805901,-0.6043076313522611,-1.688445009800137,0.9440619445156881,-1.1934162828797101,1.487565597082189,-0.6585527740981746,-0.312079621228754,-0.3626868147605197,3.334848140652303,-0.6062354060275328,-0.3865556717425342,-0.3216337604513384,-0.6255432421712243,3.5439133784417334,-0.35380193430804263,-0.38012120648103165,-0.521402047741958,-0.19738550848793063,-0.2294157338705618,-0.42008402520840293,-0.6391014819458268,-0.8575301263340543
1.6967678460810003,0.7851695932669432,-0.516703130220839,0.21681591741042514,-0.46583150550416386,1.6547863176281539,-0.8707960946426856,0.9440619445156881,0.8379305815963921,-0.6722392625652724,-0.6585527740981746,-0.312079621228754,-0.3626868147605197,-0.2998637292684633,-0.6062354060275328,-0.3865556717425342,-0.3216337604513384,-0.6255432421712243,-0.28217393971398413,-0.35380193430804263,-0.38012120648103165,-0.521402047741958,-0.19738550848793063,-0.2294157338705618,-0.42008402520840293,-0.6391014819458268,1.1661397883185811
-0.27855079237618985,-0.3246107505732592,-0.803432595672316,-0.7663588870759901,-0.34336969683781415,-0.6043076313522611,2.3997995659871196,-1.0592525266051358,-1.1934162828797101,-0.6722392625652724,-0.6585527740981746,-0.312079621228754,2.757199763824596,-0.2998637292684633,-0.6062354060275328,2.586949495507729,-0.3216337604513384,-0.6255432421712243,3.5439133784417334,-0.35380193430804263,-0.38012120648103165,-0.521402047741958,-0.19738550848793063,-0.2294157338705618,-0.42008402520840293,1.5646967316604727,-0.8575301263340543
-0.15509337747261548,0.7851695932669432,1.3937705456602727,1.1999907218968402,-0.2500420450173275,1.6547863176281539,-0.8707960946426856,0.9440619445156881,-1.1934162828797101,1.487565597082189,-0.6585527740981746,-0.312079621228754,-0.3626868147605197,-0.2998637292684633,-0.6062354060275328,-0.3865556717425342,-0.3216337604513384,-0.6255432421712243,-0.28217393971398413,-0.35380193430804263,-0.38012120648103165,-0.521402047741958,-0.19738550848793063,4.358898943540674,-0.42008402520840293,1.5646967316604727,-0.8575301263340543
0.33873628214168205,-0.3246107505732592,-1.047038231144903,-0.04191429429652624,-0.5678556515328287,1.6547863176281539,-0.8707960946426856,-1.0592525266051358,0.8379305815963921,-0.6722392625652724,-0.6585527740981746,-0.312079621228754,-0.3626868147605197,-0.2998637292684633,-0.6062354060275328,-0.3865556717425342,-0.3216337604513384,-0.6255432421712243,-0.28217393971398413,2.8264401718316665,-0.38012120648103165,-0.521402047741958,-0.19738550848793063,-0.2294157338705618,-0.42008402520840293,-0.6391014819458268,1.1661397883185811
-1.3279388190565722,0.7851695932669432,0.6934043436765852,0.6307842561415473,-0.2748191149069888,-0.6043076313522611,-0.05314717948523429,0.9440619445156881,0.8379305815963921,-0.6722392625652724,1.5184811898627333,-0.312079621228754,-0.3626868147605197,-0.2998637292684633,-0.6062354060275328,-0.3865556717425342,-0.3216337604513384,1.5986105077709065,-0.28217393971398413,-0.35380193430804263,-0.38012120648103165,-0.521402047741958,-0.19738550848793063,-0.2294157338705618,-0.42008402520840293,-0.6391014819458268,-0.8575301263340543
1.0794807715631283,-0.3246107505732592,-0.16414381818934218,-1.6460416068796246,2.281031206812963,-0.6043076313522611,-0.05314717948523429,-1.0592525266051358,-1.1934162828797101,-0.6722392625652724,-0.6585527740981746,-0.312079621228754,-0.3626868147605197,3.334848140652303,-0.6062354060275328,2.586949495507729,-0.3216337604513384,-0.6255432421712243,-0.28217393971398413,-0.35380193430804263,-0.38012120648103165,1.9179057779514128,-0.19738550848793063,-0.2294157338705618,-0.42008402520840293,-0.6391014819458268,1.1661397883185811
-1.0192952817976362,0.7851695932669432,1.2196910850516105,0.8377684255071084,-0.21525323630307922,-0.6043076313522611,-0.05314717948523429,0.9440619445156881,0.8379305815963921,-0.6722392625652724,-0.6585527740981746,-0.312079621228754,-0.3626868147605197,-0.2998637292684633,1.6495242443074727,-0.3865556717425342,-0.3216337604513384,1.5986105077709065,-0.28217393971398413,-0.35380193430804263,-0.38012120648103165,-0.521402047741958,-0.19738550848793063,-0.2294157338705618,2.3804761428476167,-0.6391014819458268,-0.8575301263340543
0.7091085268524052,-0.3246107505732592,-1.4203673878192937,1.3552288489210111,-0.7042875573670015,1.6547863176281539,-0.8707960946426856,-1.0592525266051358,0.8379305815963921,-0.6722392625652724,1.5184811898627333,-0.312079621228754,-0.3626868147605197,-0.2998637292684633,-0.6062354060275328,-0.3865556717425342,3.1091263510296048,-0.6255432421712243,-0.28217393971398413,-0.35380193430804263,-0.38012120648103165,-0.521402047741958,-0.19738550848793063,-0.2294157338705618,-0.42008402520840293,-0.6391014819458268,1.1661397883185811
1.0794807715631283,0.7851695932669432,0.4862339441453462,1.3552288489210111,-0.41275914507805156,-0.6043076313522611,-0.8707960946426856,-1.0592525266051358,0.8379305815963921,-0.6722392625652724,1.5184811898627333,-0.312079621228754,-0.3626868147605197,-0.2998637292684633,-0.6062354060275328,-0.3865556717425342,3.1091263510296048,-0.6255432421712243,-0.28217393971398413,-0.35380193430804263,-0.38012120648103165,1.9179057779514128,-0.19738550848793063,-0.2294157338705618,-0.42008402520840293,-0.6391014819458268,1.1661397883185811
1.6350391386292131,-0.3246107505732592,1.5189176604153372,0.8895144678484986,-0.17183283795637821,-0.6043076313522611,0.764501735672217,0.9440619445156881,0.8379305815963921,-0.6722392625652724,-0.6585527740981746,-0.312079621228754,-0.3626868147605197,-0.2998637292684633,-0.6062354060275328,2.586949495507729,-0.3216337604513384,-0.6255432421712243,-0.28217393971398413,-0.35380193430804263,-0.38012120648103165,1.9179057779514128,-0.19738550848793063,-0.2294157338705618,-0.42008402520840293,-0.6391014819458268,1.1661397883185811
-1.5131249414119337,1.8949499371071457,-0.9834965877882528,1.0964986372140597,-0.6275298919452802,-0.6043076313522611,0.764501735672217,0.9440619445156881,-1.1934162828797101,1.487565597082189,-0.6585527740981746,-0.312079621228754,-0.3626868147605197,-0.2998637292684633,-0.6062354060275328,2.586949495507729,-0.3216337604513384,-0.6255432421712243,-0.28217393971398413,-0.35380193430804263,-0.38012120648103165,1.9179057779514128,-0.19738550848793063,-0.2294157338705618,-0.42008402520840293,-0.6391014819458268,-0.8575301263340543
0.33873628214168205,-0.3246107505732592,-0.9935294788445659,-0.7663588870759901,-0.42660620638922814,-0.6043076313522611,-0.05314717948523429,-1.0592525266051358,0.8379305815963921,-0.6722392625652724,-0.6585527740981746,-0.312079621228754,-0.3626868147605197,-0.2998637292684633,1.6495242443074727,-0.3865556717425342,-0.3216337604513384,-0.6255432421712243,-0.28217393971398413,-0.35380193430804263,2.6307398349528825,-0.521402047741958,-0.19738550848793063,-0.2294157338705618,-0.42008402520840293,-0.6391014819458268,1.1661397883185811
-0.34027949982797706,-0.3246107505732592,0.19721627547049958,0.6307842561415473,-0.37236563511408616,-0.6043076313522611,0.764501735672217,-1.0592525266051358,0.8379305815963921,-0.6722392625652724,1.5184811898627333,-0.312079621228754,-0.3626868147605197,-0.2998637292684633,1.6495242443074727,-0.3865556717425342,-0.3216337604513384,-0.6255432421712243,-0.28217393971398413,-0.35380193430804263,-0.38012120648103165,1.9179057779514128,-0.19738550848793063,-0.2294157338705618,-0.42008402520840293,1.5646967316604727,-0.8575301263340543
-1.266210111604785,0.7851695932669432,-0.5473298502874793,-0.04191429429652624,-0.43414202206878005,-0.6043076313522611,-0.05314717948523429,0.9440619445156881,-1.1934162828797101,1.487565597082189,-0.6585527740981746,-0.312079621228754,-0.3626868147605197,-0.2998637292684633,1.6495242443074727,-0.3865556717425342,-0.3216337604513384,1.5986105077709065,-0.28217393971398413,-0.35380193430804263,-0.38012120648103165,-0.521402047741958,-0.19738550848793063,-0.2294157338705618,2.3804761428476167,-0.6391014819458268,-0.8575301263340543
1.6350391386292131,-0.3246107505732592,0.7398724706742463,1.717451145310743,-0.4118790694611896,1.6547863176281539,-0.05314717948523429,0.9440619445156881,-1.1934162828797101,-0.6722392625652724,-0.6585527740981746,3.204310477123404,-0.3626868147605197,-0.2998637292684633,-0.6062354060275328,-0.3865556717425342,3.1091263510296048,-0.6255432421712243,-0.28217393971398413,-0.35380193430804263,-0.38012120648103165,-0.521402047741958,-0.19738550848793063,-0.2294157338705618,-0.42008402520840293,-0.6391014819458268,1.1661397883185811
0.03009274488274608,-0.3246107505732592,1.0037199038920266,-1.335565352831283,1.6488345026015379,-0.6043076313522611,0.764501735672217,0.9440619445156881,-1.1934162828797101,1.487565597082189,1.5184811898627333,-0.312079621228754,-0.3626868147605197,-0.2998637292684633,1.6495242443074727,-0.3865556717425342,-0.3216337604513384,-0.6255432421712243,-0.28217393971398413,-0.35380193430804263,-0.38012120648103165,1.9179057779514128,-0.19738550848793063,-0.2294157338705618,-0.42008402520840293,1.5646967316604727,-0.8575301263340543
0.03009274488274608,1.8949499371071457,0.28205581036774446,0.7860223831657182,-0.37860885729177457,1.6547863176281539,-0.8707960946426856,-1.0592525266051358,0.8379305815963921,-0.6722392625652724,-0.6585527740981746,-0.312079621228754,-0.3626868147605197,-0.2998637292684633,-0.6062354060275328,-0.3865556717425342,-0.3216337604513384,-0.6255432421712243,-0.28217393971398413,-0.35380193430804263,-0.38012120648103165,-0.521402047741958,-0.19738550848793063,4.358898943540674,-0.42008402520840293,1.5646967316604727,-0.8575301263340543
0.15355015978632047,-1.4343910944134617,0.9725651369276856,0.21681591741042514,-0.11592612246623922,-0.6043076313522611,0.764501735672217,-1.0592525266051358,0.8379305815963921,-0.6722392625652724,-0.6585527740981746,3.204310477123404,-0.3626868147605197,-0.2998637292684633,-0.6062354060275328,-0.3865556717425342,-0.3216337604513384,-0.6255432421712243,-0.28217393971398413,-0.35380193430804263,-0.38012120648103165,1.9179057779514128,-0.19738550848793063,-0.2294157338705618,-0.42008402520840293,1.5646967316604727,-0.8575301263340543
-1.5748536488637208,0.7851695932669432,0.3596787043297465,0.5790382138001571,-0.3318315495068639,-0.6043076313522611,-0.05314717948523429,-1.0592525266051358,-1.1934162828797101,1.487565597082189,-0.6585527740981746,-0.312079621228754,-0.3626868147605197,-0.2998637292684633,1.6495242443074727,-0.3865556717425342,-0.3216337604513384,-0.6255432421712243,-0.28217393971398413,-0.35380193430804263,-0.38012120648103165,1.9179057779514128,-0.19738550848793063,-0.2294157338705618,-0.42008402520840293,-0.6391014819458268,-0.8575301263340543
0.5856511119488308,-1.4343910944134617,0.3022976081129377,0.7860223831657182,-0.374859064393536,-0.6043076313522611,-0.8707960946426856,-1.0592525266051358,0.8379305815963921,-0.6722392625652724,-0.6585527740981746,-0.312079621228754,-0.3626868147605197,-0.2998637292684633,-0.6062354060275328,-0.3865556717425342,-0.3216337604513384,-0.6255432421712243,-0.28217393971398413,-0.35380193430804263,2.6307398349528825,-0.521402047741958,-0.19738550848793063,-0.2294157338705618,-0.42008402520840293,-0.6391014819458268,1.1661397883185811
-0.46373691473155143,-1.4343910944134617,-0.38627554648876755,-0.9215970141001608,-0.0671924184358638,1.6547863176281539,-0.05314717948523429,-1.0592525266051358,0.8379305815963921,-0.6722392625652724,1.5184811898627333,-0.312079621228754,-0.3626868147605197,-0.2998637292684633,-0.6062354060275328,-0.3865556717425342,-0.3216337604513384,-0.6255432421712243,-0.28217393971398413,2.8264401718316665,-0.38012120648103165,-0.521402047741958,-0.19738550848793063,-0.2294157338705618,-0.42008402520840293,1.5646967316604727,-0.8575301263340543
0.8942946492077668,-0.3246107505732592,-0.17646491246902504,-1.6460416068796246,2.2572933874223744,-0.6043076313522611,0.764501735672217,-1.0592525266051358,0.8379305815963921,-0.6722392625652724,-0.6585527740981746,3.204310477123404,-0.3626868147605197,-0.2998637292684633,-0.6062354060275328,-0.3865556717425342,-0.3216337604513384,-0.6255432421712243,-0.28217393971398413,-0.35380193430804263,-0.38012120648103165,-0.521402047741958,5.06622805119022,-0.2294157338705618,-0.42008402520840293,-0.6391014819458268,1.1661397883185811
0.21527886723810766,-0.3246107505732592,-1.5243926266663306,0.2685619597518154,-0.7037896552596026,1.6547863176281539,-0.8707960946426856,-1.0592525266051358,-1.1934162828797101,-0.6722392625652724,-0.6585527740981746,-0.312079621228754,-0.3626868147605197,-0.2998637292684633,-0.6062354060275328,-0.3865556717425342,-0.3216337604513384,-0.6255432421712243,-0.28217393971398413,2.8264401718316665,-0.38012120648103165,-0.521402047741958,-0.19738550848793063,-0.2294157338705618,-0.42008402520840293,1.5646967316604727,-0.8575301263340543
1.5733104311774257,-1.4343910944134617,-0.1173236599265473,1.7691971876521333,-0.5329845931853812,1.6547863176281539,-0.05314717948523429,0.9440619445156881,0.8379305815963921,-0.6722392625652724,1.5184811898627333,-0.312079621228754,-0.3626868147605197,-0.2998637292684633,-0.6062354060275328,-0.3865556717425342,-0.3216337604513384,-0.6255432421712243,-0.28217393971398413,-0.35380193430804263,-0.38012120648103165,-0.521402047741958,-0.19738550848793063,4.358898943540674,-0.42008402520840293,-0.6391014819458268,1.1661397883185811
0.27700757468989484,-0.3246107505732592,0.700797000244395,1.4069748912624014,-0.38578033620965585,-0.6043076313522611,1.5821506508296683,0.9440619445156881,-1.1934162828797101,1.487565597082189,1.5184811898627333,-0.312079621228754,-0.3626868147605197,-0.2998637292684633,-0.6062354060275328,2.586949495507729,-0.3216337604513384,1.5986105077709065,-0.28217393971398413,-0.35380193430804263,-0.38012120648103165,-0.521402047741958,-0.19738550848793063,-0.2294157338705618,-0.42008402520840293,-0.6391014819458268,1.1661397883185811
-0.34027949982797706,0.7851695932669432,1.0792306102632259,-0.9733430564415512,0.7551980875564961,-0.6043076313522611,-0.05314717948523429,0.9440619445156881,-1.1934162828797101,1.487565597082189,-0.6585527740981746,-0.312079621228754,-0.3626868147605197,-0.2998637292684633,1.6495242443074727,-0.3865556717425342,-0.3216337604513384,-0.6255432421712243,-0.28217393971398413,-0.35380193430804263,2.6307398349528825,-0.521402047741958,-0.19738550848793063,-0.2294157338705618,-0.42008402520840293,1.5646967316604727,-0.8575301263340543
0.15355015978632047,-1.4343910944134617,-1.1105798745015532,-0.6111207600518193,-0.5108754652258171,-0.6043076313522611,-0.05314717948523429,-1.0592525266051358,0.8379305815963921,-0.6722392625652724,-0.6585527740981746,-0.312079621228754,-0.3626868147605197,-0.2998637292684633,1.6495242443074727,-0.3865556717425342,-0.3216337604513384,1.5986105077709065,-0.28217393971398413,-0.35380193430804263,-0.38012120648103165,-0.521402047741958,-0.19738550848793063,-0.2294157338705618,-0.42008402520840293,1.5646967316604727,-0.8575301263340543
-0.0933646700208283,-0.3246107505732592,-0.6316413382870235,0.42380008677598624,-0.5159621408095145,1.6547863176281539,-1.688445009800137,-1.0592525266051358,0.8379305815963921,-0.6722392625652724,-0.6585527740981746,-0.312079621228754,-0.3626868147605197,3.334848140652303,-0.6062354060275328,-0.3865556717425342,-0.3216337604513384,-0.6255432421712243,-0.28217393971398413,2.8264401718316665,-0.38012120648103165,-0.521402047741958,-0.19738550848793063,-0.2294157338705618,-0.42008402520840293,1.5646967316604727,-0.8575301263340543
-0.7106517445387002,-0.3246107505732592,1.1895924118826708,-0.3006445060034776,0.15702144754458275,1.6547863176281539,0.764501735672217,0.9440619445156881,0.8379305815963921,-0.6722392625652724,1.5184811898627333,-0.312079621228754,-0.3626868147605197,-0.2998637292684633,1.6495242443074727,-0.3865556717425342,-0.3216337604513384,-0.6255432421712243,-0.28217393971398413,2.8264401718316665,-0.38012120648103165,-0.521402047741958,-0.19738550848793063,-0.2294157338705618,2.3804761428476167,-0.6391014819458268,-0.8575301263340543
-1.1427526967012105,-0.3246107505732592,1.68842071457726,-1.6460416068796246,5.8501819080407245,-0.6043076313522611,-0.05314717948523429,0.9440619445156881,0.8379305815963921,-0.6722392625652724,-0.6585527740981746,-0.312079621228754,2.757199763824596,-0.2998637292684633,-0.6062354060275328,-0.3865556717425342,3.1091263510296048,-0.6255432421712243,-0.28217393971398413,-0.35380193430804263,-0.38012120648103165,1.9179057779514128,-0.19738550848793063,-0.2294157338705618,2.3804761428476167,-0.6391014819458268,-0.8575301263340543
-1.4513962339601465,0.7851695932669432,1.2976660102787463,-1.0250890987829415,0.9676914665970368,-0.6043076313522611,2.3997995659871196,-1.0592525266051358,0.8379305815963921,-0.6722392625652724,-0.6585527740981746,3.204310477123404,-0.3626868147605197,-0.2998637292684633,-0.6062354060275328,2.586949495507729,-0.3216337604513384,-0.6255432421712243,-0.28217393971398413,-0.35380193430804263,-0.38012120648103165,1.9179057779514128,-0.19738550848793063,-0.2294157338705618,-0.42008402520840293,-0.6391014819458268,-0.8575301263340543
-0.4020082072797643,-0.3246107505732592,-0.21325217967550675,-0.04191429429652624,-0.3447484085700958,1.6547863176281539,-0.05314717948523429,0.9440619445156881,-1.1934162828797101,1.487565597082189,-0.6585527740981746,-0.312079621228754,-0.3626868147605197,-0.2998637292684633,1.6495242443074727,-0.3865556717425342,-0.3216337604513384,-0.6255432421712243,-0.28217393971398413,2.8264401718316665,-0.38012120648103165,-0.521402047741958,-0.19738550848793063,-0.2294157338705618,-0.42008402520840293,1.5646967316604727,-0.8575301263340543
-0.5254656221833386,0.7851695932669432,-0.9621986962476581,0.32030800209320565,-0.5789896001349574,-0.6043076313522611,0.764501735672217,0.9440619445156881,-1.1934162828797101,1.487565597082189,-0.6585527740981746,-0.312079621228754,2.757199763824596,-0.2998637292684633,-0.6062354060275328,-0.3865556717425342,-0.3216337604513384,1.5986105077709065,-0.28217393971398413,-0.35380193430804263,-0.38012120648103165,-0.521402047741958,-0.19738550848793063,-0.2294157338705618,-0.42008402520840293,1.5646967316604727,-0.8575301263340543
0.956023356659554,0.7851695932669432,-1.2881796477615532,-1.6460416068796246,0.11546385498013784,-0.6043076313522611,-1.688445009800137,0.9440619445156881,0.8379305815963921,-0.6722392625652724,-0.6585527740981746,-0.312079621228754,-0.3626868147605197,3.334848140652303,-0.6062354060275328,-0.3865556717425342,-0.3216337604513384,-0.6255432421712243,-0.28217393971398413,-0.35380193430804263,2.6307398349528825,-0.521402047741958,-0.19738550848793063,-0.2294157338705618,-0.42008402520840293,-0.6391014819458268,1.1661397883185811
0.09182145233453327,-1.4343910944134617,0.7393444237765456,-0.14540637897930678,-0.05084051498569061,-0.6043076313522611,-1.688445009800137,0.9440619445156881,-1.1934162828797101,-0.6722392625652724,-0.6585527740981746,-0.312079621228754,-0.3626868147605197,3.334848140652303,-0.6062354060275328,-0.3865556717425342,-0.3216337604513384,1.5986105077709065,-0.28217393971398413,-0.35380193430804263,-0.38012120648103165,-0.521402047741958,-0.19738550848793063,-0.2294157338705618,-0.42008402520840293,1.5646967316604727,-0.8575301263340543
1.5733104311774257,-1.4343910944134617,1.2751360093101833,1.6139590606279626,-0.326019690190033,-0.6043076313522611,-1.688445009800137,0.9440619445156881,-1.1934162828797101,-0.6722392625652724,-0.6585527740981746,-0.312079621228754,-0.3626868147605197,3.334848140652303,-0.6062354060275328,-0.3865556717425342,-0.3216337604513384,-0.6255432421712243,-0.28217393971398413,-0.35380193430804263,-0.38012120648103165,1.9179057779514128,-0.19738550848793063,-0.2294157338705618,-0.42008402520840293,-0.6391014819458268,1.1661397883185811
-0.46373691473155143,-0.3246107505732592,0.6604894203865753,-0.24889846366208732,-0.03069329012477102,-0.6043076313522611,-0.05314717948523429,0.9440619445156881,0.8379305815963921,-0.6722392625652724,-0.6585527740981746,-0.312079621228754,-0.3626868147605197,-0.2998637292684633,1.6495242443074727,-0.3865556717425342,-0.3216337604513384,-0.6255432421712243,-0.28217393971398413,-0.35380193430804263,-0.38012120648103165,1.9179057779514128,-0.19738550848793063,-0.2294157338705618,-0.42008402520840293,1.5646967316604727,-0.8575301263340543
1.4498530162738514,-1.4343910944134617,-0.2760897605018894,-1.1803272258071122,0.2535549859451833,1.6547863176281539,-1.688445009800137,-1.0592525266051358,0.8379305815963921,-0.6722392625652724,-0.6585527740981746,-0.312079621228754,-0.3626868147605197,3.334848140652303,-0.6062354060275328,-0.3865556717425342,-0.3216337604513384,-0.6255432421712243,-0.28217393971398413,-0.35380193430804263,-0.38012120648103165,-0.521402047741958,-0.19738550848793063,-0.2294157338705618,-0.42008402520840293,-0.6391014819458268,1.1661397883185811
-1.6983110637672953,-0.3246107505732592,1.7237998567232067,0.8377684255071084,-0.12362909245584837,-0.6043076313522611,0.764501735672217,0.9440619445156881,-1.1934162828797101,-0.6722392625652724,1.5184811898627333,-0.312079621228754,-0.3626868147605197,-0.2998637292684633,1.6495242443074727,-0.3865556717425342,-0.3216337604513384,1.5986105077709065,-0.28217393971398413,-0.35380193430804263,-0.38012120648103165,-0.521402047741958,-0.19738550848793063,-0.2294157338705618,-0.42008402520840293,-0.6391014819458268,-0.8575301263340543
-0.27855079237618985,0.7851695932669432,-1.559947784444844,1.2517367642382307,-0.7247326488643525,-0.6043076313522611,-0.05314717948523429,-1.0592525266051358,0.8379305815963921,-0.6722392625652724,-0.6585527740981746,-0.312079621228754,-0.3626868147605197,-0.2998637292684633,1.6495242443074727,-0.3865556717425342,-0.3216337604513384,-0.6255432421712243,-0.28217393971398413,-0.35380193430804263,2.6307398349528825,-0.521402047741958,-0.19738550848793063,-0.2294157338705618,-0.42008402520840293,1.5646967316604727,-0.8575301263340543
1.3881243088220643,-0.3246107505732592,-1.3358798841871826,1.7691971876521333,-0.698313490208564,-0.6043076313522611,-1.688445009800137,0.9440619445156881,-1.1934162828797101,1.487565597082189,-0.6585527740981746,-0.312079621228754,-0.3626868147605197,-0.2998637292684633,-0.6062354060275328,-0.3865556717425342,3.1091263510296048,-0.6255432421712243,-0.28217393971398413,-0.35380193430804263,-0.38012120648103165,1.9179057779514128,-0.19738550848793063,-0.2294157338705618,-0.42008402520840293,-0.6391014819458268,1.1661397883185811
-0.0933646700208283,-1.4343910944134617,0.427972769765703,1.6139590606279626,-0.44603032540736726,-0.6043076313522611,-1.688445009800137,0.9440619445156881,0.8379305815963921,-0.6722392625652724,-0.6585527740981746,-0.312079621228754,-0.3626868147605197,-0.2998637292684633,-0.6062354060275328,-0.3865556717425342,3.1091263510296048,-0.6255432421712243,-0.28217393971398413,-0.35380193430804263,2.6307398349528825,-0.521402047741958,-0.19738550848793063,-0.2294157338705618,-0.42008402520840293,1.5646967316604727,-0.8575301263340543
0.8942946492077668,-0.3246107505732592,1.0901435794823735,1.2517367642382307,-0.3062354489291073,-0.6043076313522611,0.764501735672217,-1.0592525266051358,0.8379305815963921,-0.6722392625652724,-0.6585527740981746,3.204310477123404,-0.3626868147605197,-0.2998637292684633,-0.6062354060275328,-0.3865556717425342,-0.3216337604513384,-0.6255432421712243,-0.28217393971398413,-0.35380193430804263,-0.38012120648103165,-0.521402047741958,5.06622805119022,-0.2294157338705618,-0.42008402520840293,-0.6391014819458268,1.1661397883185811
0.4004649895934692,0.7851695932669432,0.6838994995179728,-1.6460416068796246,3.914871404296606,1.6547863176281539,1.5821506508296683,-1.0592525266051358,-1.1934162828797101,1.487565597082189,-0.6585527740981746,3.204310477123404,-0.3626868147605197,-0.2998637292684633,1.6495242443074727,-0.3865556717425342,-0.3216337604513384,-0.6255432421712243,-0.28217393971398413,-0.35380193430804263,-0.38012120648103165,-0.521402047741958,-0.19738550848793063,-0.2294157338705618,-0.42008402520840293,-0.6391014819458268,1.1661397883185811
-0.27855079237618985,0.7851695932669432,0.40966714397874554,0.6825302984829376,-0.3390475640085148,1.6547863176281539,-0.05314717948523429,-1.0592525266051358,0.8379305815963921,-0.6722392625652724,-0.6585527740981746,-0.312079621228754,-0.3626868147605197,-0.2998637292684633,1.6495242443074727,-0.3865556717425342,-0.3216337604513384,-0.6255432421712243,-0.28217393971398413,-0.35380193430804263,-0.38012120648103165,-0.521402047741958,-0.19738550848793063,-0.2294157338705618,-0.42008402520840293,1.5646967316604727,-0.8575301263340543
0.4004649895934692,-1.4343910944134617,-1.0234521363809386,-1.5942955645382344,0.39573967964187123,-0.6043076313522611,1.5821506508296683,0.9440619445156881,-1.1934162828797101,1.487565597082189,-0.6585527740981746,3.204310477123404,-0.3626868147605197,-0.2998637292684633,1.6495242443074727,-0.3865556717425342,-0.3216337604513384,1.5986105077709065,-0.28217393971398413,-0.35380193430804263,-0.38012120648103165,-0.521402047741958,-0.19738550848793063,-0.2294157338705618,-0.42008402520840293,-0.6391014819458268,1.1661397883185811
-1.266210111604785,-0.3246107505732592,-0.1986428821724542,-0.14540637897930678,-0.3165943795496523,-0.6043076313522611,-0.05314717948523429,0.9440619445156881,-1.1934162828797101,1.487565597082189,-0.6585527740981746,-0.312079621228754,-0.3626868147605197,-0.2998637292684633,1.6495242443074727,-0.3865556717425342,-0.3216337604513384,1.5986105077709065,-0.28217393971398413,-0.35380193430804263,-0.38012120648103165,-0.521402047741958,-0.19738550848793063,-0.2294157338705618,2.3804761428476167,-0.6391014819458268,-0.8575301263340543
-0.8958378668940618,-0.3246107505732592,1.6188945397133354,0.42380008677598624,-0.03419744441576264,1.6547863176281539,0.764501735672217,-1.0592525266051358,-1.1934162828797101,1.487565597082189,-0.6585527740981746,-0.312079621228754,2.757199763824596,-0.2998637292684633,-0.6062354060275328,-0.3865556717425342,-0.3216337604513384,-0.6255432421712243,-0.28217393971398413,2.8264401718316665,-0.38012120648103165,-0.521402047741958,-0.19738550848793063,-0.2294157338705618,2.3804761428476167,-0.6391014819458268,-0.8575301263340543
1.3881243088220643,-0.3246107505732592,-0.5383530530265674,1.6657051029693528,-0.5853866618677862,-0.6043076313522611,-1.688445009800137,0.9440619445156881,-1.1934162828797101,-0.6722392625652724,-0.6585527740981746,-0.312079621228754,-0.3626868147605197,-0.2998637292684633,-0.6062354060275328,-0.3865556717425342,3.1091263510296048,1.5986105077709065,-0.28217393971398413,-0.35380193430804263,-0.38012120648103165,-0.521402047741958,-0.19738550848793063,-0.2294157338705618,-0.42008402520840293,-0.6391014819458268,1.1661397883185811
-0.15509337747261548,0.7851695932669432,-1.095266514468233,1.4069748912624014,-0.6561159490015803,-0.6043076313522611,1.5821506508296683,0.9440619445156881,0.8379305815963921,-0.6722392625652724,1.5184811898627333,-0.312079621228754,-0.3626868147605197,-0.2998637292684633,-0.6062354060275328,2.586949495507729,-0.3216337604513384,1.5986105077709065,-0.28217393971398413,-0.35380193430804263,-0.38012120648103165,-0.521402047741958,-0.19738550848793063,-0.2294157338705618,-0.42008402520840293,1.5646967316604727,-0.8575301263340543
0.5856511119488308,-0.3246107505732592,0.9239848223392217,1.5104669759451819,-0.3643329659100221,-0.6043076313522611,-0.8707960946426856,0.9440619445156881,0.8379305815963921,-0.6722392625652724,-0.6585527740981746,-0.312079621228754,-0.3626868147605197,-0.2998637292684633,-0.6062354060275328,-0.3865556717425342,-0.3216337604513384,1.5986105077709065,-0.28217393971398413,-0.35380193430804263,-0.38012120648103165,-0.521402047741958,-0.19738550848793063,-0.2294157338705618,-0.42008402520840293,-0.6391014819458268,1.1661397883185811
1.1412094790149154,-0.3246107505732592,1.503780316014584,1.1999907218968402,-0.23237997701837773,-0.6043076313522611,-0.05314717948523429,-1.0592525266051358,0.8379305815963921,-0.6722392625652724,1.5184811898627333,-0.312079621228754,-0.3626868147605197,-0.2998637292684633,-0.6062354060275328,-0.3865556717425342,-0.3216337604513384,-0.6255432421712243,-0.28217393971398413,-0.35380193430804263,-0.38012120648103165,1.9179057779514128,-0.19738550848793063,-0.2294157338705618,-0.42008402520840293,-0.6391014819458268,1.1661397883185811
1.6967678460810003,0.7851695932669432,1.3663121069798365,0.7342763408243278,-0.16647095733928524,1.6547863176281539,0.764501735672217,-1.0592525266051358,0.8379305815963921,-0.6722392625652724,1.5184811898627333,-0.312079621228754,-0.3626868147605197,-0.2998637292684633,1.6495242443074727,-0.3865556717425342,-0.3216337604513384,-0.6255432421712243,-0.28217393971398413,-0.35380193430804263,-0.38012120648103165,-0.521402047741958,-0.19738550848793063,-0.2294157338705618,-0.42008402520840293,-0.6391014819458268,1.1661397883185811
-1.5131249414119337,-0.3246107505732592,-0.6969431379693427,-1.1803272258071122,-0.036022188355311326,-0.6043076313522611,1.5821506508296683,0.9440619445156881,-1.1934162828797101,1.487565597082189,-0.6585527740981746,-0.312079621228754,2.757199763824596,-0.2998637292684633,1.6495242443074727,-0.3865556717425342,-0.3216337604513384,1.5986105077709065,-0.28217393971398413,-0.35380193430804263,-0.38012120648103165,-0.521402047741958,-0.19738550848793063,-0.2294157338705618,-0.42008402520840293,-0.6391014819458268,-0.8575301263340543
-0.2168220849244027,-0.3246107505732592,-0.7442913431298382,1.6657051029693528,-0.6141374369060766,-0.6043076313522611,-0.8707960946426856,-1.0592525266051358,0.8379305815963921,-0.6722392625652724,-0.6585527740981746,-0.312079621228754,-0.3626868147605197,-0.2998637292684633,-0.6062354060275328,-0.3865556717425342,-0.3216337604513384,1.5986105077709065,-0.28217393971398413,-0.35380193430804263,-0.38012120648103165,-0.521402047741958,-0.19738550848793063,-0.2294157338705618,-0.42008402520840293,1.5646967316604727,-0.8575301263340543
1.3263956013702771,-1.4343910944134617,-1.2307985515447446,-0.5076286753690387,-0.5717020574526,-0.6043076313522611,-0.8707960946426856,0.9440619445156881,0.8379305815963921,-0.6722392625652724,-0.6585527740981746,-0.312079621228754,-0.3626868147605197,-0.2998637292684633,-0.6062354060275328,-0.3865556717425342,-0.3216337604513384,1.5986105077709065,-0.28217393971398413,-0.35380193430804263,-0.38012120648103165,-0.521402047741958,-0.19738550848793063,-0.2294157338705618,-0.42008402520840293,-0.6391014819458268,1.1661397883185811
0.33873628214168205,-0.3246107505732592,-0.41338195390406984,0.9930065525312792,-0.5249788788382355,1.6547863176281539,-0.05314717948523429,0.9440619445156881,-1.1934162828797101,1.487565597082189,1.5184811898627333,-0.312079621228754,-0.3626868147605197,-0.2998637292684633,-0.6062354060275328,-0.3865556717425342,-0.3216337604513384,-0.6255432421712243,-0.28217393971398413,2.8264401718316665,-0.38012120648103165,-0.521402047741958,-0.19738550848793063,-0.2294157338705618,-0.42008402520840293,-0.6391014819458268,1.1661397883185811
0.4004649895934692,-0.3246107505732592,0.4290288635611043,0.2685619597518154,-0.25575849948281615,-0.6043076313522611,0.764501735672217,0.9440619445156881,0.8379305815963921,-0.6722392625652724,1.5184811898627333,-0.312079621228754,-0.3626868147605197,-0.2998637292684633,1.6495242443074727,-0.3865556717425342,-0.3216337604513384,1.5986105077709065,-0.28217393971398413,-0.35380193430804263,-0.38012120648103165,-0.521402047741958,-0.19738550848793063,-0.2294157338705618,-0.42008402520840293,-0.6391014819458268,1.1661397883185811
1.26466689391849,-1.4343910944134617,-0.9926494006817315,0.6307842561415473,-0.6062835054936457,-0.6043076313522611,-0.8707960946426856,0.9440619445156881,-1.1934162828797101,1.487565597082189,-0.6585527740981746,-0.312079621228754,-0.3626868147605197,-0.2998637292684633,-0.6062354060275328,-0.3865556717425342,-0.3216337604513384,1.5986105077709065,-0.28217393971398413,-0.35380193430804263,-0.38012120648103165,-0.521402047741958,-0.19738550848793063,-0.2294157338705618,-0.42008402520840293,-0.6391014819458268,1.1661397883185811
1.0177520641113411,-1.4343910944134617,-1.5159438763031194,-1.4390574375140637,-0.5143042613600132,-0.6043076313522611,0.764501735672217,0.9440619445156881,0.8379305815963921,-0.6722392625652724,-0.6585527740981746,3.204310477123404,-0.3626868147605197,-0.2998637292684633,-0.6062354060275328,-0.3865556717425342,-0.3216337604513384,1.5986105077709065,-0.28217393971398413,-0.35380193430804263,-0.38012120648103165,-0.521402047741958,-0.19738550848793063,-0.2294157338705618,-0.42008402520840293,-0.6391014819458268,1.1661397883185811
0.7708372343041924,-0.3246107505732592,-0.9285797104273805,-0.14540637897930678,-0.523402650584884,-0.6043076313522611,2.3997995659871196,-1.0592525266051358,0.8379305815963921,-0.6722392625652724,-0.6585527740981746,-0.312079621228754,2.757199763824596,-0.2998637292684633,-0.6062354060275328,2.586949495507729,-0.3216337604513384,1.5986105077709065,-0.28217393971398413,-0.35380193430804263,-0.38012120648103165,-0.521402047741958,-0.19738550848793063,-0.2294157338705618,-0.42008402520840293,-0.6391014819458268,1.1661397883185811
1.6967678460810003,1.8949499371071457,-1.4296962163453393,-0.04191429429652624,-0.67024854707874,-0.6043076313522611,-0.8707960946426856,0.9440619445156881,-1.1934162828797101,1.487565597082189,-0.6585527740981746,-0.312079621228754,-0.3626868147605197,-0.2998637292684633,-0.6062354060275328,-0.3865556717425342,-0.3216337604513384,1.5986105077709065,-0.28217393971398413,-0.35380193430804263,-0.38012120648103165,-0.521402047741958,-0.19738550848793063,-0.2294157338705618,-0.42008402520840293,-0.6391014819458268,1.1661397883185811
-0.0933646700208283,0.7851695932669432,1.2841128065710952,-0.04191429429652624,0.05592149134207841,-0.6043076313522611,-1.688445009800137,-1.0592525266051358,0.8379305815963921,-0.6722392625652724,-0.6585527740981746,-0.312079621228754,-0.3626868147605197,3.334848140652303,-0.6062354060275328,-0.3865556717425342,-0.3216337604513384,1.5986105077709065,-0.28217393971398413,-0.35380193430804263,-0.38012120648103165,-0.521402047741958,-0.19738550848793063,-0.2294157338705618,-0.42008402520840293,1.5646967316604727,-0.8575301263340543
-0.5871943296351259,0.7851695932669432,-0.8900322868952298,1.5104669759451819,-0.6290969990695507,-0.6043076313522611,-0.05314717948523429,-1.0592525266051358,0.8379305815963921,-0.6722392625652724,-0.6585527740981746,-0.312079621228754,-0.3626868147605197,-0.2998637292684633,1.6495242443074727,-0.3865556717425342,-0.3216337604513384,-0.6255432421712243,-0.28217393971398413,-0.35380193430804263,-0.38012120648103165,1.9179057779514128,-0.19738550848793063,-0.2294157338705618,-0.42008402520840293,1.5646967316604727,-0.8575301263340543
-1.5748536488637208,0.7851695932669432,-1.1656727674949923,0.2685619597518154,-0.6215146962153523,-0.6043076313522611,-0.05314717948523429,0.9440619445156881,0.8379305815963921,-0.6722392625652724,-0.6585527740981746,-0.312079621228754,-0.3626868147605197,-0.2998637292684633,1.6495242443074727,-0.3865556717425342,-0.3216337604513384,1.5986105077709065,-0.28217393971398413,-0.35380193430804263,-0.38012120648103165,-0.521402047741958,-0.19738550848793063,-0.2294157338705618,-0.42008402520840293,-0.6391014819458268,-0.8575301263340543
1.26466689391849,-0.3246107505732592,0.0058872828702813615,-0.4558826330276484,-0.15271294847180086,1.6547863176281539,-0.8707960946426856,0.9440619445156881,-1.1934162828797101,1.487565597082189,-0.6585527740981746,-0.312079621228754,-0.3626868147605197,-0.2998637292684633,-0.6062354060275328,-0.3865556717425342,-0.3216337604513384,-0.6255432421712243,-0.28217393971398413,-0.35380193430804263,-0.38012120648103165,-0.521402047741958,-0.19738550848793063,-0.2294157338705618,-0.42008402520840293,-0.6391014819458268,1.1661397883185811
1.5115817237256386,-0.3246107505732592,-1.3166941802373908,0.16506987506903484,-0.6513101002990661,1.6547863176281539,-0.8707960946426856,0.9440619445156881,0.8379305815963921,-0.6722392625652724,-0.6585527740981746,-0.312079621228754,-0.3626868147605197,-0.2998637292684633,-0.6062354060275328,-0.3865556717425342,-0.3216337604513384,-0.6255432421712243,-0.28217393971398413,-0.35380193430804263,-0.38012120648103165,-0.521402047741958,-0.19738550848793063,-0.2294157338705618,-0.42008402520840293,-0.6391014819458268,1.1661397883185811
0.5856511119488308,1.8949499371071457,-0.31217296517810345,-1.6460416068796246,1.9958382624203217,1.6547863176281539,0.764501735672217,0.9440619445156881,0.8379305815963921,-0.6722392625652724,1.5184811898627333,-0.312079621228754,-0.3626868147605197,-0.2998637292684633,1.6495242443074727,-0.3865556717425342,-0.3216337604513384,-0.6255432421712243,-0.28217393971398413,2.8264401718316665,-0.38012120648103165,-0.521402047741958,-0.19738550848793063,-0.2294157338705618,-0.42008402520840293,-0.6391014819458268,1.1661397883185811
-1.1427526967012105,-1.4343910944134617,1.6139661020014622,0.37205404443459594,-0.01893998669274265,1.6547863176281539,-0.05314717948523429,0.9440619445156881,0.8379305815963921,-0.6722392625652724,1.5184811898627333,-0.312079621228754,-0.3626868147605197,-0.2998637292684633,-0.6062354060275328,-0.3865556717425342,-0.3216337604513384,-0.6255432421712243,-0.28217393971398413,-0.35380193430804263,-0.38012120648103165,-0.521402047741958,-0.19738550848793063,-0.2294157338705618,2.3804761428476167,-0.6391014819458268,-0.8575301263340543
-1.4513962339601465,0.7851695932669432,0.13314658521614867,-1.2838193104898927,0.7498288188848155,1.6547863176281539,0.764501735672217,-1.0592525266051358,0.8379305815963921,-0.6722392625652724,-0.6585527740981746,-0.312079621228754,-0.3626868147605197,-0.2998637292684633,-0.6062354060275328,2.586949495507729,-0.3216337604513384,-0.6255432421712243,-0.28217393971398413,2.8264401718316665,-0.38012120648103165,-0.521402047741958,-0.19738550848793063,-0.2294157338705618,-0.42008402520840293,-0.6391014819458268,-0.8575301263340543
-1.4513962339601465,0.7851695932669432,-1.159160189090017,-1.490803479855454,-0.05485499914733425,-0.6043076313522611,0.764501735672217,0.9440619445156881,0.8379305815963921,-0.6722392625652724,-0.6585527740981746,-0.312079621228754,-0.3626868147605197,-0.2998637292684633,-0.6062354060275328,2.586949495507729,-0.3216337604513384,-0.6255432421712243,3.5439133784417334,-0.35380193430804263,-0.38012120648103165,-0.521402047741958,-0.19738550848793063,-0.2294157338705618,-0.42008402520840293,-0.6391014819458268,-0.8575301263340543
-1.5131249414119337,-1.4343910944134617,0.9268010724602921,1.717451145310743,-0.3861550243664907,1.6547863176281539,0.764501735672217,-1.0592525266051358,-1.1934162828797101,-0.6722392625652724,1.5184811898627333,-0.312079621228754,-0.3626868147605197,-0.2998637292684633,1.6495242443074727,-0.3865556717425342,-0.3216337604513384,-0.6255432421712243,-0.28217393971398413,-0.35380193430804263,-0.38012120648103165,-0.521402047741958,-0.19738550848793063,4.358898943540674,-0.42008402520840293,-0.6391014819458268,-0.8575301263340543
0.21527886723810766,-0.3246107505732592,-0.9600865086568553,0.5272921714587667,-0.5933661913937799,-0.6043076313522611,-0.05314717948523429,0.9440619445156881,0.8379305815963921,-0.6722392625652724,-0.6585527740981746,-0.312079621228754,-0.3626868147605197,-0.2998637292684633,1.6495242443074727,-0.3865556717425342,-0.3216337604513384,1.5986105077709065,-0.28217393971398413,-0.35380193430804263,-0.38012120648103165,-0.521402047741958,-0.19738550848793063,-0.2294157338705618,-0.42008402520840293,1.5646967316604727,-0.8575301263340543
0.5856511119488308,0.7851695932669432,1.679971964214049,0.5790382138001571,-0.06686520538662004,-0.6043076313522611,0.764501735672217,0.9440619445156881,-1.1934162828797101,1.487565597082189,-0.6585527740981746,3.204310477123404,-0.3626868147605197,-0.2998637292684633,-0.6062354060275328,-0.3865556717425342,-0.3216337604513384,1.5986105077709065,-0.28217393971398413,-0.35380193430804263,-0.38012120648103165,-0.521402047741958,-0.19738550848793063,-0.2294157338705618,-0.42008402520840293,-0.6391014819458268,1.1661397883185811
0.8325659417559795,-0.3246107505732592,0.3862570648473481,1.4069748912624014,-0.43312350948084055,-0.6043076313522611,-0.05314717948523429,0.9440619445156881,-1.1934162828797101,1.487565597082189,1.5184811898627333,-0.312079621228754,-0.3626868147605197,-0.2998637292684633,-0.6062354060275328,-0.3865556717425342,-0.3216337604513384,-0.6255432421712243,-0.28217393971398413,-0.35380193430804263,-0.38012120648103165,1.9179057779514128,-0.19738550848793063,-0.2294157338705618,-0.42008402520840293,-0.6391014819458268,1.1661397883185811
1.1412094790149154,-1.4343910944134617,1.5395114894256643,-1.2838193104898927,1.878788205377682,-0.6043076313522611,-0.05314717948523429,0.9440619445156881,0.8379305815963921,-0.6722392625652724,-0.6585527740981746,-0.312079621228754,-0.3626868147605197,-0.2998637292684633,1.6495242443074727,-0.3865556717425342,-0.3216337604513384,-0.6255432421712243,-0.28217393971398413,-0.35380193430804263,-0.38012120648103165,-0.521402047741958,5.06622805119022,-0.2294157338705618,-0.42008402520840293,-0.6391014819458268,1.1661397883185811
-0.5254656221833386,-0.3246107505732592,-0.5966142274062107,-1.128581183465722,-0.019389566605443165,-0.6043076313522611,-0.05314717948523429,-1.0592525266051358,0.8379305815963921,-0.6722392625652724,1.5184811898627333,-0.312079621228754,-0.3626868147605197,-0.2998637292684633,-0.6062354060275328,-0.3865556717425342,-0.3216337604513384,1.5986105077709065,-0.28217393971398413,-0.35380193430804263,-0.38012120648103165,-0.521402047741958,-0.19738550848793063,-0.2294157338705618,-0.42008402520840293,1.5646967316604727,-0.8575301263340543
-0.0933646700208283,-0.3246107505732592,0.21094549481071762,1.6657051029693528,-0.48077807269000683,-0.6043076313522611,1.5821506508296683,-1.0592525266051358,0.8379305815963921,-0.6722392625652724,1.5184811898627333,-0.312079621228754,-0.3626868147605197,-0.2998637292684633,-0.6062354060275328,2.586949495507729,-0.3216337604513384,-0.6255432421712243,-0.28217393971398413,-0.35380193430804263,-0.38012120648103165,1.9179057779514128,-0.19738550848793063,-0.2294157338705618,-0.42008402520840293,1.5646967316604727,-0.8575301263340543
1.4498530162738514,-0.3246107505732592,-1.3429205094898586,0.37205404443459594,-0.6662965255604295,-0.6043076313522611,-1.688445009800137,-1.0592525266051358,-1.1934162828797101,-0.6722392625652724,-0.6585527740981746,-0.312079621228754,-0.3626868147605197,3.334848140652303,-0.6062354060275328,-0.3865556717425342,-0.3216337604513384,1.5986105077709065,-0.28217393971398413,-0.35380193430804263,-0.38012120648103165,-0.521402047741958,-0.19738550848793063,-0.2294157338705618,-0.42008402520840293,-0.6391014819458268,1.1661397883185811
1.3881243088220643,-1.4343910944134617,1.1418921754570415,-0.09366033663791651,0.03989038916520317,1.6547863176281539,-0.05314717948523429,-1.0592525266051358,-1.1934162828797101,1.487565597082189,-0.6585527740981746,-0.312079621228754,-0.3626868147605197,-0.2998637292684633,1.6495242443074727,-0.3865556717425342,-0.3216337604513384,-0.6255432421712243,-0.28217393971398413,-0.35380193430804263,-0.38012120648103165,-0.521402047741958,-0.19738550848793063,-0.2294157338705618,-0.42008402520840293,-0.6391014819458268,1.1661397883185811
-0.8341091594422746,-0.3246107505732592,0.11290478747095539,0.941260510189889,-0.4286562907911426,-0.6043076313522611,0.764501735672217,0.9440619445156881,0.8379305815963921,-0.6722392625652724,1.5184811898627333,-0.312079621228754,-0.3626868147605197,-0.2998637292684633,1.6495242443074727,-0.3865556717425342,-0.3216337604513384,-0.6255432421712243,-0.28217393971398413,-0.35380193430804263,-0.38012120648103165,1.9179057779514128,-0.19738550848793063,-0.2294157338705618,2.3804761428476167,-0.6391014819458268,-0.8575301263340543
0.33873628214168205,-0.3246107505732592,1.2385247577362686,-1.128581183465722,1.159136647519676,-0.6043076313522611,-0.8707960946426856,0.9440619445156881,0.8379305815963921,-0.6722392625652724,-0.6585527740981746,-0.312079621228754,-0.3626868147605197,-0.2998637292684633,-0.6062354060275328,-0.3865556717425342,-0.3216337604513384,1.5986105077709065,-0.28217393971398413,-0.35380193430804263,-0.38012120648103165,-0.521402047741958,-0.19738550848793063,-0.2294157338705618,-0.42008402520840293,-0.6391014819458268,1.1661397883185811
1.3263956013702771,-1.4343910944134617,-0.16766413084068013,1.0964986372140597,-0.49203137855195833,1.6547863176281539,-1.688445009800137,0.9440619445156881,0.8379305815963921,-0.6722392625652724,-0.6585527740981746,-0.312079621228754,-0.3626868147605197,3.334848140652303,-0.6062354060275328,-0.3865556717425342,-0.3216337604513384,-0.6255432421712243,-0.28217393971398413,-0.35380193430804263,-0.38012120648103165,-0.521402047741958,-0.19738550848793063,4.358898943540674,-0.42008402520840293,-0.6391014819458268,1.1661397883185811
-1.3896675265083593,0.7851695932669432,0.28011963840950854,-0.04191429429652624,-0.21273033763394616,-0.6043076313522611,-0.05314717948523429,-1.0592525266051358,-1.1934162828797101,1.487565597082189,-0.6585527740981746,-0.312079621228754,-0.3626868147605197,-0.2998637292684633,1.6495242443074727,-0.3865556717425342,-0.3216337604513384,1.5986105077709065,-0.28217393971398413,-0.35380193430804263,-0.38012120648103165,-0.521402047741958,-0.19738550848793063,-0.2294157338705618,-0.42008402520840293,-0.6391014819458268,-0.8575301263340543
-0.2168220849244027,-1.4343910944134617,0.5784661356104008,-0.14540637897930678,-0.0964211177650978,1.6547863176281539,-0.8707960946426856,0.9440619445156881,0.8379305815963921,-0.6722392625652724,-0.6585527740981746,-0.312079621228754,-0.3626868147605197,-0.2998637292684633,-0.6062354060275328,-0.3865556717425342,-0.3216337604513384,-0.6255432421712243,-0.28217393971398413,2.8264401718316665,-0.38012120648103165,-0.521402047741958,-0.19738550848793063,-0.2294157338705618,-0.42008402520840293,1.5646967316604727,-0.8575301263340543
1.3263956013702771,-1.4343910944134617,-0.6705407930843079,-0.6628668023932095,-0.3241662119953197,-0.6043076313522611,-0.8707960946426856,-1.0592525266051358,-1.1934162828797101,1.487565597082189,-0.6585527740981746,-0.312079621228754,-0.3626868147605197,3.334848140652303,1.6495242443074727,-0.3865556717425342,-0.3216337604513384,1.5986105077709065,-0.28217393971398413,-0.35380193430804263,-0.38012120648103165,-0.521402047741958,-0.19738550848793063,-0.2294157338705618,-0.42008402520840293,-0.6391014819458268,1.1661397883185811
-1.2044814041529976,-0.3246107505732592,-0.9164346317802645,-0.14540637897930678,-0.519961664160618,-0.6043076313522611,-0.05314717948523429,-1.0592525266051358,-1.1934162828797101,1.487565597082189,-0.6585527740981746,-0.312079621228754,-0.3626868147605197,-0.2998637292684633,1.6495242443074727,-0.3865556717425342,-0.3216337604513384,-0.6255432421712243,3.5439133784417334,-0.35380193430804263,-0.38012120648103165,-0.521402047741958,-0.19738550848793063,-0.2294157338705618,2.3804761428476167,-0.6391014819458268,-0.8575301263340543
0.7708372343041924,-1.4343910944134617,-0.7029276694766172,0.5790382138001571,-0.545083358526183,-0.6043076313522611,-0.05314717948523429,-1.0592525266051358,-1.1934162828797101,1.487565597082189,-0.6585527740981746,-0.312079621228754,-0.3626868147605197,-0.2998637292684633,1.6495242443074727,-0.3865556717425342,-0.3216337604513384,-0.6255432421712243,-0.28217393971398413,-0.35380193430804263,2.6307398349528825,-0.521402047741958,-0.19738550848793063,-0.2294157338705618,-0.42008402520840293,-0.6391014819458268,1.1661397883185811
-0.34027949982797706,1.8949499371071457,-0.3554728107895604,1.6657051029693528,-0.5598549907013045,-0.6043076313522611,0.764501735672217,0.9440619445156881,0.8379305815963921,-0.6722392625652724,-0.6585527740981746,3.204310477123404,-0.3626868147605197,-0.2998637292684633,-0.6062354060275328,-0.3865556717425342,-0.3216337604513384,1.5986105077709065,-0.28217393971398413,-0.35380193430804263,-0.38012120648103165,-0.521402047741958,-0.19738550848793063,-0.2294157338705618,-0.42008402520840293,1.5646967316604727,-0.8575301263340543
-0.0933646700208283,0.7851695932669432,-0.7321462644827222,-0.04191429429652624,-0.4835958124658392,1.6547863176281539,0.764501735672217,0.9440619445156881,0.8379305815963921,-0.6722392625652724,1.5184811898627333,-0.312079621228754,-0.3626868147605197,-0.2998637292684633,1.6495242443074727,-0.3865556717425342,-0.3216337604513384,-0.6255432421712243,-0.28217393971398413,2.8264401718316665,-0.38012120648103165,-0.521402047741958,-0.19738550848793063,-0.2294157338705618,-0.42008402520840293,1.5646967316604727,-0.8575301263340543
-0.957566574345849,1.8949499371071457,-1.5210483296475594,-0.8698509717587706,-0.6480461501328603,-0.6043076313522611,-0.05314717948523429,-1.0592525266051358,0.8379305815963921,-0.6722392625652724,1.5184811898627333,-0.312079621228754,-0.3626868147605197,-0.2998637292684633,-0.6062354060275328,-0.3865556717425342,-0.3216337604513384,1.5986105077709065,-0.28217393971398413,-0.35380193430804263,-0.38012120648103165,-0.521402047741958,-0.19738550848793063,-0.2294157338705618,2.3804761428476167,-0.6391014819458268,-0.8575301263340543
1.3881243088220643,-0.3246107505732592,1.382681560808558,0.9930065525312792,-0.21602389279032183,1.6547863176281539,-0.8707960946426856,0.9440619445156881,-1.1934162828797101,1.487565597082189,-0.6585527740981746,-0.312079621228754,-0.3626868147605197,3.334848140652303,1.6495242443074727,-0.3865556717425342,-0.3216337604513384,-0.6255432421712243,-0.28217393971398413,2.8264401718316665,-0.38012120648103165,-0.521402047741958,-0.19738550848793063,-0.2294157338705618,-0.42008402520840293,-0.6391014819458268,1.1661397883185811
-1.7600397712190825,-1.4343910944134617,1.4236932031966454,1.562213018286572,-0.29828785540844066,-0.6043076313522611,0.764501735672217,0.9440619445156881,0.8379305815963921,-0.6722392625652724,-0.6585527740981746,-0.312079621228754,-0.3626868147605197,-0.2998637292684633,-0.6062354060275328,2.586949495507729,-0.3216337604513384,-0.6255432421712243,-0.28217393971398413,-0.35380193430804263,-0.38012120648103165,1.9179057779514128,-0.19738550848793063,-0.2294157338705618,-0.42008402520840293,-0.6391014819458268,-0.8575301263340543
-1.1427526967012105,0.7851695932669432,-0.6214324315981434,0.9930065525312792,-0.5607672749092503,-0.6043076313522611,0.764501735672217,-1.0592525266051358,0.8379305815963921,-0.6722392625652724,-0.6585527740981746,-0.312079621228754,-0.3626868147605197,-0.2998637292684633,-0.6062354060275328,2.586949495507729,-0.3216337604513384,1.5986105077709065,-0.28217393971398413,-0.35380193430804263,-0.38012120648103165,-0.521402047741958,-0.19738550848793063,-0.2294157338705618,2.3804761428476167,-0.6391014819458268,-0.8575301263340543
-0.03163596256904111,0.7851695932669432,0.6052205117605693,-0.3006445060034776,-0.024567401249780442,1.6547863176281539,-0.05314717948523429,0.9440619445156881,-1.1934162828797101,1.487565597082189,-0.6585527740981746,-0.312079621228754,-0.3626868147605197,-0.2998637292684633,1.6495242443074727,-0.3865556717425342,-0.3216337604513384,-0.6255432421712243,-0.28217393971398413,-0.35380193430804263,-0.38012120648103165,-0.521402047741958,-0.19738550848793063,4.358898943540674,-0.42008402520840293,1.5646967316604727,-0.8575301263340543
-1.636582356315508,-0.3246107505732592,-1.5326653613969747,1.5104669759451819,-0.7228922139992459,-0.6043076313522611,-0.8707960946426856,0.9440619445156881,-1.1934162828797101,1.487565597082189,1.5184811898627333,-0.312079621228754,-0.3626868147605197,-0.2998637292684633,-0.6062354060275328,-0.3865556717425342,3.1091263510296048,-0.6255432421712243,-0.28217393971398413,-0.35380193430804263,2.6307398349528825,-0.521402047741958,-0.19738550848793063,-0.2294157338705618,-0.42008402520840293,-0.6391014819458268,-0.8575301263340543
0.27700757468989484,0.7851695932669432,-1.378475667268372,-0.09366033663791651,-0.6537868268630331,-0.6043076313522611,-1.688445009800137,-1.0592525266051358,-1.1934162828797101,1.487565597082189,-0.6585527740981746,-0.312079621228754,-0.3626868147605197,3.334848140652303,-0.6062354060275328,-0.3865556717425342,-0.3216337604513384,-0.6255432421712243,3.5439133784417334,-0.35380193430804263,-0.38012120648103165,-0.521402047741958,-0.19738550848793063,-0.2294157338705618,-0.42008402520840293,-0.6391014819458268,1.1661397883185811
-0.34027949982797706,-1.4343910944134617,-1.0234521363809386,-0.6628668023932095,-0.4658159973468965,-0.6043076313522611,-1.688445009800137,0.9440619445156881,0.8379305815963921,-0.6722392625652724,-0.6585527740981746,-0.312079621228754,-0.3626868147605197,-0.2998637292684633,-0.6062354060275328,-0.3865556717425342,3.1091263510296048,-0.6255432421712243,3.5439133784417334,-0.35380193430804263,-0.38012120648103165,-0.521402047741958,-0.19738550848793063,-0.2294157338705618,-0.42008402520840293,1.5646967316604727,-0.8575301263340543
0.03009274488274608,-1.4343910944134617,0.595363636336823,-0.559374717710429,0.11186405379782878,-0.6043076313522611,1.5821506508296683,0.9440619445156881,-1.1934162828797101,1.487565597082189,-0.6585527740981746,-0.312079621228754,2.757199763824596,-0.2998637292684633,1.6495242443074727,-0.3865556717425342,-0.3216337604513384,1.5986105077709065,-0.28217393971398413,-0.35380193430804263,-0.38012120648103165,-0.521402047741958,-0.19738550848793063,-0.2294157338705618,-0.42008402520840293,1.5646967316604727,-0.8575301263340543
-0.648923037086913,1.8949499371071457,0.7792999723692315,-0.24889846366208732,0.005072397573102176,1.6547863176281539,0.764501735672217,0.9440619445156881,-1.1934162828797101,1.487565597082189,1.5184811898627333,-0.312079621228754,-0.3626868147605197,-0.2998637292684633,1.6495242443074727,-0.3865556717425342,-0.3216337604513384,-0.6255432421712243,-0.28217393971398413,-0.35380193430804263,-0.38012120648103165,-0.521402047741958,-0.19738550848793063,-0.2294157338705618,-0.42008402520840293,1.5646967316604727,-0.8575301263340543
-0.27855079237618985,-0.3246107505732592,0.012223845642689692,-0.9733430564415512,0.184171654438452,-0.6043076313522611,1.5821506508296683,0.9440619445156881,-1.1934162828797101,1.487565597082189,-0.6585527740981746,3.204310477123404,-0.3626868147605197,-0.2998637292684633,1.6495242443074727,-0.3865556717425342,-0.3216337604513384,-0.6255432421712243,-0.28217393971398413,-0.35380193430804263,-0.38012120648103165,1.9179057779514128,-0.19738550848793063,-0.2294157338705618,-0.42008402520840293,1.5646967316604727,-0.8575301263340543
0.956023356659554,0.7851695932669432,-1.0204598706273014,0.4755461291173765,-0.6025388336427663,1.6547863176281539,-0.8707960946426856,0.9440619445156881,0.8379305815963921,-0.6722392625652724,-0.6585527740981746,-0.312079621228754,-0.3626868147605197,-0.2998637292684633,-0.6062354060275328,-0.3865556717425342,-0.3216337604513384,-0.6255432421712243,-0.28217393971398413,-0.35380193430804263,-0.38012120648103165,-0.521402047741958,-0.19738550848793063,-0.2294157338705618,-0.42008402520840293,-0.6391014819458268,1.1661397883185811
-0.957566574345849,0.7851695932669432,0.2757192475953361,-0.7663588870759901,0.12915163655081469,-0.6043076313522611,0.764501735672217,-1.0592525266051358,0.8379305815963921,-0.6722392625652724,-0.6585527740981746,-0.312079621228754,-0.3626868147605197,-0.2998637292684633,-0.6062354060275328,2.586949495507729,-0.3216337604513384,-0.6255432421712243,-0.28217393971398413,-0.35380193430804263,-0.38012120648103165,1.9179057779514128,-0.19738550848793063,-0.2294157338705618,2.3804761428476167,-0.6391014819458268,-0.8575301263340543
1.5115817237256386,-1.4343910944134617,0.011343767479855202,1.3552288489210111,-0.48537211187601925,-0.6043076313522611,-0.8707960946426856,-1.0592525266051358,-1.1934162828797101,1.487565597082189,-0.6585527740981746,-0.312079621228754,-0.3626868147605197,-0.2998637292684633,-0.6062354060275328,-0.3865556717425342,-0.3216337604513384,1.5986105077709065,-0.28217393971398413,-0.35380193430804263,-0.38012120648103165,-0.521402047741958,-0.19738550848793063,-0.2294157338705618,-0.42008402520840293,-0.6391014819458268,1.1661397883185811
0.8325659417559795,0.7851695932669432,-1.000570104147242,0.2685619597518154,-0.583647222425604,-0.6043076313522611,-0.05314717948523429,0.9440619445156881,0.8379305815963921,-0.6722392625652724,-0.6585527740981746,3.204310477123404,-0.3626868147605197,-0.2998637292684633,-0.6062354060275328,-0.3865556717425342,3.1091263510296048,1.5986105077709065,-0.28217393971398413,-0.35380193430804263,-0.38012120648103165,-0.521402047741958,-0.19738550848793063,-0.2294157338705618,-0.42008402520840293,-0.6391014819458268,1.1661397883185811
-1.3279388190565722,-0.3246107505732592,-0.06733522027754824,0.7342763408243278,-0.4372616281184768,-0.6043076313522611,0.764501735672217,0.9440619445156881,0.8379305815963921,-0.6722392625652724,-0.6585527740981746,-0.312079621228754,-0.3626868147605197,-0.2998637292684633,-0.6062354060275328,2.586949495507729,-0.3216337604513384,-0.6255432421712243,-0.28217393971398413,-0.35380193430804263,2.6307398349528825,-0.521402047741958,-0.19738550848793063,-0.2294157338705618,-0.42008402520840293,-0.6391014819458268,-0.8575301263340543
1.5733104311774257,-0.3246107505732592,0.7581780964612037,0.8377684255071084,-0.29913539592858174,-0.6043076313522611,-2.506093924957588,-1.0592525266051358,-1.1934162828797101,1.487565597082189,-0.6585527740981746,-0.312079621228754,-0.3626868147605197,3.334848140652303,-0.6062354060275328,-0.3865556717425342,3.1091263510296048,-0.6255432421712243,-0.28217393971398413,-0.35380193430804263,-0.38012120648103165,1.9179057779514128,-0.19738550848793063,-0.2294157338705618,-0.42008402520840293,-0.6391014819458268,1.1661397883185811
0.09182145233453327,0.7851695932669432,-1.0220440113204035,-1.6977876492210149,0.9735012480235147,-0.6043076313522611,-0.05314717948523429,-1.0592525266051358,-1.1934162828797101,1.487565597082189,1.5184811898627333,-0.312079621228754,-0.3626868147605197,-0.2998637292684633,-0.6062354060275328,-0.3865556717425342,-0.3216337604513384,-0.6255432421712243,3.5439133784417334,-0.35380193430804263,-0.38012120648103165,-0.521402047741958,-0.19738550848793063,-0.2294157338705618,-0.42008402520840293,1.5646967316604727,-0.8575301263340543
0.647379819400618,0.7851695932669432,-1.3351758216569152,-1.2320732681485025,-0.4538003566251495,-0.6043076313522611,0.764501735672217,0.9440619445156881,0.8379305815963921,-0.6722392625652724,-0.6585527740981746,-0.312079621228754,2.757199763824596,-0.2998637292684633,-0.6062354060275328,-0.3865556717425342,-0.3216337604513384,-0.6255432421712243,3.5439133784417334,-0.35380193430804263,-0.38012120648103165,-0.521402047741958,-0.19738550848793063,-0.2294157338705618,-0.42008402520840293,-0.6391014819458268,1.1661397883185811
1.4498530162738514,0.7851695932669432,-1.0509105750613748,-0.19715242132069705,-0.5521546082959442,-0.6043076313522611,-0.8707960946426856,0.9440619445156881,-1.1934162828797101,1.487565597082189,-0.6585527740981746,-0.312079621228754,-0.3626868147605197,-0.2998637292684633,-0.6062354060275328,-0.3865556717425342,-0.3216337604513384,-0.6255432421712243,-0.28217393971398413,-0.35380193430804263,2.6307398349528825,-0.521402047741958,-0.19738550848793063,-0.2294157338705618,-0.42008402520840293,-0.6391014819458268,1.1661397883185811
-1.2044814041529976,-0.3246107505732592,1.4506235949793809,1.0447525948726695,-0.21396234434208344,-0.6043076313522611,-0.8707960946426856,-1.0592525266051358,0.8379305815963921,-0.6722392625652724,-0.6585527740981746,-0.312079621228754,-0.3626868147605197,-0.2998637292684633,-0.6062354060275328,-0.3865556717425342,-0.3216337604513384,-0.6255432421712243,-0.28217393971398413,-0.35380193430804263,-0.38012120648103165,1.9179057779514128,-0.19738550848793063,-0.2294157338705618,2.3804761428476167,-0.6391014819458268,-0.8575301263340543
1.3263956013702771,-1.4343910944134617,1.3876099985204313,-0.14540637897930678,0.1328283690805641,-0.6043076313522611,-0.8707960946426856,0.9440619445156881,-1.1934162828797101,1.487565597082189,-0.6585527740981746,-0.312079621228754,-0.3626868147605197,-0.2998637292684633,-0.6062354060275328,-0.3865556717425342,-0.3216337604513384,1.5986105077709065,-0.28217393971398413,-0.35380193430804263,-0.38012120648103165,-0.521402047741958,-0.19738550848793063,-0.2294157338705618,-0.42008402520840293,-0.6391014819458268,1.1661397883185811
0.33873628214168205,-0.3246107505732592,0.6670019987915505,1.2517367642382307,-0.3730571325531993,-0.6043076313522611,0.764501735672217,-1.0592525266051358,-1.1934162828797101,-0.6722392625652724,1.5184811898627333,-0.312079621228754,-0.3626868147605197,-0.2998637292684633,1.6495242443074727,-0.3865556717425342,-0.3216337604513384,-0.6255432421712243,3.5439133784417334,-0.35380193430804263,-0.38012120648103165,-0.521402047741958,-0.19738550848793063,-0.2294157338705618,-0.42008402520840293,-0.6391014819458268,1.1661397883185811
1.0177520641113411,-1.4343910944134617,-0.09690584654878712,1.4069748912624014,-0.5058470744665161,-0.6043076313522611,0.764501735672217,0.9440619445156881,0.8379305815963921,-0.6722392625652724,-0.6585527740981746,3.204310477123404,-0.3626868147605197,-0.2998637292684633,-0.6062354060275328,-0.3865556717425342,-0.3216337604513384,-0.6255432421712243,-0.28217393971398413,-0.35380193430804263,-0.38012120648103165,1.9179057779514128,-0.19738550848793063,-0.2294157338705618,-0.42008402520840293,-0.6391014819458268,1.1661397883185811
-1.636582356315508,0.7851695932669432,-0.2257492895877565,-0.5076286753690387,-0.2131228280339229,-0.6043076313522611,-0.8707960946426856,-1.0592525266051358,0.8379305815963921,-0.6722392625652724,-0.6585527740981746,-0.312079621228754,-0.3626868147605197,-0.2998637292684633,-0.6062354060275328,-0.3865556717425342,-0.3216337604513384,-0.6255432421712243,-0.28217393971398413,-0.35380193430804263,2.6307398349528825,-0.521402047741958,-0.19738550848793063,-0.2294157338705618,-0.42008402520840293,-0.6391014819458268,-0.8575301263340543
0.5239224044970436,-1.4343910944134617,-1.3812919173894425,1.7691971876521333,-0.7044748155634653,-0.6043076313522611,-0.05314717948523429,0.9440619445156881,0.8379305815963921,-0.6722392625652724,-0.6585527740981746,-0.312079621228754,-0.3626868147605197,-0.2998637292684633,1.6495242443074727,-0.3865556717425342,-0.3216337604513384,-0.6255432421712243,3.5439133784417334,-0.35380193430804263,-0.38012120648103165,-0.521402047741958,-0.19738550848793063,-0.2294157338705618,-0.42008402520840293,-0.6391014819458268,1.1661397883185811
-0.957566574345849,0.7851695932669432,0.5173887111096872,-0.14540637897930678,-0.11372578862336297,1.6547863176281539,-0.05314717948523429,0.9440619445156881,0.8379305815963921,-0.6722392625652724,1.5184811898627333,-0.312079621228754,-0.3626868147605197,-0.2998637292684633,-0.6062354060275328,-0.3865556717425342,-0.3216337604513384,-0.6255432421712243,-0.28217393971398413,2.8264401718316665,-0.38012120648103165,-0.521402047741958,-0.19738550848793063,-0.2294157338705618,2.3804761428476167,-0.6391014819458268,-0.8575301263340543
-0.7723804519904874,0.7851695932669432,-1.331655509005577,-1.4390574375140637,-0.31705428594774265,1.6547863176281539,-0.8707960946426856,-1.0592525266051358,-1.1934162828797101,1.487565597082189,-0.6585527740981746,-0.312079621228754,-0.3626868147605197,-0.2998637292684633,-0.6062354060275328,-0.3865556717425342,-0.3216337604513384,-0.6255432421712243,-0.28217393971398413,-0.35380193430804263,-0.38012120648103165,-0.521402047741958,-0.19738550848793063,-0.2294157338705618,2.3804761428476167,-0.6391014819458268,-0.8575301263340543
1.4498530162738514,-1.4343910944134617,-0.38909179660983795,-1.335565352831283,0.42911135430461395,1.6547863176281539,2.3997995659871196,0.9440619445156881,0.8379305815963921,-0.6722392625652724,-0.6585527740981746,-0.312079621228754,2.757199763824596,-0.2998637292684633,-0.6062354060275328,2.586949495507729,-0.3216337604513384,-0.6255432421712243,-0.28217393971398413,-0.35380193430804263,-0.38012120648103165,-0.521402047741958,-0.19738550848793063,4.358898943540674,-0.42008402520840293,-0.6391014819458268,1.1661397883185811
0.21527886723810766,0.7851695932669432,0.10639220906598017,1.717451145310743,-0.49905500005989134,-0.6043076313522611,-0.05314717948523429,0.9440619445156881,-1.1934162828797101,1.487565597082189,1.5184811898627333,-0.312079621228754,-0.3626868147605197,-0.2998637292684633,-0.6062354060275328,-0.3865556717425342,-0.3216337604513384,-0.6255432421712243,-0.28217393971398413,-0.35380193430804263,2.6307398349528825,-0.521402047741958,-0.19738550848793063,-0.2294157338705618,-0.42008402520840293,1.5646967316604727,-0.8575301263340543
-1.6983110637672953,1.8949499371071457,-1.0093708857755868,-1.0250890987829415,-0.3395841584132264,1.6547863176281539,-0.8707960946426856,-1.0592525266051358,-1.1934162828797101,-0.6722392625652724,-0.6585527740981746,-0.312079621228754,-0.3626868147605197,-0.2998637292684633,-0.6062354060275328,-0.3865556717425342,-0.3216337604513384,-0.6255432421712243,-0.28217393971398413,-0.35380193430804263,-0.38012120648103165,-0.521402047741958,-0.19738550848793063,-0.2294157338705618,-0.42008402520840293,-0.6391014819458268,-0.8575301263340543
-0.4020082072797643,-1.4343910944134617,0.8386172405442761,-0.4558826330276484,0.13377588708144883,-0.6043076313522611,-0.8707960946426856,0.9440619445156881,0.8379305815963921,-0.6722392625652724,-0.6585527740981746,-0.312079621228754,-0.3626868147605197,-0.2998637292684633,-0.6062354060275328,-0.3865556717425342,-0.3216337604513384,-0.6255432421712243,3.5439133784417334,-0.35380193430804263,-0.38012120648103165,-0.521402047741958,-0.19738550848793063,-0.2294157338705618,-0.42008402520840293,1.5646967316604727,-0.8575301263340543
1.2029381864667028,-0.3246107505732592,0.8497062253959907,-1.2320732681485025,1.1651971823604232,-0.6043076313522611,-0.8707960946426856,0.9440619445156881,0.8379305815963921,-0.6722392625652724,-0.6585527740981746,-0.312079621228754,-0.3626868147605197,-0.2998637292684633,-0.6062354060275328,-0.3865556717425342,-0.3216337604513384,-0.6255432421712243,-0.28217393971398413,-0.35380193430804263,-0.38012120648103165,1.9179057779514128,-0.19738550848793063,-0.2294157338705618,-0.42008402520840293,-0.6391014819458268,1.1661397883185811
1.4498530162738514,-0.3246107505732592,1.6447688377006693,-0.8181049294173803,0.7991614979584533,1.6547863176281539,0.764501735672217,0.9440619445156881,0.8379305815963921,-0.6722392625652724,-0.6585527740981746,-0.312079621228754,-0.3626868147605197,-0.2998637292684633,-0.6062354060275328,2.586949495507729,-0.3216337604513384,-0.6255432421712243,-0.28217393971398413,2.8264401718316665,-0.38012120648103165,-0.521402047741958,-0.19738550848793063,-0.2294157338705618,-0.42008402520840293,-0.6391014819458268,1.1661397883185811
-0.03163596256904111,-1.4343910944134617,-0.7557323592466866,1.6139590606279626,-0.6137160768797487,1.6547863176281539,-0.8707960946426856,0.9440619445156881,-1.1934162828797101,1.487565597082189,-0.6585527740981746,-0.312079621228754,-0.3626868147605197,-0.2998637292684633,-0.6062354060275328,-0.3865556717425342,-0.3216337604513384,-0.6255432421712243,-0.28217393971398413,2.8264401718316665,-0.38012120648103165,-0.521402047741958,-0.19738550848793063,-0.2294157338705618,-0.42008402520840293,1.5646967316604727,-0.8575301263340543
-1.3279388190565722,-0.3246107505732592,1.097888267315317,0.06157779038625431,-0.03386130737426682,-0.6043076313522611,0.764501735672217,-1.0592525266051358,0.8379305815963921,-0.6722392625652724,-0.6585527740981746,-0.312079621228754,-0.3626868147605197,-0.2998637292684633,-0.6062354060275328,2.586949495507729,-0.3216337604513384,-0.6255432421712243,-0.28217393971398413,-0.35380193430804263,2.6307398349528825,-0.521402047741958,-0.19738550848793063,-0.2294157338705618,-0.42008402520840293,-0.6391014819458268,-0.8575301263340543
1.6350391386292131,-1.4343910944134617,1.267215305844673,-1.4390574375140637,2.4646036767668464,-0.6043076313522611,-0.05314717948523429,0.9440619445156881,0.8379305815963921,-0.6722392625652724,-0.6585527740981746,-0.312079621228754,-0.3626868147605197,-0.2998637292684633,1.6495242443074727,-0.3865556717425342,-0.3216337604513384,-0.6255432421712243,3.5439133784417334,-0.35380193430804263,-0.38012120648103165,-0.521402047741958,-0.19738550848793063,-0.2294157338705618,-0.42008402520840293,-0.6391014819458268,1.1661397883185811
-0.7723804519904874,0.7851695932669432,0.3033537019083391,-1.2320732681485025,0.7603499769297282,-0.6043076313522611,-1.688445009800137,0.9440619445156881,-1.1934162828797101,-0.6722392625652724,-0.6585527740981746,-0.312079621228754,-0.3626868147605197,-0.2998637292684633,-0.6062354060275328,-0.3865556717425342,3.1091263510296048,-0.6255432421712243,-0.28217393971398413,-0.35380193430804263,-0.38012120648103165,1.9179057779514128,-0.19738550848793063,-0.2294157338705618,2.3804761428476167,-0.6391014819458268,-0.8575301263340543
-0.2168220849244027,-1.4343910944134617,1.6805000111117496,0.32030800209320565,0.013036347257558818,-0.6043076313522611,-0.05314717948523429,-1.0592525266051358,0.8379305815963921,-0.6722392625652724,1.5184811898627333,-0.312079621228754,-0.3626868147605197,-0.2998637292684633,-0.6062354060275328,-0.3865556717425342,-0.3216337604513384,-0.6255432421712243,-0.28217393971398413,-0.35380193430804263,-0.38012120648103165,-0.521402047741958,5.06622805119022,-0.2294157338705618,-0.42008402520840293,1.5646967316604727,-0.8575301263340543
0.647379819400618,0.7851695932669432,0.6325029348084386,-1.6460416068796246,3.815850786267295,-0.6043076313522611,-0.05314717948523429,0.9440619445156881,0.8379305815963921,-0.6722392625652724,1.5184811898627333,-0.312079621228754,-0.3626868147605197,-0.2998637292684633,-0.6062354060275328,-0.3865556717425342,-0.3216337604513384,-0.6255432421712243,-0.28217393971398413,-0.35380193430804263,-0.38012120648103165,-0.521402047741958,5.06622805119022,-0.2294157338705618,-0.42008402520840293,-0.6391014819458268,1.1661397883185811
-1.0810239892494233,-1.4343910944134617,-0.9644868994710277,-0.8181049294173803,-0.3977413409738017,-0.6043076313522611,0.764501735672217,0.9440619445156881,0.8379305815963921,-0.6722392625652724,-0.6585527740981746,-0.312079621228754,2.757199763824596,-0.2998637292684633,-0.6062354060275328,-0.3865556717425342,-0.3216337604513384,-0.6255432421712243,-0.28217393971398413,-0.35380193430804263,2.6307398349528825,-0.521402047741958,-0.19738550848793063,-0.2294157338705618,2.3804761428476167,-0.6391014819458268,-0.8575301263340543
-0.957566574345849,-0.3246107505732592,0.0847422862602517,0.8377684255071084,-0.4215355266406995,-0.6043076313522611,0.764501735672217,-1.0592525266051358,0.8379305815963921,-0.6722392625652724,-0.6585527740981746,-0.312079621228754,-0.3626868147605197,-0.2998637292684633,-0.6062354060275328,2.586949495507729,-0.3216337604513384,-0.6255432421712243,-0.28217393971398413,-0.35380193430804263,-0.38012120648103165,1.9179057779514128,-0.19738550848793063,-0.2294157338705618,2.3804761428476167,-0.6391014819458268,-0.8575301263340543
1.4498530162738514,-1.4343910944134617,-1.1403265164053589,-0.24889846366208732,-0.572795143216535,1.6547863176281539,1.5821506508296683,0.9440619445156881,-1.1934162828797101,1.487565597082189,-0.6585527740981746,-0.312079621228754,2.757199763824596,-0.2998637292684633,1.6495242443074727,-0.3865556717425342,-0.3216337604513384,-0.6255432421712243,-0.28217393971398413,-0.35380193430804263,-0.38012120648103165,-0.521402047741958,-0.19738550848793063,4.358898943540674,-0.42008402520840293,-0.6391014819458268,1.1661397883185811
-1.5131249414119337,0.7851695932669432,1.5097648475218586,0.42380008677598624,-0.05755847302237347,-0.6043076313522611,1.5821506508296683,-1.0592525266051358,-1.1934162828797101,1.487565597082189,-0.6585527740981746,-0.312079621228754,2.757199763824596,-0.2998637292684633,1.6495242443074727,-0.3865556717425342,-0.3216337604513384,1.5986105077709065,-0.28217393971398413,-0.35380193430804263,-0.38012120648103165,-0.521402047741958,-0.19738550848793063,-0.2294157338705618,-0.42008402520840293,-0.6391014819458268,-0.8575301263340543
-0.2168220849244027,-0.3246107505732592,-1.5462185651046259,-1.128581183465722,-0.6292254504731793,-0.6043076313522611,-0.8707960946426856,-1.0592525266051358,-1.1934162828797101,1.487565597082189,-0.6585527740981746,-0.312079621228754,-0.3626868147605197,-0.2998637292684633,-0.6062354060275328,-0.3865556717425342,-0.3216337604513384,1.5986105077709065,-0.28217393971398413,-0.35380193430804263,-0.38012120648103165,-0.521402047741958,-0.19738550848793063,-0.2294157338705618,-0.42008402520840293,1.5646967316604727,-0.8575301263340543
-1.0810239892494233,-0.3246107505732592,-0.43291968911899553,0.941260510189889,-0.5242549634277851,-0.6043076313522611,0.764501735672217,-1.0592525266051358,0.8379305815963921,-0.6722392625652724,-0.6585527740981746,-0.312079621228754,-0.3626868147605197,-0.2998637292684633,-0.6062354060275328,2.586949495507729,-0.3216337604513384,-0.6255432421712243,3.5439133784417334,-0.35380193430804263,-0.38012120648103165,-0.521402047741958,-0.19738550848793063,-0.2294157338705618,2.3804761428476167,-0.6391014819458268,-0.8575301263340543
0.21527886723810766,-1.4343910944134617,0.44469425485955827,1.562213018286572,-0.43904452006777206,-0.6043076313522611,0.764501735672217,0.9440619445156881,-1.1934162828797101,-0.6722392625652724,1.5184811898627333,-0.312079621228754,-0.3626868147605197,-0.2998637292684633,1.6495242443074727,-0.3865556717425342,-0.3216337604513384,1.5986105077709065,-0.28217393971398413,-0.35380193430804263,-0.38012120648103165,-0.521402047741958,-0.19738550848793063,-0.2294157338705618,-0.42008402520840293,1.5646967316604727,-0.8575301263340543
0.956023356659554,-0.3246107505732592,-1.547978721430295,-1.2838193104898927,-0.5996944727789354,-0.6043076313522611,-0.8707960946426856,0.9440619445156881,-1.1934162828797101,1.487565597082189,-0.6585527740981746,-0.312079621228754,-0.3626868147605197,-0.2998637292684633,-0.6062354060275328,-0.3865556717425342,-0.3216337604513384,-0.6255432421712243,-0.28217393971398413,-0.35380193430804263,-0.38012120648103165,1.9179057779514128,-0.19738550848793063,-0.2294157338705618,-0.42008402520840293,-0.6391014819458268,1.1661397883185811
0.09182145233453327,0.7851695932669432,0.45666331787410736,0.8895144678484986,-0.3613272030651099,1.6547863176281539,0.764501735672217,-1.0592525266051358,-1.1934162828797101,1.487565597082189,-0.6585527740981746,-0.312079621228754,2.757199763824596,-0.2998637292684633,-0.6062354060275328,-0.3865556717425342,-0.3216337604513384,-0.6255432421712243,-0.28217393971398413,2.8264401718316665,-0.38012120648103165,-0.521402047741958,-0.19738550848793063,-0.2294157338705618,-0.42008402520840293,1.5646967316604727,-0.8575301263340543
-0.648923037086913,-0.3246107505732592,-0.9741677592622071,-1.335565352831283,-0.08325560448964542,-0.6043076313522611,-0.8707960946426856,0.9440619445156881,0.8379305815963921,-0.6722392625652724,-0.6585527740981746,-0.312079621228754,-0.3626868147605197,-0.2998637292684633,-0.6062354060275328,-0.3865556717425342,-0.3216337604513384,-0.6255432421712243,-0.28217393971398413,-0.35380193430804263,-0.38012120648103165,1.9179057779514128,-0.19738550848793063,-0.2294157338705618,-0.42008402520840293,1.5646967316604727,-0.8575301263340543
-1.636582356315508,0.7851695932669432,-0.7277458736685498,0.941260510189889,-0.5758924276865327,1.6547863176281539,0.764501735672217,0.9440619445156881,0.8379305815963921,-0.6722392625652724,-0.6585527740981746,-0.312079621228754,-0.3626868147605197,-0.2998637292684633,-0.6062354060275328,2.586949495507729,-0.3216337604513384,-0.6255432421712243,-0.28217393971398413,2.8264401718316665,-0.38012120648103165,-0.521402047741958,-0.19738550848793063,-0.2294157338705618,-0.42008402520840293,-0.6391014819458268,-0.8575301263340543
-1.7600397712190825,-0.3246107505732592,-1.2931080854734265,0.37205404443459594,-0.6553910013923507,1.6547863176281539,-0.05314717948523429,-1.0592525266051358,-1.1934162828797101,-0.6722392625652724,1.5184811898627333,-0.312079621228754,-0.3626868147605197,-0.2998637292684633,-0.6062354060275328,-0.3865556717425342,-0.3216337604513384,-0.6255432421712243,-0.28217393971398413,-0.35380193430804263,-0.38012120648103165,-0.521402047741958,-0.19738550848793063,4.358898943540674,-0.42008402520840293,-0.6391014819458268,-0.8575301263340543
1.3263956013702771,0.7851695932669432,-0.7191211076727718,0.42380008677598624,-0.5346886427732009,-0.6043076313522611,0.764501735672217,0.9440619445156881,-1.1934162828797101,1.487565597082189,1.5184811898627333,-0.312079621228754,-0.3626868147605197,-0.2998637292684633,1.6495242443074727,-0.3865556717425342,-0.3216337604513384,1.5986105077709065,-0.28217393971398413,-0.35380193430804263,-0.38012120648103165,-0.521402047741958,-0.19738550848793063,-0.2294157338705618,-0.42008402520840293,-0.6391014819458268,1.1661397883185811
0.647379819400618,1.8949499371071457,-1.5194641889544573,-0.5076286753690387,-0.6746915384064758,-0.6043076313522611,-0.05314717948523429,0.9440619445156881,-1.1934162828797101,-0.6722392625652724,-0.6585527740981746,-0.312079621228754,-0.3626868147605197,-0.2998637292684633,1.6495242443074727,-0.3865556717425342,-0.3216337604513384,-0.6255432421712243,-0.28217393971398413,-0.35380193430804263,2.6307398349528825,-0.521402047741958,-0.19738550848793063,-0.2294157338705618,-0.42008402520840293,-0.6391014819458268,1.1661397883185811
-0.8341091594422746,-0.3246107505732592,1.5836914131999558,0.7342763408243278,-0.1254118439676092,-0.6043076313522611,0.764501735672217,-1.0592525266051358,0.8379305815963921,-0.6722392625652724,-0.6585527740981746,3.204310477123404,-0.3626868147605197,-0.2998637292684633,-0.6062354060275328,-0.3865556717425342,-0.3216337604513384,-0.6255432421712243,3.5439133784417334,-0.35380193430804263,-0.38012120648103165,-0.521402047741958,-0.19738550848793063,-0.2294157338705618,2.3804761428476167,-0.6391014819458268,-0.8575301263340543
0.4621936970452564,-0.3246107505732592,0.2040808851406086,0.6825302984829376,-0.3786558112202395,-0.6043076313522611,-1.688445009800137,0.9440619445156881,0.8379305815963921,-0.6722392625652724,-0.6585527740981746,-0.312079621228754,-0.3626868147605197,-0.2998637292684633,-0.6062354060275328,-0.3865556717425342,3.1091263510296048,1.5986105077709065,-0.28217393971398413,-0.35380193430804263,-0.38012120648103165,-0.521402047741958,-0.19738550848793063,-0.2294157338705618,-0.42008402520840293,-0.6391014819458268,1.1661397883185811
0.33873628214168205,0.7851695932669432,-0.5439855532687082,-1.490803479855454,0.6858921327286174,-0.6043076313522611,-0.05314717948523429,0.9440619445156881,0.8379305815963921,-0.6722392625652724,1.5184811898627333,-0.312079621228754,-0.3626868147605197,-0.2998637292684633,-0.6062354060275328,-0.3865556717425342,-0.3216337604513384,1.5986105077709065,-0.28217393971398413,-0.35380193430804263,-0.38012120648103165,-0.521402047741958,-0.19738550848793063,-0.2294157338705618,-0.42008402520840293,-0.6391014819458268,1.1661397883185811
-0.957566574345849,-1.4343910944134617,0.6004680896812631,0.2685619597518154,-0.21643768981201145,-0.6043076313522611,-0.8707960946426856,0.9440619445156881,-1.1934162828797101,1.487565597082189,-0.6585527740981746,-0.312079621228754,-0.3626868147605197,-0.2998637292684633,-0.6062354060275328,-0.3865556717425342,-0.3216337604513384,1.5986105077709065,-0.28217393971398413,-0.35380193430804263,-0.38012120648103165,-0.521402047741958,-0.19738550848793063,-0.2294157338705618,2.3804761428476167,-0.6391014819458268,-0.8575301263340543
-1.5131249414119337,-0.3246107505732592,-0.11274725347980794,-1.335565352831283,0.6711137987411324,-0.6043076313522611,-0.05314717948523429,0.9440619445156881,0.8379305815963921,-0.6722392625652724,-0.6585527740981746,-0.312079621228754,-0.3626868147605197,-0.2998637292684633,1.6495242443074727,-0.3865556717425342,-0.3216337604513384,-0.6255432421712243,-0.28217393971398413,-0.35380193430804263,2.6307398349528825,-0.521402047741958,-0.19738550848793063,-0.2294157338705618,-0.42008402520840293,-0.6391014819458268,-0.8575301263340543
-1.7600397712190825,0.7851695932669432,1.289569291180669,-0.8181049294173803,0.6362263975155708,-0.6043076313522611,0.764501735672217,0.9440619445156881,-1.1934162828797101,1.487565597082189,1.5184811898627333,-0.312079621228754,-0.3626868147605197,-0.2998637292684633,1.6495242443074727,-0.3865556717425342,-0.3216337604513384,-0.6255432421712243,-0.28217393971398413,-0.35380193430804263,-0.38012120648103165,1.9179057779514128,-0.19738550848793063,-0.2294157338705618,-0.42008402520840293,-0.6391014819458268,-0.8575301263340543
-1.0192952817976362,-0.3246107505732592,1.6650106354458627,-0.7146128447345997,0.6726686192094037,-0.6043076313522611,-0.05314717948523429,0.9440619445156881,0.8379305815963921,-0.6722392625652724,1.5184811898627333,-0.312079621228754,-0.3626868147605197,-0.2998637292684633,-0.6062354060275328,-0.3865556717425342,-0.3216337604513384,1.5986105077709065,-0.28217393971398413,-0.35380193430804263,-0.38012120648103165,-0.521402047741958,-0.19738550848793063,-0.2294157338705618,2.3804761428476167,-0.6391014819458268,-0.8575301263340543
-0.46373691473155143,-0.3246107505732592,0.35211003212936987,-0.4041365906862581,-0.05840690192560583,-0.6043076313522611,-0.8707960946426856,-1.0592525266051358,0.8379305815963921,-0.6722392625652724,1.5184811898627333,-0.312079621228754,-0.3626868147605197,-0.2998637292684633,-0.6062354060275328,-0.3865556717425342,3.1091263510296048,-0.6255432421712243,-0.28217393971398413,-0.35380193430804263,2.6307398349528825,-0.521402047741958,-0.19738550848793063,-0.2294157338705618,-0.42008402520840293,1.5646967316604727,-0.8575301263340543
1.3881243088220643,-0.3246107505732592,1.5806991474463186,-0.9215970141001608,0.9300637157364136,1.6547863176281539,-0.05314717948523429,-1.0592525266051358,0.8379305815963921,-0.6722392625652724,-0.6585527740981746,-0.312079621228754,-0.3626868147605197,-0.2998637292684633,1.6495242443074727,-0.3865556717425342,-0.3216337604513384,-0.6255432421712243,-0.28217393971398413,-0.35380193430804263,-0.38012120648103165,-0.521402047741958,-0.19738550848793063,-0.2294157338705618,-0.42008402520840293,-0.6391014819458268,1.1661397883185811
-0.648923037086913,-0.3246107505732592,1.6773317297255455,1.2517367642382307,-0.2135078546820311,-0.6043076313522611,-0.05314717948523429,-1.0592525266051358,0.8379305815963921,-0.6722392625652724,-0.6585527740981746,-0.312079621228754,-0.3626868147605197,-0.2998637292684633,1.6495242443074727,-0.3865556717425342,-0.3216337604513384,-0.6255432421712243,-0.28217393971398413,-0.35380193430804263,-0.38012120648103165,-0.521402047741958,5.06622805119022,-0.2294157338705618,-0.42008402520840293,1.5646967316604727,-0.8575301263340543
0.33873628214168205,-0.3246107505732592,-1.4900695783157853,-0.559374717710429,-0.6607889246079179,-0.6043076313522611,-0.8707960946426856,0.9440619445156881,-1.1934162828797101,1.487565597082189,-0.6585527740981746,-0.312079621228754,-0.3626868147605197,-0.2998637292684633,-0.6062354060275328,-0.3865556717425342,-0.3216337604513384,-0.6255432421712243,-0.28217393971398413,-0.35380193430804263,-0.38012120648103165,1.9179057779514128,-0.19738550848793063,-0.2294157338705618,-0.42008402520840293,-0.6391014819458268,1.1661397883185811
-0.7723804519904874,0.7851695932669432,-1.527032861154834,-0.8698509717587706,-0.6509285996302888,-0.6043076313522611,0.764501735672217,0.9440619445156881,-1.1934162828797101,1.487565597082189,-0.6585527740981746,3.204310477123404,-0.3626868147605197,-0.2998637292684633,-0.6062354060275328,-0.3865556717425342,-0.3216337604513384,1.5986105077709065,-0.28217393971398413,-0.35380193430804263,-0.38012120648103165,-0.521402047741958,-0.19738550848793063,-0.2294157338705618,2.3804761428476167,-0.6391014819458268,-0.8575301263340543
0.647379819400618,-1.4343910944134617,1.2295479604753567,-0.5076286753690387,0.306094872287202,-0.6043076313522611,-0.8707960946426856,0.9440619445156881,-1.1934162828797101,1.487565597082189,-0.6585527740981746,-0.312079621228754,-0.3626868147605197,-0.2998637292684633,-0.6062354060275328,-0.3865556717425342,-0.3216337604513384,-0.6255432421712243,-0.28217393971398413,-0.35380193430804263,-0.38012120648103165,1.9179057779514128,-0.19738550848793063,-0.2294157338705618,-0.42008402520840293,-0.6391014819458268,1.1661397883185811
-0.34027949982797706,-0.3246107505732592,-0.07472787684535796,-0.7146128447345997,-0.05597922817126741,-0.6043076313522611,0.764501735672217,-1.0592525266051358,0.8379305815963921,-0.6722392625652724,-0.6585527740981746,-0.312079621228754,-0.3626868147605197,-0.2998637292684633,-0.6062354060275328,2.586949495507729,-0.3216337604513384,1.5986105077709065,-0.28217393971398413,-0.35380193430804263,-0.38012120648103165,-0.521402047741958,-0.19738550848793063,-0.2294157338705618,-0.42008402520840293,1.5646967316604727,-0.8575301263340543
1.2029381864667028,0.7851695932669432,1.528246488941383,1.562213018286572,-0.283255590250648,1.6547863176281539,1.5821506508296683,-1.0592525266051358,0.8379305815963921,-0.6722392625652724,1.5184811898627333,-0.312079621228754,-0.3626868147605197,-0.2998637292684633,-0.6062354060275328,2.586949495507729,-0.3216337604513384,-0.6255432421712243,-0.28217393971398413,-0.35380193430804263,-0.38012120648103165,-0.521402047741958,-0.19738550848793063,-0.2294157338705618,-0.42008402520840293,-0.6391014819458268,1.1661397883185811
1.26466689391849,-0.3246107505732592,1.7621712646227903,-0.8698509717587706,0.9333165109123042,-0.6043076313522611,-1.688445009800137,-1.0592525266051358,0.8379305815963921,-0.6722392625652724,-0.6585527740981746,-0.312079621228754,-0.3626868147605197,3.334848140652303,-0.6062354060275328,-0.3865556717425342,-0.3216337604513384,1.5986105077709065,-0.28217393971398413,-0.35380193430804263,-0.38012120648103165,-0.521402047741958,-0.19738550848793063,-0.2294157338705618,-0.42008402520840293,-0.6391014819458268,1.1661397883185811
-1.0192952817976362,-0.3246107505732592,1.206489912609093,0.4755461291173765,-0.13618651853449787,-0.6043076313522611,-0.8707960946426856,-1.0592525266051358,-1.1934162828797101,-0.6722392625652724,-0.6585527740981746,-0.312079621228754,-0.3626868147605197,-0.2998637292684633,-0.6062354060275328,-0.3865556717425342,-0.3216337604513384,-0.6255432421712243,-0.28217393971398413,-0.35380193430804263,2.6307398349528825,-0.521402047741958,-0.19738550848793063,-0.2294157338705618,2.3804761428476167,-0.6391014819458268,-0.8575301263340543
0.956023356659554,-1.4343910944134617,0.44557433302239274,-0.559374717710429,0.05636711890389814,-0.6043076313522611,1.5821506508296683,-1.0592525266051358,0.8379305815963921,-0.6722392625652724,-0.6585527740981746,-0.312079621228754,2.757199763824596,-0.2998637292684633,1.6495242443074727,-0.3865556717425342,-0.3216337604513384,-0.6255432421712243,3.5439133784417334,-0.35380193430804263,-0.38012120648103165,-0.521402047741958,-0.19738550848793063,-0.2294157338705618,-0.42008402520840293,-0.6391014819458268,1.1661397883185811
-0.0933646700208283,-1.4343910944134617,1.747209935854604,-1.0250890987829415,1.2224242007296535,-0.6043076313522611,-0.05314717948523429,-1.0592525266051358,0.8379305815963921,-0.6722392625652724,-0.6585527740981746,-0.312079621228754,-0.3626868147605197,-0.2998637292684633,1.6495242443074727,-0.3865556717425342,-0.3216337604513384,1.5986105077709065,-0.28217393971398413,-0.35380193430804263,-0.38012120648103165,-0.521402047741958,-0.19738550848793063,-0.2294157338705618,-0.42008402520840293,1.5646967316604727,-0.8575301263340543
0.7708372343041924,0.7851695932669432,-0.9870169004395907,0.6307842561415473,-0.6051762019652217,-0.6043076313522611,0.764501735672217,-1.0592525266051358,0.8379305815963921,-0.6722392625652724,-0.6585527740981746,3.204310477123404,-0.3626868147605197,-0.2998637292684633,-0.6062354060275328,-0.3865556717425342,-0.3216337604513384,-0.6255432421712243,-0.28217393971398413,-0.35380193430804263,-0.38012120648103165,1.9179057779514128,-0.19738550848793063,-0.2294157338705618,-0.42008402520840293,-0.6391014819458268,1.1661397883185811
0.7708372343041924,1.8949499371071457,0.3874891742753164,-0.9215970141001608,0.3251062809664925,1.6547863176281539,-0.05314717948523429,0.9440619445156881,-1.1934162828797101,-0.6722392625652724,1.5184811898627333,-0.312079621228754,-0.3626868147605197,-0.2998637292684633,-0.6062354060275328,-0.3865556717425342,-0.3216337604513384,-0.6255432421712243,-0.28217393971398413,-0.35380193430804263,-0.38012120648103165,-0.521402047741958,-0.19738550848793063,-0.2294157338705618,-0.42008402520840293,-0.6391014819458268,1.1661397883185811
0.4004649895934692,0.7851695932669432,-1.1859145652401855,-1.1803272258071122,-0.37246944481987593,1.6547863176281539,-0.05314717948523429,-1.0592525266051358,0.8379305815963921,-0.6722392625652724,1.5184811898627333,-0.312079621228754,-0.3626868147605197,-0.2998637292684633,-0.6062354060275328,-0.3865556717425342,-0.3216337604513384,-0.6255432421712243,-0.28217393971398413,-0.35380193430804263,-0.38012120648103165,-0.521402047741958,-0.19738550848793063,4.358898943540674,-0.42008402520840293,-0.6391014819458268,1.1661397883185811
0.21527886723810766,-0.3246107505732592,1.3548710908629882,-0.4041365906862581,0.2746826475034147,-0.6043076313522611,-1.688445009800137,0.9440619445156881,0.8379305815963921,-0.6722392625652724,-0.6585527740981746,-0.312079621228754,-0.3626868147605197,-0.2998637292684633,-0.6062354060275328,-0.3865556717425342,3.1091263510296048,-0.6255432421712243,3.5439133784417334,-0.35380193430804263,-0.38012120648103165,-0.521402047741958,-0.19738550848793063,-0.2294157338705618,-0.42008402520840293,1.5646967316604727,-0.8575301263340543
0.03009274488274608,-1.4343910944134617,0.9099035717338699,1.14824467955545,-0.3205188452749942,1.6547863176281539,0.764501735672217,0.9440619445156881,0.8379305815963921,-0.6722392625652724,1.5184811898627333,-0.312079621228754,-0.3626868147605197,-0.2998637292684633,1.6495242443074727,-0.3865556717425342,-0.3216337604513384,-0.6255432421712243,-0.28217393971398413,2.8264401718316665,-0.38012120648103165,-0.521402047741958,-0.19738550848793063,-0.2294157338705618,-0.42008402520840293,1.5646967316604727,-0.8575301263340543
-0.2168220849244027,-0.3246107505732592,1.2441572579784093,0.2685619597518154,-0.06880298656136198,1.6547863176281539,0.764501735672217,-1.0592525266051358,0.8379305815963921,-0.6722392625652724,-0.6585527740981746,-0.312079621228754,2.757199763824596,-0.2998637292684633,-0.6062354060275328,-0.3865556717425342,-0.3216337604513384,-0.6255432421712243,-0.28217393971398413,-0.35380193430804263,-0.38012120648103165,-0.521402047741958,-0.19738550848793063,-0.2294157338705618,-0.42008402520840293,1.5646967316604727,-0.8575301263340543
0.5239224044970436,1.8949499371071457,0.9002227119426905,-1.335565352831283,1.5581991922011091,-0.6043076313522611,-0.05314717948523429,0.9440619445156881,0.8379305815963921,-0.6722392625652724,1.5184811898627333,-0.312079621228754,-0.3626868147605197,-0.2998637292684633,-0.6062354060275328,-0.3865556717425342,-0.3216337604513384,-0.6255432421712243,-0.28217393971398413,-0.35380193430804263,2.6307398349528825,-0.521402047741958,-0.19738550848793063,-0.2294157338705618,-0.42008402520840293,-0.6391014819458268,1.1661397883185811
1.2029381864667028,0.7851695932669432,0.6699942645451878,-0.559374717710429,0.13951470056049214,-0.6043076313522611,-0.05314717948523429,0.9440619445156881,0.8379305815963921,-0.6722392625652724,1.5184811898627333,-0.312079621228754,-0.3626868147605197,-0.2998637292684633,-0.6062354060275328,-0.3865556717425342,-0.3216337604513384,-0.6255432421712243,-0.28217393971398413,-0.35380193430804263,-0.38012120648103165,1.9179057779514128,-0.19738550848793063,-0.2294157338705618,-0.42008402520840293,-0.6391014819458268,1.1661397883185811
-0.2168220849244027,0.7851695932669432,-0.0071378739396690954,-0.14540637897930678,-0.26233650665687874,-0.6043076313522611,-0.8707960946426856,0.9440619445156881,0.8379305815963921,-0.6722392625652724,-0.6585527740981746,-0.312079621228754,-0.3626868147605197,-0.2998637292684633,-0.6062354060275328,-0.3865556717425342,-0.3216337604513384,1.5986105077709065,-0.28217393971398413,-0.35380193430804263,-0.38012120648103165,-0.521402047741958,-0.19738550848793063,-0.2294157338705618,-0.42008402520840293,1.5646967316604727,-0.8575301263340543
0.7091085268524052,-1.4343910944134617,-0.8560612698098186,0.2685619597518154,-0.5505030902492891,1.6547863176281539,-0.05314717948523429,0.9440619445156881,-1.1934162828797101,1.487565597082189,1.5184811898627333,-0.312079621228754,-0.3626868147605197,-0.2998637292684633,-0.6062354060275328,-0.3865556717425342,-0.3216337604513384,-0.6255432421712243,-0.28217393971398413,2.8264401718316665,-0.38012120648103165,-0.521402047741958,-0.19738550848793063,-0.2294157338705618,-0.42008402520840293,-0.6391014819458268,1.1661397883185811
0.5856511119488308,0.7851695932669432,-0.8986570528910078,-0.9215970141001608,-0.3269698328945214,-0.6043076313522611,-0.05314717948523429,-1.0592525266051358,0.8379305815963921,-0.6722392625652724,1.5184811898627333,-0.312079621228754,-0.3626868147605197,-0.2998637292684633,-0.6062354060275328,-0.3865556717425342,-0.3216337604513384,-0.6255432421712243,3.5439133784417334,-0.35380193430804263,-0.38012120648103165,-0.521402047741958,-0.19738550848793063,-0.2294157338705618,-0.42008402520840293,-0.6391014819458268,1.1661397883185811
-1.5748536488637208,0.7851695932669432,-0.20849975759620049,-0.6628668023932095,-0.13871449800634753,-0.6043076313522611,-0.05314717948523429,-1.0592525266051358,0.8379305815963921,-0.6722392625652724,1.5184811898627333,-0.312079621228754,-0.3626868147605197,-0.2998637292684633,-0.6062354060275328,-0.3865556717425342,-0.3216337604513384,1.5986105077709065,-0.28217393971398413,-0.35380193430804263,-0.38012120648103165,-0.521402047741958,-0.19738550848793063,-0.2294157338705618,-0.42008402520840293,-0.6391014819458268,-0.8575301263340543
0.5856511119488308,-1.4343910944134617,-0.78107861033632,0.42380008677598624,-0.5479516783692123,-0.6043076313522611,0.764501735672217,-1.0592525266051358,0.8379305815963921,-0.6722392625652724,1.5184811898627333,-0.312079621228754,-0.3626868147605197,-0.2998637292684633,1.6495242443074727,-0.3865556717425342,-0.3216337604513384,1.5986105077709065,-0.28217393971398413,-0.35380193430804263,-0.38012120648103165,-0.521402047741958,-0.19738550848793063,-0.2294157338705618,-0.42008402520840293,-0.6391014819458268,1.1661397883185811
-0.5254656221833386,-0.3246107505732592,1.3122753077817988,1.303482806579621,-0.2789285281528484,1.6547863176281539,-0.8707960946426856,0.9440619445156881,-1.1934162828797101,1.487565597082189,-0.6585527740981746,-0.312079621228754,-0.3626868147605197,-0.2998637292684633,-0.6062354060275328,-0.3865556717425342,-0.3216337604513384,-0.6255432421712243,-0.28217393971398413,-0.35380193430804263,-0.38012120648103165,-0.521402047741958,-0.19738550848793063,-0.2294157338705618,-0.42008402520840293,1.5646967316604727,-0.8575301263340543
-0.2168220849244027,-1.4343910944134617,0.7229749699478242,-1.2320732681485025,1.0712893254306228,1.6547863176281539,-0.05314717948523429,0.9440619445156881,-1.1934162828797101,1.487565597082189,-0.6585527740981746,-0.312079621228754,-0.3626868147605197,-0.2998637292684633,1.6495242443074727,-0.3865556717425342,-0.3216337604513384,-0.6255432421712243,-0.28217393971398413,-0.35380193430804263,-0.38012120648103165,-0.521402047741958,-0.19738550848793063,-0.2294157338705618,-0.42008402520840293,1.5646967316604727,-0.8575301263340543
1.3263956013702771,1.8949499371071457,1.626463211913712,0.941260510189889,-0.1635634220383245,-0.6043076313522611,-0.8707960946426856,0.9440619445156881,0.8379305815963921,-0.6722392625652724,1.5184811898627333,-0.312079621228754,-0.3626868147605197,-0.2998637292684633,-0.6062354060275328,-0.3865556717425342,3.1091263510296048,1.5986105077709065,-0.28217393971398413,-0.35380193430804263,-0.38012120648103165,-0.521402047741958,-0.19738550848793063,-0.2294157338705618,-0.42008402520840293,-0.6391014819458268,1.1661397883185811
-1.4513962339601465,0.7851695932669432,0.339788937849687,0.42380008677598624,-0.3080113071322803,-0.6043076313522611,-0.05314717948523429,-1.0592525266051358,0.8379305815963921,-0.6722392625652724,1.5184811898627333,-0.312079621228754,-0.3626868147605197,-0.2998637292684633,-0.6062354060275328,-0.3865556717425342,-0.3216337604513384,1.5986105077709065,-0.28217393971398413,-0.35380193430804263,-0.38012120648103165,-0.521402047741958,-0.19738550848793063,-0.2294157338705618,-0.42008402520840293,-0.6391014819458268,-0.8575301263340543
0.5239224044970436,0.7851695932669432,1.7296083725979143,1.6139590606279626,-0.261638335498332,-0.6043076313522611,0.764501735672217,-1.0592525266051358,0.8379305815963921,-0.6722392625652724,1.5184811898627333,-0.312079621228754,-0.3626868147605197,-0.2998637292684633,1.6495242443074727,-0.3865556717425342,-0.3216337604513384,-0.6255432421712243,-0.28217393971398413,-0.35380193430804263,-0.38012120648103165,1.9179057779514128,-0.19738550848793063,-0.2294157338705618,-0.42008402520840293,-0.6391014819458268,1.1661397883185811
1.26466689391849,-0.3246107505732592,0.951091229754524,-1.5942955645382344,3.56586894063736,-0.6043076313522611,0.764501735672217,0.9440619445156881,-1.1934162828797101,1.487565597082189,-0.6585527740981746,3.204310477123404,-0.3626868147605197,-0.2998637292684633,-0.6062354060275328,-0.3865556717425342,-0.3216337604513384,-0.6255432421712243,-0.28217393971398413,-0.35380193430804263,2.6307398349528825,-0.521402047741958,-0.19738550848793063,-0.2294157338705618,-0.42008402520840293,-0.6391014819458268,1.1661397883185811
0.09182145233453327,-0.3246107505732592,-0.17963319385522922,1.4587209336037916,-0.5219096384150685,-0.6043076313522611,-0.8707960946426856,-1.0592525266051358,-1.1934162828797101,-0.6722392625652724,-0.6585527740981746,-0.312079621228754,-0.3626868147605197,-0.2998637292684633,-0.6062354060275328,-0.3865556717425342,-0.3216337604513384,-0.6255432421712243,-0.28217393971398413,-0.35380193430804263,-0.38012120648103165,1.9179057779514128,-0.19738550848793063,-0.2294157338705618,-0.42008402520840293,1.5646967316604727,-0.8575301263340543
0.4621936970452564,-0.3246107505732592,1.2684474152726413,-1.1803272258071122,1.316306848967701,1.6547863176281539,-0.05314717948523429,-1.0592525266051358,0.8379305815963921,-0.6722392625652724,1.5184811898627333,-0.312079621228754,-0.3626868147605197,-0.2998637292684633,-0.6062354060275328,-0.3865556717425342,-0.3216337604513384,-0.6255432421712243,-0.28217393971398413,-0.35380193430804263,-0.38012120648103165,-0.521402047741958,-0.19738550848793063,-0.2294157338705618,-0.42008402520840293,-0.6391014819458268,1.1661397883185811
0.8942946492077668,0.7851695932669432,-0.6749411838984803,1.3552288489210111,-0.5903083452137793,1.6547863176281539,-0.8707960946426856,0.9440619445156881,0.8379305815963921,-0.6722392625652724,-0.6585527740981746,-0.312079621228754,-0.3626868147605197,-0.2998637292684633,-0.6062354060275328,-0.3865556717425342,-0.3216337604513384,-0.6255432421712243,-0.28217393971398413,2.8264401718316665,-0.38012120648103165,-0.521402047741958,-0.19738550848793063,-0.2294157338705618,-0.42008402520840293,-0.6391014819458268,1.1661397883185811
-0.8958378668940618,0.7851695932669432,1.5870357102187267,0.9930065525312792,-0.18087133116726925,-0.6043076313522611,1.5821506508296683,0.9440619445156881,-1.1934162828797101,1.487565597082189,1.5184811898627333,-0.312079621228754,-0.3626868147605197,-0.2998637292684633,-0.6062354060275328,2.586949495507729,-0.3216337604513384,-0.6255432421712243,-0.28217393971398413,-0.35380193430804263,2.6307398349528825,-0.521402047741958,-0.19738550848793063,-0.2294157338705618,2.3804761428476167,-0.6391014819458268,-0.8575301263340543
1.2029381864667028,0.7851695932669432,-1.6646770858221482,0.21681591741042514,-0.7355493766982715,1.6547863176281539,0.764501735672217,-1.0592525266051358,0.8379305815963921,-0.6722392625652724,-0.6585527740981746,-0.312079621228754,2.757199763824596,-0.2998637292684633,-0.6062354060275328,-0.3865556717425342,-0.3216337604513384,-0.6255432421712243,-0.28217393971398413,2.8264401718316665,-0.38012120648103165,-0.521402047741958,-0.19738550848793063,-0.2294157338705618,-0.42008402520840293,-0.6391014819458268,1.1661397883185811
1.6350391386292131,0.7851695932669432,-0.33364687235126506,1.7691971876521333,-0.5623344724922557,-0.6043076313522611,-0.8707960946426856,-1.0592525266051358,0.8379305815963921,-0.6722392625652724,-0.6585527740981746,-0.312079621228754,-0.3626868147605197,-0.2998637292684633,-0.6062354060275328,-0.3865556717425342,-0.3216337604513384,1.5986105077709065,-0.28217393971398413,-0.35380193430804263,-0.38012120648103165,-0.521402047741958,-0.19738550848793063,-0.2294157338705618,-0.42008402520840293,-0.6391014819458268,1.1661397883185811
0.03009274488274608,-1.4343910944134617,0.19686424420536577,-0.4041365906862581,-0.1099752681879186,-0.6043076313522611,1.5821506508296683,-1.0592525266051358,0.8379305815963921,-0.6722392625652724,-0.6585527740981746,-0.312079621228754,2.757199763824596,-0.2998637292684633,1.6495242443074727,-0.3865556717425342,-0.3216337604513384,1.5986105077709065,-0.28217393971398413,-0.35380193430804263,-0.38012120648103165,-0.521402047741958,-0.19738550848793063,-0.2294157338705618,-0.42008402520840293,1.5646967316604727,-0.8575301263340543
-0.15509337747261548,-0.3246107505732592,1.2228593664378147,0.21681591741042514,-0.057119190108370306,-0.6043076313522611,0.764501735672217,0.9440619445156881,0.8379305815963921,-0.6722392625652724,-0.6585527740981746,-0.312079621228754,2.757199763824596,-0.2998637292684633,-0.6062354060275328,-0.3865556717425342,-0.3216337604513384,-0.6255432421712243,-0.28217393971398413,-0.35380193430804263,-0.38012120648103165,-0.521402047741958,5.06622805119022,-0.2294157338705618,-0.42008402520840293,1.5646967316604727,-0.8575301263340543
-0.5871943296351259,1.8949499371071457,0.3785123770144046,0.009831748044864034,-0.20171557191179035,-0.6043076313522611,-0.8707960946426856,-1.0592525266051358,0.8379305815963921,-0.6722392625652724,-0.6585527740981746,-0.312079621228754,-0.3626868147605197,-0.2998637292684633,-0.6062354060275328,-0.3865556717425342,-0.3216337604513384,-0.6255432421712243,-0.28217393971398413,-0.35380193430804263,-0.38012120648103165,1.9179057779514128,-0.19738550848793063,-0.2294157338705618,-0.42008402520840293,1.5646967316604727,-0.8575301263340543
-0.15509337747261548,1.8949499371071457,0.19932846306130234,1.3552288489210111,-0.4566283577840143,-0.6043076313522611,-1.688445009800137,0.9440619445156881,0.8379305815963921,-0.6722392625652724,-0.6585527740981746,-0.312079621228754,-0.3626868147605197,3.334848140652303,-0.6062354060275328,-0.3865556717425342,-0.3216337604513384,1.5986105077709065,-0.28217393971398413,-0.35380193430804263,-0.38012120648103165,-0.521402047741958,-0.19738550848793063,-0.2294157338705618,-0.42008402520840293,1.5646967316604727,-0.8575301263340543
-1.0810239892494233,0.7851695932669432,-1.5956789578559243,1.2517367642382307,-0.7303752452768695,-0.6043076313522611,0.764501735672217,0.9440619445156881,0.8379305815963921,-0.6722392625652724,-0.6585527740981746,-0.312079621228754,2.757199763824596,-0.2998637292684633,-0.6062354060275328,-0.3865556717425342,-0.3216337604513384,1.5986105077709065,-0.28217393971398413,-0.35380193430804263,-0.38012120648103165,-0.521402047741958,-0.19738550848793063,-0.2294157338705618,2.3804761428476167,-0.6391014819458268,-0.8575301263340543
-0.03163596256904111,0.7851695932669432,1.6185425084482015,-1.6460416068796246,5.715554560925529,1.6547863176281539,1.5821506508296683,0.9440619445156881,-1.1934162828797101,1.487565597082189,1.5184811898627333,-0.312079621228754,-0.3626868147605197,-0.2998637292684633,-0.6062354060275328,2.586949495507729,-0.3216337604513384,-0.6255432421712243,-0.28217393971398413,-0.35380193430804263,-0.38012120648103165,-0.521402047741958,-0.19738550848793063,-0.2294157338705618,-0.42008402520840293,1.5646967316604727,-0.8575301263340543
0.09182145233453327,-1.4343910944134617,-1.6027195831586,0.16506987506903484,-0.72019216549497,-0.6043076313522611,-0.8707960946426856,0.9440619445156881,-1.1934162828797101,1.487565597082189,-0.6585527740981746,-0.312079621228754,-0.3626868147605197,-0.2998637292684633,-0.6062354060275328,-0.3865556717425342,-0.3216337604513384,-0.6255432421712243,3.5439133784417334,-0.35380193430804263,-0.38012120648103165,-0.521402047741958,-0.19738550848793063,-0.2294157338705618,-0.42008402520840293,1.5646967316604727,-0.8575301263340543
-1.0810239892494233,-0.3246107505732592,0.348413703845465,-1.335565352831283,1.0749650117498446,-0.6043076313522611,-1.688445009800137,-1.0592525266051358,-1.1934162828797101,1.487565597082189,-0.6585527740981746,-0.312079621228754,-0.3626868147605197,-0.2998637292684633,-0.6062354060275328,-0.3865556717425342,3.1091263510296048,-0.6255432421712243,-0.28217393971398413,-0.35380193430804263,-0.38012120648103165,1.9179057779514128,-0.19738550848793063,-0.2294157338705618,2.3804761428476167,-0.6391014819458268,-0.8575301263340543
-1.5748536488637208,0.7851695932669432,0.5330541024081411,0.9930065525312792,-0.36217498232905954,1.6547863176281539,-0.05314717948523429,-1.0592525266051358,0.8379305815963921,-0.6722392625652724,-0.6585527740981746,-0.312079621228754,-0.3626868147605197,-0.2998637292684633,1.6495242443074727,-0.3865556717425342,-0.3216337604513384,-0.6255432421712243,-0.28217393971398413,2.8264401718316665,-0.38012120648103165,-0.521402047741958,-0.19738550848793063,-0.2294157338705618,-0.42008402520840293,-0.6391014819458268,-0.8575301263340543
-0.8341091594422746,0.7851695932669432,-1.1978836282547345,-0.14540637897930678,-0.5997027843403467,-0.6043076313522611,-0.05314717948523429,0.9440619445156881,0.8379305815963921,-0.6722392625652724,-0.6585527740981746,3.204310477123404,-0.3626868147605197,-0.2998637292684633,-0.6062354060275328,-0.3865556717425342,3.1091263510296048,1.5986105077709065,-0.28217393971398413,-0.35380193430804263,-0.38012120648103165,-0.521402047741958,-0.19738550848793063,-0.2294157338705618,2.3804761428476167,-0.6391014819458268,-0.8575301263340543
0.09182145233453327,-1.4343910944134617,-0.9794482282392141,-0.14540637897930678,-0.537814898072027,1.6547863176281539,-1.688445009800137,0.9440619445156881,0.8379305815963921,-0.6722392625652724,-0.6585527740981746,-0.312079621228754,-0.3626868147605197,-0.2998637292684633,-0.6062354060275328,-0.3865556717425342,3.1091263510296048,-0.6255432421712243,-0.28217393971398413,-0.35380193430804263,-0.38012120648103165,-0.521402047741958,-0.19738550848793063,-0.2294157338705618,-0.42008402520840293,1.5646967316604727,-0.8575301263340543
-0.4020082072797643,-1.4343910944134617,1.4632967205241973,0.941260510189889,-0.1921412903176432,1.6547863176281539,-0.8707960946426856,-1.0592525266051358,-1.1934162828797101,-0.6722392625652724,-0.6585527740981746,-0.312079621228754,-0.3626868147605197,-0.2998637292684633,-0.6062354060275328,-0.3865556717425342,-0.3216337604513384,-0.6255432421712243,-0.28217393971398413,-0.35380193430804263,-0.38012120648103165,-0.521402047741958,-0.19738550848793063,-0.2294157338705618,-0.42008402520840293,1.5646967316604727,-0.8575301263340543
0.15355015978632047,0.7851695932669432,0.3503498758037009,-1.6977876492210149,4.278568708530979,-0.6043076313522611,1.5821506508296683,-1.0592525266051358,-1.1934162828797101,1.487565597082189,-0.6585527740981746,-0.312079621228754,2.757199763824596,-0.2998637292684633,1.6495242443074727,-0.3865556717425342,-0.3216337604513384,1.5986105077709065,-0.28217393971398413,-0.35380193430804263,-0.38012120648103165,-0.521402047741958,-0.19738550848793063,-0.2294157338705618,-0.42008402520840293,1.5646967316604727,-0.8575301263340543
-0.2168220849244027,-0.3246107505732592,-1.1095237807061518,0.6307842561415473,-0.6292600537084426,-0.6043076313522611,-0.05314717948523429,-1.0592525266051358,-1.1934162828797101,1.487565597082189,-0.6585527740981746,-0.312079621228754,-0.3626868147605197,-0.2998637292684633,1.6495242443074727,-0.3865556717425342,-0.3216337604513384,-0.6255432421712243,-0.28217393971398413,-0.35380193430804263,-0.38012120648103165,1.9179057779514128,-0.19738550848793063,-0.2294157338705618,-0.42008402520840293,1.5646967316604727,-0.8575301263340543
-0.5254656221833386,-1.4343910944134617,-0.2711613227900162,0.2685619597518154,-0.41635211433955216,-0.6043076313522611,-0.05314717948523429,-1.0592525266051358,0.8379305815963921,-0.6722392625652724,1.5184811898627333,-0.312079621228754,-0.3626868147605197,-0.2998637292684633,-0.6062354060275328,-0.3865556717425342,-0.3216337604513384,-0.6255432421712243,3.5439133784417334,-0.35380193430804263,-0.38012120648103165,-0.521402047741958,-0.19738550848793063,-0.2294157338705618,-0.42008402520840293,1.5646967316604727,-0.8575301263340543
0.8325659417559795,0.7851695932669432,1.3677202320403719,-1.1803272258071122,1.3846136353773537,-0.6043076313522611,-0.05314717948523429,0.9440619445156881,0.8379305815963921,-0.6722392625652724,1.5184811898627333,-0.312079621228754,-0.3626868147605197,-0.2998637292684633,-0.6062354060275328,-0.3865556717425342,-0.3216337604513384,-0.6255432421712243,3.5439133784417334,-0.35380193430804263,-0.38012120648103165,-0.521402047741958,-0.19738550848793063,-0.2294157338705618,-0.42008402520840293,-0.6391014819458268,1.1661397883185811
-1.3896675265083593,-1.4343910944134617,1.5183896135176365,-1.490803479855454,3.169249541652945,-0.6043076313522611,-0.05314717948523429,0.9440619445156881,0.8379305815963921,-0.6722392625652724,-0.6585527740981746,-0.312079621228754,-0.3626868147605197,-0.2998637292684633,1.6495242443074727,-0.3865556717425342,-0.3216337604513384,1.5986105077709065,-0.28217393971398413,-0.35380193430804263,-0.38012120648103165,-0.521402047741958,-0.19738550848793063,-0.2294157338705618,-0.42008402520840293,-0.6391014819458268,-0.8575301263340543
0.4004649895934692,-1.4343910944134617,1.5078286755636225,0.32030800209320565,-0.025646046134745568,-0.6043076313522611,-0.8707960946426856,-1.0592525266051358,0.8379305815963921,-0.6722392625652724,-0.6585527740981746,-0.312079621228754,-0.3626868147605197,-0.2998637292684633,-0.6062354060275328,-0.3865556717425342,-0.3216337604513384,-0.6255432421712243,-0.28217393971398413,-0.35380193430804263,-0.38012120648103165,1.9179057779514128,-0.19738550848793063,-0.2294157338705618,-0.42008402520840293,-0.6391014819458268,1.1661397883185811
0.03009274488274608,-0.3246107505732592,-1.4884854376226833,-0.3523905483448679,-0.6725752301698016,-0.6043076313522611,-0.8707960946426856,-1.0592525266051358,0.8379305815963921,-0.6722392625652724,1.5184811898627333,-0.312079621228754,-0.3626868147605197,-0.2998637292684633,-0.6062354060275328,-0.3865556717425342,3.1091263510296048,1.5986105077709065,-0.28217393971398413,-0.35380193430804263,-0.38012120648103165,-0.521402047741958,-0.19738550848793063,-0.2294157338705618,-0.42008402520840293,1.5646967316604727,-0.8575301263340543
-1.1427526967012105,1.8949499371071457,-0.5064942235319589,0.4755461291173765,-0.4949077270891666,-0.6043076313522611,0.764501735672217,0.9440619445156881,0.8379305815963921,-0.6722392625652724,-0.6585527740981746,-0.312079621228754,-0.3626868147605197,-0.2998637292684633,-0.6062354060275328,2.586949495507729,-0.3216337604513384,-0.6255432421712243,-0.28217393971398413,-0.35380193430804263,-0.38012120648103165,1.9179057779514128,-0.19738550848793063,-0.2294157338705618,2.3804761428476167,-0.6391014819458268,-0.8575301263340543
-1.266210111604785,0.7851695932669432,1.2061378813439594,-1.2838193104898927,1.6111725510575956,1.6547863176281539,-0.05314717948523429,0.9440619445156881,0.8379305815963921,-0.6722392625652724,1.5184811898627333,-0.312079621228754,-0.3626868147605197,-0.2998637292684633,-0.6062354060275328,-0.3865556717425342,-0.3216337604513384,-0.6255432421712243,-0.28217393971398413,2.8264401718316665,-0.38012120648103165,-0.521402047741958,-0.19738550848793063,-0.2294157338705618,2.3804761428476167,-0.6391014819458268,-0.8575301263340543
1.5115817237256386,-0.3246107505732592,-0.9042895531331486,0.8895144678484986,-0.6041060648746732,-0.6043076313522611,-0.8707960946426856,-1.0592525266051358,-1.1934162828797101,1.487565597082189,-0.6585527740981746,-0.312079621228754,-0.3626868147605197,-0.2998637292684633,-0.6062354060275328,-0.3865556717425342,-0.3216337604513384,-0.6255432421712243,-0.28217393971398413,-0.35380193430804263,-0.38012120648103165,1.9179057779514128,-0.19738550848793063,-0.2294157338705618,-0.42008402520840293,-0.6391014819458268,1.1661397883185811
-0.46373691473155143,-1.4343910944134617,-1.582477785413407,0.21681591741042514,-0.7162365515146394,-0.6043076313522611,0.764501735672217,0.9440619445156881,-1.1934162828797101,-0.6722392625652724,1.5184811898627333,-0.312079621228754,-0.3626868147605197,-0.2998637292684633,1.6495242443074727,-0.3865556717425342,-0.3216337604513384,1.5986105077709065,-0.28217393971398413,-0.35380193430804263,-0.38012120648103165,-0.521402047741958,-0.19738550848793063,-0.2294157338705618,-0.42008402520840293,1.5646967316604727,-0.8575301263340543
1.5733104311774257,-1.4343910944134617,-0.7238735297520781,0.6307842561415473,-0.5534443652466653,1.6547863176281539,-0.8707960946426856,-1.0592525266051358,-1.1934162828797101,1.487565597082189,1.5184811898627333,-0.312079621228754,-0.3626868147605197,-0.2998637292684633,-0.6062354060275328,-0.3865556717425342,3.1091263510296048,-0.6255432421712243,-0.28217393971398413,-0.35380193430804263,-0.38012120648103165,-0.521402047741958,-0.19738550848793063,-0.2294157338705618,-0.42008402520840293,-0.6391014819458268,1.1661397883185811
-0.5254656221833386,0.7851695932669432,0.23329948014671367,-0.6628668023932095,0.03861266470310771,-0.6043076313522611,1.5821506508296683,-1.0592525266051358,0.8379305815963921,-0.6722392625652724,1.5184811898627333,-0.312079621228754,-0.3626868147605197,-0.2998637292684633,-0.6062354060275328,2.586949495507729,-0.3216337604513384,-0.6255432421712243,-0.28217393971398413,-0.35380193430804263,-0.38012120648103165,1.9179057779514128,-0.19738550848793063,-0.2294157338705618,-0.42008402520840293,1.5646967316604727,-0.8575301263340543
-1.4513962339601465,0.7851695932669432,-1.0889299516958246,-0.09366033663791651,-0.574095576051772,-0.6043076313522611,-0.05314717948523429,0.9440619445156881,0.8379305815963921,-0.6722392625652724,-0.6585527740981746,-0.312079621228754,-0.3626868147605197,-0.2998637292684633,1.6495242443074727,-0.3865556717425342,-0.3216337604513384,1.5986105077709065,-0.28217393971398413,-0.35380193430804263,-0.38012120648103165,-0.521402047741958,-0.19738550848793063,-0.2294157338705618,-0.42008402520840293,-0.6391014819458268,-0.8575301263340543
1.4498530162738514,1.8949499371071457,-0.17312061545025398,0.6307842561415473,-0.44517084210796093,-0.6043076313522611,0.764501735672217,-1.0592525266051358,0.8379305815963921,-0.6722392625652724,-0.6585527740981746,3.204310477123404,-0.3626868147605197,-0.2998637292684633,-0.6062354060275328,-0.3865556717425342,-0.3216337604513384,-0.6255432421712243,-0.28217393971398413,-0.35380193430804263,-0.38012120648103165,1.9179057779514128,-0.19738550848793063,-0.2294157338705618,-0.42008402520840293,-0.6391014819458268,1.1661397883185811
-0.34027949982797706,-0.3246107505732592,-1.570156691133724,-1.2320732681485025,-0.6279211746824878,-0.6043076313522611,-0.8707960946426856,-1.0592525266051358,-1.1934162828797101,-0.6722392625652724,-0.6585527740981746,-0.312079621228754,-0.3626868147605197,-0.2998637292684633,-0.6062354060275328,-0.3865556717425342,-0.3216337604513384,-0.6255432421712243,3.5439133784417334,-0.35380193430804263,-0.38012120648103165,-0.521402047741958,-0.19738550848793063,-0.2294157338705618,-0.42008402520840293,1.5646967316604727,-0.8575301263340543
-0.8958378668940618,0.7851695932669432,0.29965737362443423,-0.9215970141001608,0.2805755596285089,-0.6043076313522611,-1.688445009800137,0.9440619445156881,0.8379305815963921,-0.6722392625652724,-0.6585527740981746,-0.312079621228754,-0.3626868147605197,-0.2998637292684633,-0.6062354060275328,-0.3865556717425342,3.1091263510296048,1.5986105077709065,-0.28217393971398413,-0.35380193430804263,-0.38012120648103165,-0.521402047741958,-0.19738550848793063,-0.2294157338705618,2.3804761428476167,-0.6391014819458268,-0.8575301263340543
-0.8341091594422746,-1.4343910944134617,0.1646533834456234,1.303482806579621,-0.45723565076418093,1.6547863176281539,-0.8707960946426856,-1.0592525266051358,0.8379305815963921,-0.6722392625652724,-0.6585527740981746,-0.312079621228754,-0.3626868147605197,-0.2998637292684633,-0.6062354060275328,-0.3865556717425342,-0.3216337604513384,-0.6255432421712243,-0.28217393971398413,-0.35380193430804263,-0.38012120648103165,-0.521402047741958,-0.19738550848793063,-0.2294157338705618,2.3804761428476167,-0.6391014819458268,-0.8575301263340543
-0.46373691473155143,-1.4343910944134617,-1.233262770400681,1.2517367642382307,-0.6731431959499121,1.6547863176281539,-0.05314717948523429,-1.0592525266051358,-1.1934162828797101,-0.6722392625652724,-0.6585527740981746,-0.312079621228754,-0.3626868147605197,-0.2998637292684633,1.6495242443074727,-0.3865556717425342,-0.3216337604513384,-0.6255432421712243,-0.28217393971398413,-0.35380193430804263,-0.38012120648103165,-0.521402047741958,-0.19738550848793063,-0.2294157338705618,-0.42008402520840293,1.5646967316604727,-0.8575301263340543
0.27700757468989484,-0.3246107505732592,-0.4654825811438717,1.4069748912624014,-0.5613236300512172,-0.6043076313522611,0.764501735672217,0.9440619445156881,0.8379305815963921,-0.6722392625652724,-0.6585527740981746,-0.312079621228754,2.757199763824596,-0.2998637292684633,-0.6062354060275328,-0.3865556717425342,-0.3216337604513384,1.5986105077709065,-0.28217393971398413,-0.35380193430804263,-0.38012120648103165,-0.521402047741958,-0.19738550848793063,-0.2294157338705618,-0.42008402520840293,-0.6391014819458268,1.1661397883185811
-1.2044814041529976,1.8949499371071457,0.10040767755870562,0.11332383272764458,-0.2986784892522199,-0.6043076313522611,1.5821506508296683,0.9440619445156881,-1.1934162828797101,1.487565597082189,-0.6585527740981746,-0.312079621228754,2.757199763824596,-0.2998637292684633,1.6495242443074727,-0.3865556717425342,-0.3216337604513384,-0.6255432421712243,3.5439133784417334,-0.35380193430804263,-0.38012120648103165,-0.521402047741958,-0.19738550848793063,-0.2294157338705618,2.3804761428476167,-0.6391014819458268,-0.8575301263340543
1.4498530162738514,0.7851695932669432,1.5377513330999952,-0.8698509717587706,0.8252246547587319,-0.6043076313522611,-0.05314717948523429,0.9440619445156881,0.8379305815963921,-0.6722392625652724,1.5184811898627333,-0.312079621228754,-0.3626868147605197,-0.2998637292684633,-0.6062354060275328,-0.3865556717425342,-0.3216337604513384,1.5986105077709065,-0.28217393971398413,-0.35380193430804263,-0.38012120648103165,-0.521402047741958,-0.19738550848793063,-0.2294157338705618,-0.42008402520840293,-0.6391014819458268,1.1661397883185811
0.03009274488274608,-1.4343910944134617,-0.9034094749703141,1.3552288489210111,-0.6252422336139877,-0.6043076313522611,0.764501735672217,0.9440619445156881,0.8379305815963921,-0.6722392625652724,1.5184811898627333,-0.312079621228754,-0.3626868147605197,-0.2998637292684633,1.6495242443074727,-0.3865556717425342,-0.3216337604513384,-0.6255432421712243,-0.28217393971398413,-0.35380193430804263,-0.38012120648103165,1.9179057779514128,-0.19738550848793063,-0.2294157338705618,-0.42008402520840293,1.5646967316604727,-0.8575301263340543
-0.0933646700208283,-0.3246107505732592,0.8350969278929382,-0.24889846366208732,0.02186902424010337,1.6547863176281539,-0.8707960946426856,-1.0592525266051358,0.8379305815963921,-0.6722392625652724,-0.6585527740981746,-0.312079621228754,-0.3626868147605197,-0.2998637292684633,-0.6062354060275328,-0.3865556717425342,-0.3216337604513384,-0.6255432421712243,-0.28217393971398413,2.8264401718316665,-0.38012120648103165,-0.521402047741958,-0.19738550848793063,-0.2294157338705618,-0.42008402520840293,1.5646967316604727,-0.8575301263340543
1.4498530162738514,-0.3246107505732592,-0.9660710401641298,0.11332383272764458,-0.562098723112248,-0.6043076313522611,-1.688445009800137,0.9440619445156881,-1.1934162828797101,-0.6722392625652724,-0.6585527740981746,-0.312079621228754,-0.3626868147605197,3.334848140652303,-0.6062354060275328,-0.3865556717425342,-0.3216337604513384,1.5986105077709065,-0.28217393971398413,-0.35380193430804263,-0.38012120648103165,-0.521402047741958,-0.19738550848793063,-0.2294157338705618,-0.42008402520840293,-0.6391014819458268,1.1661397883185811
-0.2168220849244027,1.8949499371071457,-1.3434485563875593,-0.4558826330276484,-0.6169326511459103,-0.6043076313522611,0.764501735672217,-1.0592525266051358,0.8379305815963921,-0.6722392625652724,1.5184811898627333,-0.312079621228754,-0.3626868147605197,-0.2998637292684633,1.6495242443074727,-0.3865556717425342,-0.3216337604513384,-0.6255432421712243,-0.28217393971398413,-0.35380193430804263,-0.38012120648103165,-0.521402047741958,5.06622805119022,-0.2294157338705618,-0.42008402520840293,1.5646967316604727,-0.8575301263340543
-0.34027949982797706,1.8949499371071457,0.5610405879862779,0.06157779038625431,-0.16995218921880584,1.6547863176281539,-0.05314717948523429,-1.0592525266051358,-1.1934162828797101,1.487565597082189,1.5184811898627333,-0.312079621228754,-0.3626868147605197,-0.2998637292684633,-0.6062354060275328,-0.3865556717425342,-0.3216337604513384,-0.6255432421712243,-0.28217393971398413,2.8264401718316665,-0.38012120648103165,-0.521402047741958,-0.19738550848793063,-0.2294157338705618,-0.42008402520840293,1.5646967316604727,-0.8575301263340543
-0.7106517445387002,1.8949499371071457,0.7499053617305595,-1.128581183465722,0.8453452826231355,-0.6043076313522611,-1.688445009800137,-1.0592525266051358,0.8379305815963921,-0.6722392625652724,-0.6585527740981746,-0.312079621228754,-0.3626868147605197,3.334848140652303,-0.6062354060275328,-0.3865556717425342,-0.3216337604513384,1.5986105077709065,-0.28217393971398413,-0.35380193430804263,-0.38012120648103165,-0.521402047741958,-0.19738550848793063,-0.2294157338705618,2.3804761428476167,-0.6391014819458268,-0.8575301263340543
-0.03163596256904111,0.7851695932669432,0.1692297898923628,-1.2838193104898927,0.7787946104030928,-0.6043076313522611,0.764501735672217,0.9440619445156881,-1.1934162828797101,1.487565597082189,-0.6585527740981746,-0.312079621228754,-0.3626868147605197,-0.2998637292684633,-0.6062354060275328,2.586949495507729,-0.3216337604513384,1.5986105077709065,-0.28217393971398413,-0.35380193430804263,-0.38012120648103165,-0.521402047741958,-0.19738550848793063,-0.2294157338705618,-0.42008402520840293,1.5646967316604727,-0.8575301263340543
-1.6983110637672953,-1.4343910944134617,0.24509252752869584,1.2517367642382307,-0.4396842438872045,-0.6043076313522611,-0.8707960946426856,0.9440619445156881,0.8379305815963921,-0.6722392625652724,-0.6585527740981746,-0.312079621228754,-0.3626868147605197,3.334848140652303,1.6495242443074727,-0.3865556717425342,-0.3216337604513384,-0.6255432421712243,-0.28217393971398413,-0.35380193430804263,-0.38012120648103165,1.9179057779514128,-0.19738550848793063,-0.2294157338705618,-0.42008402520840293,-0.6391014819458268,-0.8575301263340543
-1.6983110637672953,0.7851695932669432,-1.5125995792843483,-0.559374717710429,-0.6691362896683446,1.6547863176281539,-0.05314717948523429,0.9440619445156881,0.8379305815963921,-0.6722392625652724,1.5184811898627333,-0.312079621228754,-0.3626868147605197,-0.2998637292684633,-0.6062354060275328,-0.3865556717425342,-0.3216337604513384,-0.6255432421712243,-0.28217393971398413,2.8264401718316665,-0.38012120648103165,-0.521402047741958,-0.19738550848793063,-0.2294157338705618,-0.42008402520840293,-0.6391014819458268,-0.8575301263340543
-0.2168220849244027,-1.4343910944134617,-0.8939046308117016,0.941260510189889,-0.6049943776926566,1.6547863176281539,0.764501735672217,-1.0592525266051358,-1.1934162828797101,1.487565597082189,-0.6585527740981746,-0.312079621228754,2.757199763824596,-0.2998637292684633,-0.6062354060275328,-0.3865556717425342,-0.3216337604513384,-0.6255432421712243,-0.28217393971398413,-0.35380193430804263,-0.38012120648103165,-0.521402047741958,-0.19738550848793063,-0.2294157338705618,-0.42008402520840293,1.5646967316604727,-0.8575301263340543
-1.3279388190565722,-0.3246107505732592,-0.06557506395187926,-0.8181049294173803,0.014602344834821207,-0.6043076313522611,-0.05314717948523429,-1.0592525266051358,-1.1934162828797101,1.487565597082189,1.5184811898627333,-0.312079621228754,-0.3626868147605197,-0.2998637292684633,-0.6062354060275328,-0.3865556717425342,-0.3216337604513384,-0.6255432421712243,-0.28217393971398413,-0.35380193430804263,2.6307398349528825,-0.521402047741958,-0.19738550848793063,-0.2294157338705618,-0.42008402520840293,-0.6391014819458268,-0.8575301263340543
-0.8958378668940618,-1.4343910944134617,0.19950447869386925,-0.9215970141001608,0.2297980437140547,1.6547863176281539,0.764501735672217,0.9440619445156881,0.8379305815963921,-0.6722392625652724,-0.6585527740981746,-0.312079621228754,-0.3626868147605197,-0.2998637292684633,-0.6062354060275328,2.586949495507729,-0.3216337604513384,-0.6255432421712243,-0.28217393971398413,-0.35380193430804263,-0.38012120648103165,-0.521402047741958,-0.19738550848793063,-0.2294157338705618,2.3804761428476167,-0.6391014819458268,-0.8575301263340543
-1.3279388190565722,-1.4343910944134617,1.6579700101431867,0.11332383272764458,0.08603939314213367,-0.6043076313522611,-0.05314717948523429,0.9440619445156881,0.8379305815963921,-0.6722392625652724,-0.6585527740981746,-0.312079621228754,-0.3626868147605197,-0.2998637292684633,1.6495242443074727,-0.3865556717425342,-0.3216337604513384,-0.6255432421712243,-0.28217393971398413,-0.35380193430804263,-0.38012120648103165,1.9179057779514128,-0.19738550848793063,-0.2294157338705618,-0.42008402520840293,-0.6391014819458268,-0.8575301263340543
-0.15509337747261548,-1.4343910944134617,1.2177549130933747,-0.9733430564415512,0.8293316743040876,1.6547863176281539,-0.05314717948523429,0.9440619445156881,-1.1934162828797101,1.487565597082189,1.5184811898627333,-0.312079621228754,-0.3626868147605197,-0.2998637292684633,-0.6062354060275328,-0.3865556717425342,-0.3216337604513384,-0.6255432421712243,-0.28217393971398413,2.8264401718316665,-0.38012120648103165,-0.521402047741958,-0.19738550848793063,-0.2294157338705618,-0.42008402520840293,1.5646967316604727,-0.8575301263340543
-0.03163596256904111,0.7851695932669432,-1.0026822917380447,1.303482806579621,-0.6386057178130087,-0.6043076313522611,0.764501735672217,-1.0592525266051358,0.8379305815963921,-0.6722392625652724,-0.6585527740981746,-0.312079621228754,-0.3626868147605197,-0.2998637292684633,-0.6062354060275328,2.586949495507729,-0.3216337604513384,1.5986105077709065,-0.28217393971398413,-0.35380193430804263,-0.38012120648103165,-0.521402047741958,-0.19738550848793063,-0.2294157338705618,-0.42008402520840293,1.5646967316604727,-0.8575301263340543
-0.957566574345849,0.7851695932669432,-1.226222145098005,0.32030800209320565,-0.6381369906430681,-0.6043076313522611,1.5821506508296683,0.9440619445156881,0.8379305815963921,-0.6722392625652724,-0.6585527740981746,3.204310477123404,-0.3626868147605197,-0.2998637292684633,1.6495242443074727,-0.3865556717425342,-0.3216337604513384,1.5986105077709065,-0.28217393971398413,-0.35380193430804263,-0.38012120648103165,-0.521402047741958,-0.19738550848793063,-0.2294157338705618,2.3804761428476167,-0.6391014819458268,-0.8575301263340543
0.03009274488274608,-0.3246107505732592,-1.639154819099948,-0.7146128447345997,-0.7112020193003047,-0.6043076313522611,-0.8707960946426856,-1.0592525266051358,0.8379305815963921,-0.6722392625652724,-0.6585527740981746,-0.312079621228754,-0.3626868147605197,-0.2998637292684633,-0.6062354060275328,-0.3865556717425342,-0.3216337604513384,-0.6255432421712243,-0.28217393971398413,-0.35380193430804263,-0.38012120648103165,-0.521402047741958,5.06622805119022,-0.2294157338705618,-0.42008402520840293,1.5646967316604727,-0.8575301263340543
-0.4020082072797643,0.7851695932669432,-0.024563421563792005,-0.3006445060034776,-0.22026767263117544,-0.6043076313522611,1.5821506508296683,0.9440619445156881,-1.1934162828797101,1.487565597082189,1.5184811898627333,-0.312079621228754,-0.3626868147605197,-0.2998637292684633,-0.6062354060275328,2.586949495507729,-0.3216337604513384,-0.6255432421712243,-0.28217393971398413,-0.35380193430804263,-0.38012120648103165,1.9179057779514128,-0.19738550848793063,-0.2294157338705618,-0.42008402520840293,1.5646967316604727,-0.8575301263340543
0.03009274488274608,-0.3246107505732592,1.6959893867776368,0.5272921714587667,-0.048983676798066325,-0.6043076313522611,-1.688445009800137,-1.0592525266051358,-1.1934162828797101,-0.6722392625652724,-0.6585527740981746,-0.312079621228754,-0.3626868147605197,-0.2998637292684633,-0.6062354060275328,-0.3865556717425342,3.1091263510296048,-0.6255432421712243,-0.28217393971398413,-0.35380193430804263,2.6307398349528825,-0.521402047741958,-0.19738550848793063,-0.2294157338705618,-0.42008402520840293,1.5646967316604727,-0.8575301263340543
1.1412094790149154,0.7851695932669432,-0.11978787878248387,1.717451145310743,-0.5301806101791834,-0.6043076313522611,-0.8707960946426856,0.9440619445156881,0.8379305815963921,-0.6722392625652724,-0.6585527740981746,-0.312079621228754,-0.3626868147605197,-0.2998637292684633,-0.6062354060275328,-0.3865556717425342,-0.3216337604513384,-0.6255432421712243,-0.28217393971398413,-0.35380193430804263,-0.38012120648103165,1.9179057779514128,-0.19738550848793063,-0.2294157338705618,-0.42008402520840293,-0.6391014819458268,1.1661397883185811
-1.5131249414119337,-1.4343910944134617,0.7851084882439392,1.0964986372140597,-0.33378899387060956,1.6547863176281539,-0.8707960946426856,-1.0592525266051358,0.8379305815963921,-0.6722392625652724,-0.6585527740981746,-0.312079621228754,-0.3626868147605197,-0.2998637292684633,-0.6062354060275328,-0.3865556717425342,-0.3216337604513384,-0.6255432421712243,-0.28217393971398413,-0.35380193430804263,-0.38012120648103165,-0.521402047741958,-0.19738550848793063,-0.2294157338705618,-0.42008402520840293,-0.6391014819458268,-0.8575301263340543
1.3263956013702771,0.7851695932669432,-0.09004123687867809,0.6825302984829376,-0.43532137722262987,-0.6043076313522611,1.5821506508296683,-1.0592525266051358,0.8379305815963921,-0.6722392625652724,1.5184811898627333,-0.312079621228754,-0.3626868147605197,-0.2998637292684633,-0.6062354060275328,2.586949495507729,-0.3216337604513384,-0.6255432421712243,-0.28217393971398413,-0.35380193430804263,2.6307398349528825,-0.521402047741958,-0.19738550848793063,-0.2294157338705618,-0.42008402520840293,-0.6391014819458268,1.1661397883185811
0.4621936970452564,-0.3246107505732592,0.692172234248617,0.21681591741042514,-0.1818047745380291,-0.6043076313522611,-1.688445009800137,0.9440619445156881,0.8379305815963921,-0.6722392625652724,-0.6585527740981746,-0.312079621228754,-0.3626868147605197,-0.2998637292684633,-0.6062354060275328,-0.3865556717425342,3.1091263510296048,-0.6255432421712243,-0.28217393971398413,-0.35380193430804263,-0.38012120648103165,1.9179057779514128,-0.19738550848793063,-0.2294157338705618,-0.42008402520840293,-0.6391014819458268,1.1661397883185811
0.33873628214168205,-0.3246107505732592,-1.236783083052019,0.11332383272764458,-0.628964595315041,-0.6043076313522611,0.764501735672217,0.9440619445156881,0.8379305815963921,-0.6722392625652724,-0.6585527740981746,-0.312079621228754,2.757199763824596,-0.2998637292684633,-0.6062354060275328,-0.3865556717425342,-0.3216337604513384,1.5986105077709065,-0.28217393971398413,-0.35380193430804263,-0.38012120648103165,-0.521402047741958,-0.19738550848793063,-0.2294157338705618,-0.42008402520840293,-0.6391014819458268,1.1661397883185811
0.7091085268524052,-0.3246107505732592,0.9220486503809858,0.11332383272764458,-0.09573317622059575,-0.6043076313522611,-1.688445009800137,-1.0592525266051358,0.8379305815963921,-0.6722392625652724,-0.6585527740981746,-0.312079621228754,-0.3626868147605197,-0.2998637292684633,-0.6062354060275328,-0.3865556717425342,3.1091263510296048,-0.6255432421712243,-0.28217393971398413,-0.35380193430804263,-0.38012120648103165,-0.521402047741958,5.06622805119022,-0.2294157338705618,-0.42008402520840293,-0.6391014819458268,1.1661397883185811
-0.5254656221833386,1.8949499371071457,0.61085301200271,-0.6111207600518193,0.15242703088833975,-0.6043076313522611,0.764501735672217,0.9440619445156881,-1.1934162828797101,1.487565597082189,1.5184811898627333,-0.312079621228754,-0.3626868147605197,-0.2998637292684633,1.6495242443074727,-0.3865556717425342,-0.3216337604513384,1.5986105077709065,-0.28217393971398413,-0.35380193430804263,-0.38012120648103165,-0.521402047741958,-0.19738550848793063,-0.2294157338705618,-0.42008402520840293,1.5646967316604727,-0.8575301263340543
0.7091085268524052,-0.3246107505732592,1.4041554679817196,-0.559374717710429,0.41152141670924036,1.6547863176281539,0.764501735672217,0.9440619445156881,-1.1934162828797101,1.487565597082189,1.5184811898627333,-0.312079621228754,-0.3626868147605197,-0.2998637292684633,1.6495242443074727,-0.3865556717425342,-0.3216337604513384,-0.6255432421712243,-0.28217393971398413,2.8264401718316665,-0.38012120648103165,-0.521402047741958,-0.19738550848793063,-0.2294157338705618,-0.42008402520840293,-0.6391014819458268,1.1661397883185811
1.0794807715631283,-0.3246107505732592,0.9135999000177747,-0.14540637897930678,-0.0014698402027440622,-0.6043076313522611,-1.688445009800137,0.9440619445156881,0.8379305815963921,-0.6722392625652724,-0.6585527740981746,-0.312079621228754,-0.3626868147605197,-0.2998637292684633,-0.6062354060275328,-0.3865556717425342,3.1091263510296048,-0.6255432421712243,-0.28217393971398413,-0.35380193430804263,-0.38012120648103165,1.9179057779514128,-0.19738550848793063,-0.2294157338705618,-0.42008402520840293,-0.6391014819458268,1.1661397883185811
-1.0192952817976362,-0.3246107505732592,-1.5527311435096012,-1.4390574375140637,-0.5536788982856717,-0.6043076313522611,0.764501735672217,0.9440619445156881,-1.1934162828797101,1.487565597082189,-0.6585527740981746,-0.312079621228754,2.757199763824596,-0.2998637292684633,-0.6062354060275328,-0.3865556717425342,-0.3216337604513384,-0.6255432421712243,-0.28217393971398413,-0.35380193430804263,-0.38012120648103165,1.9179057779514128,-0.19738550848793063,-0.2294157338705618,2.3804761428476167,-0.6391014819458268,-0.8575301263340543
-0.46373691473155143,-0.3246107505732592,1.2431011641830079,1.562213018286572,-0.324252677044628,-0.6043076313522611,-0.05314717948523429,-1.0592525266051358,0.8379305815963921,-0.6722392625652724,-0.6585527740981746,-0.312079621228754,-0.3626868147605197,-0.2998637292684633,1.6495242443074727,-0.3865556717425342,-0.3216337604513384,-0.6255432421712243,-0.28217393971398413,-0.35380193430804263,2.6307398349528825,-0.521402047741958,-0.19738550848793063,-0.2294157338705618,-0.42008402520840293,1.5646967316604727,-0.8575301263340543
-0.0933646700208283,1.8949499371071457,-0.4533375024967557,-1.0250890987829415,-0.024509488434785835,1.6547863176281539,-0.05314717948523429,0.9440619445156881,0.8379305815963921,-0.6722392625652724,1.5184811898627333,-0.312079621228754,-0.3626868147605197,-0.2998637292684633,-0.6062354060275328,-0.3865556717425342,-0.3216337604513384,-0.6255432421712243,-0.28217393971398413,-0.35380193430804263,-0.38012120648103165,-0.521402047741958,-0.19738550848793063,-0.2294157338705618,-0.42008402520840293,1.5646967316604727,-0.8575301263340543
1.2029381864667028,-0.3246107505732592,0.8037661452960303,-0.8698509717587706,0.4717007016917541,-0.6043076313522611,-0.05314717948523429,-1.0592525266051358,0.8379305815963921,-0.6722392625652724,1.5184811898627333,-0.312079621228754,-0.3626868147605197,-0.2998637292684633,-0.6062354060275328,-0.3865556717425342,-0.3216337604513384,-0.6255432421712243,-0.28217393971398413,-0.35380193430804263,2.6307398349528825,-0.521402047741958,-0.19738550848793063,-0.2294157338705618,-0.42008402520840293,-0.6391014819458268,1.1661397883185811
-0.8958378668940618,0.7851695932669432,-0.837931659655428,-0.19715242132069705,-0.48998412893964116,-0.6043076313522611,0.764501735672217,-1.0592525266051358,-1.1934162828797101,1.487565597082189,-0.6585527740981746,3.204310477123404,-0.3626868147605197,-0.2998637292684633,-0.6062354060275328,-0.3865556717425342,-0.3216337604513384,1.5986105077709065,-0.28217393971398413,-0.35380193430804263,-0.38012120648103165,-0.521402047741958,-0.19738550848793063,-0.2294157338705618,2.3804761428476167,-0.6391014819458268,-0.8575301263340543
1.5733104311774257,-0.3246107505732592,-0.5161750833231383,1.717451145310743,-0.5847291502481683,-0.6043076313522611,-0.05314717948523429,-1.0592525266051358,0.8379305815963921,-0.6722392625652724,-0.6585527740981746,-0.312079621228754,2.757199763824596,-0.2998637292684633,-0.6062354060275328,-0.3865556717425342,3.1091263510296048,-0.6255432421712243,-0.28217393971398413,-0.35380193430804263,-0.38012120648103165,1.9179057779514128,-0.19738550848793063,-0.2294157338705618,-0.42008402520840293,-0.6391014819458268,1.1661397883185811
1.26466689391849,0.7851695932669432,0.878572789136962,-0.4041365906862581,0.11646949658978822,1.6547863176281539,-0.8707960946426856,0.9440619445156881,0.8379305815963921,-0.6722392625652724,-0.6585527740981746,-0.312079621228754,-0.3626868147605197,-0.2998637292684633,-0.6062354060275328,-0.3865556717425342,-0.3216337604513384,-0.6255432421712243,-0.28217393971398413,2.8264401718316665,-0.38012120648103165,-0.521402047741958,-0.19738550848793063,-0.2294157338705618,-0.42008402520840293,-0.6391014819458268,1.1661397883185811
0.7091085268524052,-0.3246107505732592,0.6624255923448112,0.16506987506903484,-0.1746885981066084,-0.6043076313522611,-0.05314717948523429,0.9440619445156881,0.8379305815963921,-0.6722392625652724,1.5184811898627333,-0.312079621228754,-0.3626868147605197,-0.2998637292684633,-0.6062354060275328,-0.3865556717425342,-0.3216337604513384,-0.6255432421712243,-0.28217393971398413,-0.35380193430804263,2.6307398349528825,-0.521402047741958,-0.19738550848793063,-0.2294157338705618,-0.42008402520840293,-0.6391014819458268,1.1661397883185811
0.21527886723810766,0.7851695932669432,0.828408333855396,-0.8698509717587706,0.48356961138704835,-0.6043076313522611,-0.05314717948523429,0.9440619445156881,-1.1934162828797101,1.487565597082189,1.5184811898627333,-0.312079621228754,-0.3626868147605197,-0.2998637292684633,-0.6062354060275328,-0.3865556717425342,-0.3216337604513384,1.5986105077709065,-0.28217393971398413,-0.35380193430804263,-0.38012120648103165,-0.521402047741958,-0.19738550848793063,-0.2294157338705618,-0.42008402520840293,1.5646967316604727,-0.8575301263340543
-0.4020082072797643,0.7851695932669432,-0.06557506395187926,0.7342763408243278,-0.4369291656620261,-0.6043076313522611,-0.05314717948523429,0.9440619445156881,0.8379305815963921,-0.6722392625652724,-0.6585527740981746,3.204310477123404,-0.3626868147605197,-0.2998637292684633,-0.6062354060275328,-0.3865556717425342,3.1091263510296048,-0.6255432421712243,-0.28217393971398413,-0.35380193430804263,-0.38012120648103165,1.9179057779514128,-0.19738550848793063,-0.2294157338705618,-0.42008402520840293,1.5646967316604727,-0.8575301263340543
-1.0810239892494233,0.7851695932669432,-0.008369983367637382,-1.335565352831283,0.7625198175633335,1.6547863176281539,-1.688445009800137,-1.0592525266051358,0.8379305815963921,-0.6722392625652724,-0.6585527740981746,-0.312079621228754,-0.3626868147605197,-0.2998637292684633,-0.6062354060275328,-0.3865556717425342,3.1091263510296048,-0.6255432421712243,-0.28217393971398413,2.8264401718316665,-0.38012120648103165,-0.521402047741958,-0.19738550848793063,-0.2294157338705618,2.3804761428476167,-0.6391014819458268,-0.8575301263340543
1.3263956013702771,0.7851695932669432,-0.9155545536174301,-0.24889846366208732,-0.5051317607125586,1.6547863176281539,0.764501735672217,0.9440619445156881,-1.1934162828797101,-0.6722392625652724,-0.6585527740981746,-0.312079621228754,-0.3626868147605197,-0.2998637292684633,-0.6062354060275328,2.586949495507729,-0.3216337604513384,-0.6255432421712243,-0.28217393971398413,-0.35380193430804263,-0.38012120648103165,-0.521402047741958,-0.19738550848793063,4.358898943540674,-0.42008402520840293,-0.6391014819458268,1.1661397883185811
-0.957566574345849,0.7851695932669432,0.9621802146062386,-0.5076286753690387,0.21070400547687423,-0.6043076313522611,-0.05314717948523429,0.9440619445156881,-1.1934162828797101,1.487565597082189,1.5184811898627333,-0.312079621228754,-0.3626868147605197,-0.2998637292684633,-0.6062354060275328,-0.3865556717425342,-0.3216337604513384,-0.6255432421712243,-0.28217393971398413,-0.35380193430804263,-0.38012120648103165,-0.521402047741958,5.06622805119022,-0.2294157338705618,2.3804761428476167,-0.6391014819458268,-0.8575301263340543
0.5239224044970436,0.7851695932669432,0.6416557477019172,1.4069748912624014,-0.3946820184811265,1.6547863176281539,0.764501735672217,-1.0592525266051358,0.8379305815963921,-0.6722392625652724,1.5184811898627333,-0.312079621228754,-0.3626868147605197,-0.2998637292684633,1.6495242443074727,-0.3865556717425342,-0.3216337604513384,-0.6255432421712243,-0.28217393971398413,-0.35380193430804263,-0.38012120648103165,-0.521402047741958,-0.19738550848793063,-0.2294157338705618,-0.42008402520840293,-0.6391014819458268,1.1661397883185811
-0.8341091594422746,0.7851695932669432,-0.8826396303274201,1.3552288489210111,-0.622066425577605,-0.6043076313522611,0.764501735672217,0.9440619445156881,-1.1934162828797101,1.487565597082189,-0.6585527740981746,3.204310477123404,-0.3626868147605197,-0.2998637292684633,-0.6062354060275328,-0.3865556717425342,-0.3216337604513384,-0.6255432421712243,-0.28217393971398413,-0.35380193430804263,-0.38012120648103165,1.9179057779514128,-0.19738550848793063,-0.2294157338705618,2.3804761428476167,-0.6391014819458268,-0.8575301263340543
1.3263956013702771,-0.3246107505732592,0.04179447191392857,-0.4041365906862581,-0.16148516691478657,-0.6043076313522611,0.764501735672217,-1.0592525266051358,-1.1934162828797101,1.487565597082189,-0.6585527740981746,-0.312079621228754,2.757199763824596,-0.2998637292684633,-0.6062354060275328,-0.3865556717425342,-0.3216337604513384,-0.6255432421712243,-0.28217393971398413,-0.35380193430804263,-0.38012120648103165,1.9179057779514128,-0.19738550848793063,-0.2294157338705618,-0.42008402520840293,-0.6391014819458268,1.1661397883185811
-1.5748536488637208,0.7851695932669432,1.187832255557002,0.32030800209320565,-0.09733268343057574,1.6547863176281539,0.764501735672217,-1.0592525266051358,0.8379305815963921,-0.6722392625652724,-0.6585527740981746,-0.312079621228754,2.757199763824596,-0.2998637292684633,-0.6062354060275328,-0.3865556717425342,-0.3216337604513384,-0.6255432421712243,-0.28217393971398413,2.8264401718316665,-0.38012120648103165,-0.521402047741958,-0.19738550848793063,-0.2294157338705618,-0.42008402520840293,-0.6391014819458268,-0.8575301263340543
-1.0192952817976362,1.8949499371071457,1.6139661020014622,0.06157779038625431,0.09696441904153255,1.6547863176281539,1.5821506508296683,-1.0592525266051358,0.8379305815963921,-0.6722392625652724,-0.6585527740981746,-0.312079621228754,2.757199763824596,-0.2998637292684633,1.6495242443074727,-0.3865556717425342,-0.3216337604513384,-0.6255432421712243,-0.28217393971398413,2.8264401718316665,-0.38012120648103165,-0.521402047741958,-0.19738550848793063,-0.2294157338705618,2.3804761428476167,-0.6391014819458268,-0.8575301263340543
1.4498530162738514,0.7851695932669432,1.094367954663979,-1.1803272258071122,1.1965277501039666,1.6547863176281539,-0.05314717948523429,-1.0592525266051358,0.8379305815963921,-0.6722392625652724,1.5184811898627333,-0.312079621228754,-0.3626868147605197,-0.2998637292684633,-0.6062354060275328,-0.3865556717425342,-0.3216337604513384,-0.6255432421712243,-0.28217393971398413,-0.35380193430804263,-0.38012120648103165,-0.521402047741958,-0.19738550848793063,4.358898943540674,-0.42008402520840293,-0.6391014819458268,1.1661397883185811
-0.4020082072797643,-0.3246107505732592,-0.571972038846845,-1.128581183465722,-0.003564353678384241,-0.6043076313522611,-1.688445009800137,0.9440619445156881,-1.1934162828797101,1.487565597082189,-0.6585527740981746,-0.312079621228754,-0.3626868147605197,-0.2998637292684633,-0.6062354060275328,-0.3865556717425342,3.1091263510296048,-0.6255432421712243,-0.28217393971398413,-0.35380193430804263,-0.38012120648103165,1.9179057779514128,-0.19738550848793063,-0.2294157338705618,-0.42008402520840293,1.5646967316604727,-0.8575301263340543
0.33873628214168205,-0.3246107505732592,-0.16449584945447598,0.16506987506903484,-0.3738319472083663,-0.6043076313522611,-0.8707960946426856,-1.0592525266051358,0.8379305815963921,-0.6722392625652724,-0.6585527740981746,-0.312079621228754,-0.3626868147605197,-0.2998637292684633,-0.6062354060275328,-0.3865556717425342,-0.3216337604513384,1.5986105077709065,-0.28217393971398413,-0.35380193430804263,-0.38012120648103165,-0.521402047741958,-0.19738550848793063,-0.2294157338705618,-0.42008402520840293,-0.6391014819458268,1.1661397883185811
0.8325659417559795,-1.4343910944134617,-1.673477867450493,1.6657051029693528,-0.7438599509463627,-0.6043076313522611,0.764501735672217,-1.0592525266051358,-1.1934162828797101,1.487565597082189,-0.6585527740981746,-0.312079621228754,2.757199763824596,-0.2998637292684633,-0.6062354060275328,-0.3865556717425342,-0.3216337604513384,1.5986105077709065,-0.28217393971398413,-0.35380193430804263,-0.38012120648103165,-0.521402047741958,-0.19738550848793063,-0.2294157338705618,-0.42008402520840293,-0.6391014819458268,1.1661397883185811
0.5856511119488308,-0.3246107505732592,1.0269539673908572,-0.24889846366208732,0.07962398659666897,-0.6043076313522611,-0.8707960946426856,-1.0592525266051358,-1.1934162828797101,1.487565597082189,-0.6585527740981746,-0.312079621228754,-0.3626868147605197,-0.2998637292684633,-0.6062354060275328,-0.3865556717425342,-0.3216337604513384,1.5986105077709065,-0.28217393971398413,-0.35380193430804263,-0.38012120648103165,-0.521402047741958,-0.19738550848793063,-0.2294157338705618,-0.42008402520840293,-0.6391014819458268,1.1661397883185811
1.5115817237256386,0.7851695932669432,0.9590119332200344,-0.6111207600518193,0.2865796216157224,-0.6043076313522611,-0.05314717948523429,-1.0592525266051358,0.8379305815963921,-0.6722392625652724,1.5184811898627333,-0.312079621228754,-0.3626868147605197,-0.2998637292684633,-0.6062354060275328,-0.3865556717425342,-0.3216337604513384,-0.6255432421712243,-0.28217393971398413,-0.35380193430804263,2.6307398349528825,-0.521402047741958,-0.19738550848793063,-0.2294157338705618,-0.42008402520840293,-0.6391014819458268,1.1661397883185811
1.1412094790149154,-0.3246107505732592,0.14581971076096534,-0.3006445060034776,-0.1673224902116141,-0.6043076313522611,-0.05314717948523429,-1.0592525266051358,0.8379305815963921,-0.6722392625652724,1.5184811898627333,-0.312079621228754,-0.3626868147605197,-0.2998637292684633,-0.6062354060275328,-0.3865556717425342,-0.3216337604513384,-0.6255432421712243,-0.28217393971398413,-0.35380193430804263,2.6307398349528825,-0.521402047741958,-0.19738550848793063,-0.2294157338705618,-0.42008402520840293,-0.6391014819458268,1.1661397883185811
-0.5871943296351259,-0.3246107505732592,1.7116547780760907,0.32030800209320565,0.020015739337515933,-0.6043076313522611,-0.05314717948523429,0.9440619445156881,0.8379305815963921,-0.6722392625652724,-0.6585527740981746,-0.312079621228754,-0.3626868147605197,-0.2998637292684633,1.6495242443074727,-0.3865556717425342,-0.3216337604513384,-0.6255432421712243,-0.28217393971398413,-0.35380193430804263,2.6307398349528825,-0.521402047741958,-0.19738550848793063,-0.2294157338705618,-0.42008402520840293,1.5646967316604727,-0.8575301263340543
-0.34027949982797706,0.7851695932669432,0.7502573929956934,-1.5425495221968442,2.6725114486401975,-0.6043076313522611,-2.506093924957588,-1.0592525266051358,0.8379305815963921,-0.6722392625652724,-0.6585527740981746,-0.312079621228754,-0.3626868147605197,3.334848140652303,-0.6062354060275328,-0.3865556717425342,3.1091263510296048,1.5986105077709065,-0.28217393971398413,-0.35380193430804263,-0.38012120648103165,-0.521402047741958,-0.19738550848793063,-0.2294157338705618,-0.42008402520840293,1.5646967316604727,-0.8575301263340543
1.5733104311774257,0.7851695932669432,-1.426703950591702,0.6825302984829376,-0.6928428064399563,-0.6043076313522611,-0.8707960946426856,0.9440619445156881,0.8379305815963921,-0.6722392625652724,-0.6585527740981746,-0.312079621228754,-0.3626868147605197,-0.2998637292684633,-0.6062354060275328,-0.3865556717425342,-0.3216337604513384,-0.6255432421712243,-0.28217393971398413,-0.35380193430804263,-0.38012120648103165,1.9179057779514128,-0.19738550848793063,-0.2294157338705618,-0.42008402520840293,-0.6391014819458268,1.1661397883185811
-0.27855079237618985,1.8949499371071457,-1.22991847338191,-0.7146128447345997,-0.5398031681104969,-0.6043076313522611,-0.8707960946426856,0.9440619445156881,0.8379305815963921,-0.6722392625652724,-0.6585527740981746,-0.312079621228754,-0.3626868147605197,-0.2998637292684633,-0.6062354060275328,-0.3865556717425342,-0.3216337604513384,1.5986105077709065,-0.28217393971398413,-0.35380193430804263,-0.38012120648103165,-0.521402047741958,-0.19738550848793063,-0.2294157338705618,-0.42008402520840293,1.5646967316604727,-0.8575301263340543
1.0794807715631283,-1.4343910944134617,0.18155088417204565,-0.7146128447345997,0.05135699863834983,1.6547863176281539,-0.05314717948523429,-1.0592525266051358,-1.1934162828797101,-0.6722392625652724,-0.6585527740981746,3.204310477123404,-0.3626868147605197,-0.2998637292684633,-0.6062354060275328,-0.3865556717425342,3.1091263510296048,-0.6255432421712243,-0.28217393971398413,2.8264401718316665,-0.38012120648103165,-0.521402047741958,-0.19738550848793063,-0.2294157338705618,-0.42008402520840293,-0.6391014819458268,1.1661397883185811
-1.0810239892494233,-1.4343910944134617,1.619422586611036,-0.6628668023932095,0.5949678066700241,1.6547863176281539,-0.8707960946426856,0.9440619445156881,-1.1934162828797101,1.487565597082189,-0.6585527740981746,-0.312079621228754,-0.3626868147605197,-0.2998637292684633,-0.6062354060275328,-0.3865556717425342,-0.3216337604513384,-0.6255432421712243,-0.28217393971398413,2.8264401718316665,-0.38012120648103165,-0.521402047741958,-0.19738550848793063,-0.2294157338705618,2.3804761428476167,-0.6391014819458268,-0.8575301263340543
-0.27855079237618985,-0.3246107505732592,-1.2475200366386,-1.0250890987829415,-0.4745306694866136,1.6547863176281539,0.764501735672217,0.9440619445156881,0.8379305815963921,-0.6722392625652724,1.5184811898627333,-0.312079621228754,-0.3626868147605197,-0.2998637292684633,1.6495242443074727,-0.3865556717425342,-0.3216337604513384,-0.6255432421712243,-0.28217393971398413,-0.35380193430804263,-0.38012120648103165,-0.521402047741958,-0.19738550848793063,4.358898943540674,-0.42008402520840293,1.5646967316604727,-0.8575301263340543
-0.03163596256904111,-0.3246107505732592,0.34066901601252153,-1.5425495221968442,2.108859349437144,-0.6043076313522611,-0.8707960946426856,0.9440619445156881,-1.1934162828797101,-0.6722392625652724,1.5184811898627333,-0.312079621228754,-0.3626868147605197,-0.2998637292684633,-0.6062354060275328,-0.3865556717425342,3.1091263510296048,-0.6255432421712243,-0.28217393971398413,-0.35380193430804263,2.6307398349528825,-0.521402047741958,-0.19738550848793063,-0.2294157338705618,-0.42008402520840293,1.5646967316604727,-0.8575301263340543
0.33873628214168205,0.7851695932669432,-0.17892913132496163,-1.3873113951726732,0.7497723002672186,-0.6043076313522611,0.764501735672217,-1.0592525266051358,-1.1934162828797101,-0.6722392625652724,-0.6585527740981746,-0.312079621228754,2.757199763824596,-0.2998637292684633,-0.6062354060275328,-0.3865556717425342,-0.3216337604513384,-0.6255432421712243,-0.28217393971398413,-0.35380193430804263,2.6307398349528825,-0.521402047741958,-0.19738550848793063,-0.2294157338705618,-0.42008402520840293,-0.6391014819458268,1.1661397883185811
-1.5748536488637208,-0.3246107505732592,-0.21342819530807364,0.06157779038625431,-0.36628001876502597,-0.6043076313522611,0.764501735672217,0.9440619445156881,-1.1934162828797101,1.487565597082189,1.5184811898627333,-0.312079621228754,-0.3626868147605197,-0.2998637292684633,1.6495242443074727,-0.3865556717425342,-0.3216337604513384,1.5986105077709065,-0.28217393971398413,-0.35380193430804263,-0.38012120648103165,-0.521402047741958,-0.19738550848793063,-0.2294157338705618,-0.42008402520840293,-0.6391014819458268,-0.8575301263340543
0.4621936970452564,0.7851695932669432,0.7081896568122047,-1.0250890987829415,0.6336664366008995,1.6547863176281539,0.764501735672217,-1.0592525266051358,0.8379305815963921,-0.6722392625652724,-0.6585527740981746,-0.312079621228754,2.757199763824596,-0.2998637292684633,-0.6062354060275328,-0.3865556717425342,-0.3216337604513384,-0.6255432421712243,-0.28217393971398413,-0.35380193430804263,-0.38012120648103165,-0.521402047741958,-0.19738550848793063,-0.2294157338705618,-0.42008402520840293,-0.6391014819458268,1.1661397883185811
-1.6983110637672953,0.7851695932669432,0.6888279372298459,-0.24889846366208732,-0.022162511281278306,-0.6043076313522611,-0.8707960946426856,-1.0592525266051358,0.8379305815963921,-0.6722392625652724,-0.6585527740981746,-0.312079621228754,-0.3626868147605197,3.334848140652303,1.6495242443074727,-0.3865556717425342,-0.3216337604513384,-0.6255432421712243,-0.28217393971398413,-0.35380193430804263,-0.38012120648103165,1.9179057779514128,-0.19738550848793063,-0.2294157338705618,-0.42008402520840293,-0.6391014819458268,-0.8575301263340543
1.5733104311774257,-0.3246107505732592,-0.6182641502119393,-0.559374717710429,-0.33778502504312524,-0.6043076313522611,-0.8707960946426856,0.9440619445156881,-1.1934162828797101,-0.6722392625652724,-0.6585527740981746,-0.312079621228754,-0.3626868147605197,-0.2998637292684633,-0.6062354060275328,-0.3865556717425342,-0.3216337604513384,-0.6255432421712243,-0.28217393971398413,-0.35380193430804263,-0.38012120648103165,1.9179057779514128,-0.19738550848793063,-0.2294157338705618,-0.42008402520840293,-0.6391014819458268,1.1661397883185811
-0.27855079237618985,-1.4343910944134617,0.586738870341045,1.5104669759451819,-0.41355554378054965,1.6547863176281539,1.5821506508296683,-1.0592525266051358,-1.1934162828797101,1.487565597082189,1.5184811898627333,-0.312079621228754,-0.3626868147605197,-0.2998637292684633,-0.6062354060275328,2.586949495507729,-0.3216337604513384,-0.6255432421712243,-0.28217393971398413,-0.35380193430804263,-0.38012120648103165,-0.521402047741958,-0.19738550848793063,-0.2294157338705618,-0.42008402520840293,1.5646967316604727,-0.8575301263340543
-1.5131249414119337,0.7851695932669432,0.25477338731987526,1.0447525948726695,-0.4160610222113289,-0.6043076313522611,-0.8707960946426856,0.9440619445156881,-1.1934162828797101,-0.6722392625652724,-0.6585527740981746,-0.312079621228754,-0.3626868147605197,-0.2998637292684633,-0.6062354060275328,-0.3865556717425342,-0.3216337604513384,-0.6255432421712243,-0.28217393971398413,-0.35380193430804263,2.6307398349528825,-0.521402047741958,-0.19738550848793063,-0.2294157338705618,-0.42008402520840293,-0.6391014819458268,-0.8575301263340543
-1.6983110637672953,-1.4343910944134617,0.32553167161176827,-0.19715242132069705,-0.1503586177452915,-0.6043076313522611,0.764501735672217,-1.0592525266051358,0.8379305815963921,-0.6722392625652724,1.5184811898627333,-0.312079621228754,-0.3626868147605197,-0.2998637292684633,1.6495242443074727,-0.3865556717425342,-0.3216337604513384,1.5986105077709065,-0.28217393971398413,-0.35380193430804263,-0.38012120648103165,-0.521402047741958,-0.19738550848793063,-0.2294157338705618,-0.42008402520840293,-0.6391014819458268,-0.8575301263340543
0.15355015978632047,-0.3246107505732592,-1.4472977796020292,1.1999907218968402,-0.7061755483310036,-0.6043076313522611,1.5821506508296683,-1.0592525266051358,-1.1934162828797101,1.487565597082189,-0.6585527740981746,-0.312079621228754,2.757199763824596,-0.2998637292684633,1.6495242443074727,-0.3865556717425342,-0.3216337604513384,-0.6255432421712243,-0.28217393971398413,-0.35380193430804263,2.6307398349528825,-0.521402047741958,-0.19738550848793063,-0.2294157338705618,-0.42008402520840293,1.5646967316604727,-0.8575301263340543
-0.7723804519904874,-0.3246107505732592,0.6548569201444345,-1.2320732681485025,1.0208138523308552,-0.6043076313522611,-0.8707960946426856,0.9440619445156881,-1.1934162828797101,-0.6722392625652724,-0.6585527740981746,-0.312079621228754,-0.3626868147605197,-0.2998637292684633,-0.6062354060275328,-0.3865556717425342,-0.3216337604513384,-0.6255432421712243,-0.28217393971398413,-0.35380193430804263,-0.38012120648103165,-0.521402047741958,5.06622805119022,-0.2294157338705618,2.3804761428476167,-0.6391014819458268,-0.8575301263340543
0.7708372343041924,-0.3246107505732592,1.0449075619126806,1.2517367642382307,-0.3133790315794366,1.6547863176281539,0.764501735672217,-1.0592525266051358,0.8379305815963921,-0.6722392625652724,-0.6585527740981746,-0.312079621228754,-0.3626868147605197,-0.2998637292684633,-0.6062354060275328,2.586949495507729,-0.3216337604513384,-0.6255432421712243,-0.28217393971398413,-0.35380193430804263,-0.38012120648103165,-0.521402047741958,-0.19738550848793063,-0.2294157338705618,-0.42008402520840293,-0.6391014819458268,1.1661397883185811
0.7091085268524052,-0.3246107505732592,1.1742790518493509,-0.3523905483448679,0.1824384168321552,1.6547863176281539,-1.688445009800137,0.9440619445156881,-1.1934162828797101,1.487565597082189,-0.6585527740981746,-0.312079621228754,-0.3626868147605197,3.334848140652303,-0.6062354060275328,-0.3865556717425342,-0.3216337604513384,-0.6255432421712243,-0.28217393971398413,-0.35380193430804263,-0.38012120648103165,-0.521402047741958,-0.19738550848793063,-0.2294157338705618,-0.42008402520840293,-0.6391014819458268,1.1661397883185811
1.4498530162738514,-0.3246107505732592,0.8938861491702822,1.0447525948726695,-0.3080509693200674,-0.6043076313522611,-0.8707960946426856,0.9440619445156881,0.8379305815963921,-0.6722392625652724,-0.6585527740981746,-0.312079621228754,-0.3626868147605197,-0.2998637292684633,-0.6062354060275328,-0.3865556717425342,-0.3216337604513384,1.5986105077709065,-0.28217393971398413,-0.35380193430804263,-0.38012120648103165,-0.521402047741958,-0.19738550848793063,-0.2294157338705618,-0.42008402520840293,-0.6391014819458268,1.1661397883185811
-0.5871943296351259,0.7851695932669432,1.2624628837653666,-0.19715242132069705,0.12314011086099043,-0.6043076313522611,1.5821506508296683,0.9440619445156881,-1.1934162828797101,1.487565597082189,1.5184811898627333,-0.312079621228754,-0.3626868147605197,-0.2998637292684633,-0.6062354060275328,2.586949495507729,-0.3216337604513384,-0.6255432421712243,-0.28217393971398413,-0.35380193430804263,-0.38012120648103165,1.9179057779514128,-0.19738550848793063,-0.2294157338705618,-0.42008402520840293,1.5646967316604727,-0.8575301263340543
-1.6983110637672953,-0.3246107505732592,-1.0635837006061915,-0.5076286753690387,-0.5120435166561477,1.6547863176281539,-0.05314717948523429,-1.0592525266051358,-1.1934162828797101,-0.6722392625652724,1.5184811898627333,-0.312079621228754,-0.3626868147605197,-0.2998637292684633,-0.6062354060275328,-0.3865556717425342,-0.3216337604513384,-0.6255432421712243,-0.28217393971398413,2.8264401718316665,-0.38012120648103165,-0.521402047741958,-0.19738550848793063,-0.2294157338705618,-0.42008402520840293,-0.6391014819458268,-0.8575301263340543
-1.3896675265083593,-0.3246107505732592,-1.5990232548746952,1.6139590606279626,-0.7331781490439391,-0.6043076313522611,0.764501735672217,-1.0592525266051358,0.8379305815963921,-0.6722392625652724,-0.6585527740981746,-0.312079621228754,2.757199763824596,-0.2998637292684633,-0.6062354060275328,-0.3865556717425342,-0.3216337604513384,-0.6255432421712243,-0.28217393971398413,-0.35380193430804263,2.6307398349528825,-0.521402047741958,-0.19738550848793063,-0.2294157338705618,-0.42008402520840293,-0.6391014819458268,-0.8575301263340543
1.1412094790149154,1.8949499371071457,1.1387238940708373,0.8895144678484986,-0.23965517907234518,-0.6043076313522611,-1.688445009800137,-1.0592525266051358,0.8379305815963921,-0.6722392625652724,-0.6585527740981746,-0.312079621228754,-0.3626868147605197,-0.2998637292684633,-0.6062354060275328,-0.3865556717425342,3.1091263510296048,-0.6255432421712243,-0.28217393971398413,-0.35380193430804263,2.6307398349528825,-0.521402047741958,-0.19738550848793063,-0.2294157338705618,-0.42008402520840293,-0.6391014819458268,1.1661397883185811
-1.3896675265083593,-0.3246107505732592,-0.07877623639439661,0.5790382138001571,-0.4198239722776314,-0.6043076313522611,-0.05314717948523429,0.9440619445156881,-1.1934162828797101,1.487565597082189,1.5184811898627333,-0.312079621228754,-0.3626868147605197,-0.2998637292684633,-0.6062354060275328,-0.3865556717425342,-0.3216337604513384,-0.6255432421712243,-0.28217393971398413,-0.35380193430804263,-0.38012120648103165,1.9179057779514128,-0.19738550848793063,-0.2294157338705618,-0.42008402520840293,-0.6391014819458268,-0.8575301263340543
1.26466689391849,0.7851695932669432,0.9674606835832456,0.8377684255071084,-0.2610972998970324,-0.6043076313522611,-0.8707960946426856,0.9440619445156881,-1.1934162828797101,-0.6722392625652724,-0.6585527740981746,-0.312079621228754,-0.3626868147605197,-0.2998637292684633,-0.6062354060275328,-0.3865556717425342,-0.3216337604513384,-0.6255432421712243,-0.28217393971398413,-0.35380193430804263,-0.38012120648103165,1.9179057779514128,-0.19738550848793063,-0.2294157338705618,-0.42008402520840293,-0.6391014819458268,1.1661397883185811
0.09182145233453327,-1.4343910944134617,-0.9880729942349921,0.7342763408243278,-0.6111727390879,-0.6043076313522611,-0.8707960946426856,-1.0592525266051358,0.8379305815963921,-0.6722392625652724,-0.6585527740981746,-0.312079621228754,-0.3626868147605197,-0.2998637292684633,-0.6062354060275328,-0.3865556717425342,-0.3216337604513384,1.5986105077709065,-0.28217393971398413,-0.35380193430804263,-0.38012120648103165,-0.521402047741958,-0.19738550848793063,-0.2294157338705618,-0.42008402520840293,1.5646967316604727,-0.8575301263340543
0.03009274488274608,1.8949499371071457,0.4137155035277842,-0.7663588870759901,0.18957517681776706,-0.6043076313522611,-0.8707960946426856,-1.0592525266051358,0.8379305815963921,-0.6722392625652724,-0.6585527740981746,-0.312079621228754,-0.3626868147605197,3.334848140652303,1.6495242443074727,-0.3865556717425342,-0.3216337604513384,1.5986105077709065,-0.28217393971398413,-0.35380193430804263,-0.38012120648103165,-0.521402047741958,-0.19738550848793063,-0.2294157338705618,-0.42008402520840293,1.5646967316604727,-0.8575301263340543
-0.648923037086913,-0.3246107505732592,-0.25884022851033334,-1.335565352831283,0.5431762007269222,-0.6043076313522611,0.764501735672217,-1.0592525266051358,-1.1934162828797101,1.487565597082189,-0.6585527740981746,-0.312079621228754,2.757199763824596,-0.2998637292684633,-0.6062354060275328,-0.3865556717425342,-0.3216337604513384,1.5986105077709065,-0.28217393971398413,-0.35380193430804263,-0.38012120648103165,-0.521402047741958,-0.19738550848793063,-0.2294157338705618,-0.42008402520840293,1.5646967316604727,-0.8575301263340543
1.0794807715631283,0.7851695932669432,-1.6333463032252404,0.9930065525312792,-0.7348345244966137,1.6547863176281539,-0.05314717948523429,-1.0592525266051358,0.8379305815963921,-0.6722392625652724,1.5184811898627333,-0.312079621228754,-0.3626868147605197,-0.2998637292684633,-0.6062354060275328,-0.3865556717425342,-0.3216337604513384,-0.6255432421712243,-0.28217393971398413,-0.35380193430804263,-0.38012120648103165,-0.521402047741958,-0.19738550848793063,-0.2294157338705618,-0.42008402520840293,-0.6391014819458268,1.1661397883185811
0.7091085268524052,-0.3246107505732592,-1.1111079213992539,-1.1803272258071122,-0.32099713236579386,-0.6043076313522611,-0.8707960946426856,0.9440619445156881,0.8379305815963921,-0.6722392625652724,-0.6585527740981746,-0.312079621228754,-0.3626868147605197,-0.2998637292684633,-0.6062354060275328,-0.3865556717425342,-0.3216337604513384,-0.6255432421712243,-0.28217393971398413,-0.35380193430804263,-0.38012120648103165,1.9179057779514128,-0.19738550848793063,-0.2294157338705618,-0.42008402520840293,-0.6391014819458268,1.1661397883185811
1.5115817237256386,0.7851695932669432,1.3437821060112736,-0.4558826330276484,0.3075706361911142,-0.6043076313522611,0.764501735672217,-1.0592525266051358,0.8379305815963921,-0.6722392625652724,-0.6585527740981746,3.204310477123404,-0.3626868147605197,-0.2998637292684633,-0.6062354060275328,-0.3865556717425342,-0.3216337604513384,1.5986105077709065,-0.28217393971398413,-0.35380193430804263,-0.38012120648103165,-0.521402047741958,-0.19738550848793063,-0.2294157338705618,-0.42008402520840293,-0.6391014819458268,1.1661397883185811
0.956023356659554,0.7851695932669432,-1.2670577718535256,0.8895144678484986,-0.6688198820228249,1.6547863176281539,1.5821506508296683,-1.0592525266051358,-1.1934162828797101,1.487565597082189,-0.6585527740981746,-0.312079621228754,2.757199763824596,-0.2998637292684633,1.6495242443074727,-0.3865556717425342,-0.3216337604513384,-0.6255432421712243,-0.28217393971398413,2.8264401718316665,-0.38012120648103165,-0.521402047741958,-0.19738550848793063,-0.2294157338705618,-0.42008402520840293,-0.6391014819458268,1.1661397883185811
1.5115817237256386,-0.3246107505732592,1.3333971836898266,0.21681591741042514,-0.03114819607128053,-0.6043076313522611,-0.8707960946426856,0.9440619445156881,0.8379305815963921,-0.6722392625652724,-0.6585527740981746,-0.312079621228754,-0.3626868147605197,-0.2998637292684633,-0.6062354060275328,-0.3865556717425342,-0.3216337604513384,-0.6255432421712243,-0.28217393971398413,-0.35380193430804263,-0.38012120648103165,1.9179057779514128,-0.19738550848793063,-0.2294157338705618,-0.42008402520840293,-0.6391014819458268,1.1661397883185811
0.4621936970452564,-1.4343910944134617,1.033994592693533,0.4755461291173765,-0.1723092871723499,1.6547863176281539,1.5821506508296683,0.9440619445156881,0.8379305815963921,-0.6722392625652724,1.5184811898627333,-0.312079621228754,-0.3626868147605197,-0.2998637292684633,-0.6062354060275328,2.586949495507729,-0.3216337604513384,-0.6255432421712243,-0.28217393971398413,-0.35380193430804263,-0.38012120648103165,-0.521402047741958,-0.19738550848793063,4.358898943540674,-0.42008402520840293,-0.6391014819458268,1.1661397883185811
1.5115817237256386,0.7851695932669432,-0.00308951439063044,0.941260510189889,-0.44897216478906177,-0.6043076313522611,-0.05314717948523429,0.9440619445156881,0.8379305815963921,-0.6722392625652724,-0.6585527740981746,-0.312079621228754,2.757199763824596,-0.2998637292684633,-0.6062354060275328,-0.3865556717425342,3.1091263510296048,-0.6255432421712243,-0.28217393971398413,-0.35380193430804263,-0.38012120648103165,1.9179057779514128,-0.19738550848793063,-0.2294157338705618,-0.42008402520840293,-0.6391014819458268,1.1661397883185811
-0.34027949982797706,-1.4343910944134617,-0.39278812489374276,1.14824467955545,-0.533210856545872,-0.6043076313522611,0.764501735672217,-1.0592525266051358,-1.1934162828797101,1.487565597082189,-0.6585527740981746,-0.312079621228754,-0.3626868147605197,-0.2998637292684633,-0.6062354060275328,2.586949495507729,-0.3216337604513384,1.5986105077709065,-0.28217393971398413,-0.35380193430804263,-0.38012120648103165,-0.521402047741958,-0.19738550848793063,-0.2294157338705618,-0.42008402520840293,1.5646967316604727,-0.8575301263340543
-1.4513962339601465,-1.4343910944134617,0.0843902549951179,0.5272921714587667,-0.37929290831816925,-0.6043076313522611,-0.8707960946426856,0.9440619445156881,-1.1934162828797101,1.487565597082189,-0.6585527740981746,-0.312079621228754,-0.3626868147605197,-0.2998637292684633,-0.6062354060275328,-0.3865556717425342,-0.3216337604513384,-0.6255432421712243,-0.28217393971398413,-0.35380193430804263,2.6307398349528825,-0.521402047741958,-0.19738550848793063,-0.2294157338705618,-0.42008402520840293,-0.6391014819458268,-0.8575301263340543
1.2029381864667028,0.7851695932669432,-0.2597203066731678,0.2685619597518154,-0.4137280356654225,-0.6043076313522611,-0.8707960946426856,-1.0592525266051358,0.8379305815963921,-0.6722392625652724,1.5184811898627333,-0.312079621228754,-0.3626868147605197,-0.2998637292684633,-0.6062354060275328,-0.3865556717425342,3.1091263510296048,1.5986105077709065,-0.28217393971398413,-0.35380193430804263,-0.38012120648103165,-0.521402047741958,-0.19738550848793063,-0.2294157338705618,-0.42008402520840293,-0.6391014819458268,1.1661397883185811
0.33873628214168205,-1.4343910944134617,-0.9016493186446451,-0.9215970141001608,-0.3284869115773785,1.6547863176281539,-0.05314717948523429,-1.0592525266051358,0.8379305815963921,-0.6722392625652724,1.5184811898627333,-0.312079621228754,-0.3626868147605197,-0.2998637292684633,-0.6062354060275328,-0.3865556717425342,-0.3216337604513384,-0.6255432421712243,-0.28217393971398413,2.8264401718316665,-0.38012120648103165,-0.521402047741958,-0.19738550848793063,-0.2294157338705618,-0.42008402520840293,-0.6391014819458268,1.1661397883185811
0.21527886723810766,-0.3246107505732592,0.6849555933133742,-0.7663588870759901,0.3083413446128866,-0.6043076313522611,0.764501735672217,-1.0592525266051358,0.8379305815963921,-0.6722392625652724,-0.6585527740981746,3.204310477123404,-0.3626868147605197,-0.2998637292684633,-0.6062354060275328,-0.3865556717425342,-0.3216337604513384,1.5986105077709065,-0.28217393971398413,-0.35380193430804263,-0.38012120648103165,-0.521402047741958,-0.19738550848793063,-0.2294157338705618,-0.42008402520840293,1.5646967316604727,-0.8575301263340543
0.5239224044970436,-0.3246107505732592,-1.0567190909360824,-1.128581183465722,-0.3148688994006726,-0.6043076313522611,0.764501735672217,-1.0592525266051358,-1.1934162828797101,-0.6722392625652724,1.5184811898627333,-0.312079621228754,-0.3626868147605197,-0.2998637292684633,1.6495242443074727,-0.3865556717425342,-0.3216337604513384,1.5986105077709065,-0.28217393971398413,-0.35380193430804263,-0.38012120648103165,-0.521402047741958,-0.19738550848793063,-0.2294157338705618,-0.42008402520840293,-0.6391014819458268,1.1661397883185811
-1.5131249414119337,-0.3246107505732592,-0.45157734617108675,-0.9215970141001608,-0.10030042969115811,-0.6043076313522611,0.764501735672217,0.9440619445156881,-1.1934162828797101,1.487565597082189,-0.6585527740981746,-0.312079621228754,2.757199763824596,-0.2998637292684633,-0.6062354060275328,-0.3865556717425342,-0.3216337604513384,-0.6255432421712243,-0.28217393971398413,-0.35380193430804263,2.6307398349528825,-0.521402047741958,-0.19738550848793063,-0.2294157338705618,-0.42008402520840293,-0.6391014819458268,-0.8575301263340543
0.21527886723810766,-0.3246107505732592,-0.3934921874240104,-1.1803272258071122,0.17277373322312983,1.6547863176281539,-0.8707960946426856,0.9440619445156881,0.8379305815963921,-0.6722392625652724,-0.6585527740981746,-0.312079621228754,-0.3626868147605197,-0.2998637292684633,-0.6062354060275328,-0.3865556717425342,-0.3216337604513384,-0.6255432421712243,-0.28217393971398413,-0.35380193430804263,-0.38012120648103165,-0.521402047741958,-0.19738550848793063,4.358898943540674,-0.42008402520840293,1.5646967316604727,-0.8575301263340543
0.15355015978632047,-0.3246107505732592,1.2438052267132755,-1.2320732681485025,1.4572245318962884,1.6547863176281539,-0.05314717948523429,0.9440619445156881,0.8379305815963921,-0.6722392625652724,-0.6585527740981746,-0.312079621228754,-0.3626868147605197,-0.2998637292684633,1.6495242443074727,-0.3865556717425342,-0.3216337604513384,-0.6255432421712243,-0.28217393971398413,-0.35380193430804263,-0.38012120648103165,-0.521402047741958,-0.19738550848793063,4.358898943540674,-0.42008402520840293,1.5646967316604727,-0.8575301263340543
1.3881243088220643,0.7851695932669432,-0.024035374666091312,-0.6111207600518193,-0.09220815351695301,-0.6043076313522611,1.5821506508296683,-1.0592525266051358,0.8379305815963921,-0.6722392625652724,-0.6585527740981746,-0.312079621228754,2.757199763824596,-0.2998637292684633,1.6495242443074727,-0.3865556717425342,-0.3216337604513384,-0.6255432421712243,-0.28217393971398413,-0.35380193430804263,-0.38012120648103165,1.9179057779514128,-0.19738550848793063,-0.2294157338705618,-0.42008402520840293,-0.6391014819458268,1.1661397883185811
0.4004649895934692,0.7851695932669432,-0.8548291603818502,-1.335565352831283,0.02125245750268547,-0.6043076313522611,-0.05314717948523429,-1.0592525266051358,-1.1934162828797101,1.487565597082189,1.5184811898627333,-0.312079621228754,-0.3626868147605197,-0.2998637292684633,-0.6062354060275328,-0.3865556717425342,-0.3216337604513384,-0.6255432421712243,-0.28217393971398413,-0.35380193430804263,-0.38012120648103165,1.9179057779514128,-0.19738550848793063,-0.2294157338705618,-0.42008402520840293,-0.6391014819458268,1.1661397883185811
1.2029381864667028,-1.4343910944134617,0.27325502873939955,-0.4558826330276484,-0.060728898333270685,-0.6043076313522611,-0.8707960946426856,-1.0592525266051358,0.8379305815963921,-0.6722392625652724,-0.6585527740981746,-0.312079621228754,-0.3626868147605197,-0.2998637292684633,-0.6062354060275328,-0.3865556717425342,-0.3216337604513384,-0.6255432421712243,-0.28217393971398413,-0.35380193430804263,-0.38012120648103165,1.9179057779514128,-0.19738550848793063,-0.2294157338705618,-0.42008402520840293,-0.6391014819458268,1.1661397883185811
-0.5871943296351259,0.7851695932669432,1.1561494416949603,0.42380008677598624,-0.13325574152347214,-0.6043076313522611,0.764501735672217,0.9440619445156881,-1.1934162828797101,-0.6722392625652724,1.5184811898627333,-0.312079621228754,-0.3626868147605197,-0.2998637292684633,1.6495242443074727,-0.3865556717425342,-0.3216337604513384,1.5986105077709065,-0.28217393971398413,-0.35380193430804263,-0.38012120648103165,-0.521402047741958,-0.19738550848793063,-0.2294157338705618,-0.42008402520840293,1.5646967316604727,-0.8575301263340543
1.5733104311774257,-0.3246107505732592,-0.7953358765742387,-0.8181049294173803,-0.3201493531018443,-0.6043076313522611,-0.05314717948523429,0.9440619445156881,0.8379305815963921,-0.6722392625652724,-0.6585527740981746,-0.312079621228754,-0.3626868147605197,-0.2998637292684633,1.6495242443074727,-0.3865556717425342,-0.3216337604513384,-0.6255432421712243,-0.28217393971398413,-0.35380193430804263,-0.38012120648103165,1.9179057779514128,-0.19738550848793063,-0.2294157338705618,-0.42008402520840293,-0.6391014819458268,1.1661397883185811
1.4498530162738514,-0.3246107505732592,1.3216041363078446,-0.09366033663791651,0.0893522536504905,-0.6043076313522611,0.764501735672217,0.9440619445156881,0.8379305815963921,-0.6722392625652724,-0.6585527740981746,-0.312079621228754,-0.3626868147605197,-0.2998637292684633,-0.6062354060275328,2.586949495507729,-0.3216337604513384,-0.6255432421712243,-0.28217393971398413,-0.35380193430804263,-0.38012120648103165,1.9179057779514128,-0.19738550848793063,-0.2294157338705618,-0.42008402520840293,-0.6391014819458268,1.1661397883185811
-1.636582356315508,-1.4343910944134617,-0.9667751026943974,-1.0250890987829415,-0.315447384074897,1.6547863176281539,-1.688445009800137,-1.0592525266051358,-1.1934162828797101,1.487565597082189,-0.6585527740981746,-0.312079621228754,-0.3626868147605197,-0.2998637292684633,-0.6062354060275328,-0.3865556717425342,3.1091263510296048,-0.6255432421712243,-0.28217393971398413,2.8264401718316665,-0.38012120648103165,-0.521402047741958,-0.19738550848793063,-0.2294157338705618,-0.42008402520840293,-0.6391014819458268,-0.8575301263340543
-0.34027949982797706,-0.3246107505732592,-0.16009545864030353,0.2685619597518154,-0.3908783659799241,-0.6043076313522611,-0.8707960946426856,0.9440619445156881,0.8379305815963921,-0.6722392625652724,1.5184811898627333,-0.312079621228754,-0.3626868147605197,-0.2998637292684633,-0.6062354060275328,-0.3865556717425342,3.1091263510296048,1.5986105077709065,-0.28217393971398413,-0.35380193430804263,-0.38012120648103165,-0.521402047741958,-0.19738550848793063,-0.2294157338705618,-0.42008402520840293,1.5646967316604727,-0.8575301263340543
-0.648923037086913,-0.3246107505732592,0.7412805957347816,0.6825302984829376,-0.27515891867727393,-0.6043076313522611,-0.05314717948523429,0.9440619445156881,-1.1934162828797101,1.487565597082189,1.5184811898627333,-0.312079621228754,-0.3626868147605197,-0.2998637292684633,-0.6062354060275328,-0.3865556717425342,-0.3216337604513384,1.5986105077709065,-0.28217393971398413,-0.35380193430804263,-0.38012120648103165,-0.521402047741958,-0.19738550848793063,-0.2294157338705618,-0.42008402520840293,1.5646967316604727,-0.8575301263340543
-0.03163596256904111,-0.3246107505732592,1.4532638294678843,1.1999907218968402,-0.2404903986434955,-0.6043076313522611,0.764501735672217,-1.0592525266051358,0.8379305815963921,-0.6722392625652724,1.5184811898627333,-0.312079621228754,-0.3626868147605197,-0.2998637292684633,1.6495242443074727,-0.3865556717425342,-0.3216337604513384,-0.6255432421712243,-0.28217393971398413,-0.35380193430804263,-0.38012120648103165,1.9179057779514128,-0.19738550848793063,-0.2294157338705618,-0.42008402520840293,1.5646967316604727,-0.8575301263340543
-0.46373691473155143,-0.3246107505732592,-0.38398734326539785,-0.559374717710429,-0.25098547117259445,-0.6043076313522611,-0.05314717948523429,-1.0592525266051358,0.8379305815963921,-0.6722392625652724,-0.6585527740981746,-0.312079621228754,-0.3626868147605197,-0.2998637292684633,1.6495242443074727,-0.3865556717425342,-0.3216337604513384,-0.6255432421712243,-0.28217393971398413,-0.35380193430804263,2.6307398349528825,-0.521402047741958,-0.19738550848793063,-0.2294157338705618,-0.42008402520840293,1.5646967316604727,-0.8575301263340543
-0.27855079237618985,0.7851695932669432,0.6367273099900441,-1.128581183465722,0.7726623403938575,-0.6043076313522611,0.764501735672217,-1.0592525266051358,0.8379305815963921,-0.6722392625652724,-0.6585527740981746,3.204310477123404,-0.3626868147605197,-0.2998637292684633,-0.6062354060275328,-0.3865556717425342,-0.3216337604513384,-0.6255432421712243,-0.28217393971398413,-0.35380193430804263,-0.38012120648103165,-0.521402047741958,5.06622805119022,-0.2294157338705618,-0.42008402520840293,1.5646967316604727,-0.8575301263340543
-1.266210111604785,0.7851695932669432,-0.31551726219687454,1.4069748912624014,-0.5387515071485595,-0.6043076313522611,-0.05314717948523429,0.9440619445156881,0.8379305815963921,-0.6722392625652724,-0.6585527740981746,-0.312079621228754,-0.3626868147605197,-0.2998637292684633,1.6495242443074727,-0.3865556717425342,-0.3216337604513384,-0.6255432421712243,-0.28217393971398413,-0.35380193430804263,2.6307398349528825,-0.521402047741958,-0.19738550848793063,-0.2294157338705618,2.3804761428476167,-0.6391014819458268,-0.8575301263340543
-1.6983110637672953,-1.4343910944134617,-1.654644194765835,-1.0768351411243318,-0.7022404395808376,1.6547863176281539,1.5821506508296683,-1.0592525266051358,0.8379305815963921,-0.6722392625652724,1.5184811898627333,-0.312079621228754,-0.3626868147605197,-0.2998637292684633,-0.6062354060275328,2.586949495507729,-0.3216337604513384,-0.6255432421712243,-0.28217393971398413,2.8264401718316665,-0.38012120648103165,-0.521402047741958,-0.19738550848793063,-0.2294157338705618,-0.42008402520840293,-0.6391014819458268,-0.8575301263340543
0.956023356659554,-0.3246107505732592,-1.007082682552217,0.2685619597518154,-0.5851409287478009,-0.6043076313522611,-0.05314717948523429,0.9440619445156881,-1.1934162828797101,-0.6722392625652724,-0.6585527740981746,-0.312079621228754,-0.3626868147605197,3.334848140652303,-0.6062354060275328,2.586949495507729,-0.3216337604513384,-0.6255432421712243,-0.28217393971398413,-0.35380193430804263,2.6307398349528825,-0.521402047741958,-0.19738550848793063,-0.2294157338705618,-0.42008402520840293,-0.6391014819458268,1.1661397883185811
0.8942946492077668,0.7851695932669432,0.6367273099900441,-0.5076286753690387,0.09458964554777909,-0.6043076313522611,-0.05314717948523429,0.9440619445156881,0.8379305815963921,-0.6722392625652724,1.5184811898627333,-0.312079621228754,-0.3626868147605197,-0.2998637292684633,-0.6062354060275328,-0.3865556717425342,-0.3216337604513384,-0.6255432421712243,3.5439133784417334,-0.35380193430804263,-0.38012120648103165,-0.521402047741958,-0.19738550848793063,-0.2294157338705618,-0.42008402520840293,-0.6391014819458268,1.1661397883185811
-0.2168220849244027,-0.3246107505732592,0.2516051059336711,-1.0768351411243318,0.44544073899091574,1.6547863176281539,-0.05314717948523429,0.9440619445156881,0.8379305815963921,-0.6722392625652724,1.5184811898627333,-0.312079621228754,-0.3626868147605197,-0.2998637292684633,-0.6062354060275328,-0.3865556717425342,-0.3216337604513384,-0.6255432421712243,-0.28217393971398413,2.8264401718316665,-0.38012120648103165,-0.521402047741958,-0.19738550848793063,-0.2294157338705618,-0.42008402520840293,1.5646967316604727,-0.8575301263340543
0.03009274488274608,1.8949499371071457,1.0517721715827897,1.5104669759451819,-0.3456818221031312,-0.6043076313522611,-0.05314717948523429,0.9440619445156881,0.8379305815963921,-0.6722392625652724,1.5184811898627333,-0.312079621228754,-0.3626868147605197,-0.2998637292684633,-0.6062354060275328,-0.3865556717425342,-0.3216337604513384,-0.6255432421712243,-0.28217393971398413,-0.35380193430804263,-0.38012120648103165,1.9179057779514128,-0.19738550848793063,-0.2294157338705618,-0.42008402520840293,1.5646967316604727,-0.8575301263340543
0.03009274488274608,-0.3246107505732592,1.004952013319995,-0.4558826330276484,0.19100098739804597,-0.6043076313522611,0.764501735672217,-1.0592525266051358,0.8379305815963921,-0.6722392625652724,-0.6585527740981746,-0.312079621228754,2.757199763824596,-0.2998637292684633,-0.6062354060275328,-0.3865556717425342,-0.3216337604513384,1.5986105077709065,-0.28217393971398413,-0.35380193430804263,-0.38012120648103165,-0.521402047741958,-0.19738550848793063,-0.2294157338705618,-0.42008402520840293,1.5646967316604727,-0.8575301263340543
-1.0810239892494233,0.7851695932669432,1.6834922768653868,-0.7146128447345997,0.6804092124889435,-0.6043076313522611,-0.05314717948523429,0.9440619445156881,-1.1934162828797101,1.487565597082189,-0.6585527740981746,3.204310477123404,-0.3626868147605197,-0.2998637292684633,-0.6062354060275328,-0.3865556717425342,3.1091263510296048,-0.6255432421712243,3.5439133784417334,-0.35380193430804263,-0.38012120648103165,-0.521402047741958,-0.19738550848793063,-0.2294157338705618,2.3804761428476167,-0.6391014819458268,-0.8575301263340543
0.4621936970452564,-0.3246107505732592,0.5356943368966446,-1.2838193104898927,1.0729740149935998,-0.6043076313522611,-0.8707960946426856,-1.0592525266051358,-1.1934162828797101,1.487565597082189,-0.6585527740981746,-0.312079621228754,-0.3626868147605197,-0.2998637292684633,-0.6062354060275328,-0.3865556717425342,-0.3216337604513384,-0.6255432421712243,-0.28217393971398413,-0.35380193430804263,-0.38012120648103165,1.9179057779514128,-0.19738550848793063,-0.2294157338705618,-0.42008402520840293,-0.6391014819458268,1.1661397883185811
1.4498530162738514,1.8949499371071457,0.2216824483972984,-0.559374717710429,-0.026584821384092284,-0.6043076313522611,1.5821506508296683,0.9440619445156881,0.8379305815963921,-0.6722392625652724,1.5184811898627333,-0.312079621228754,-0.3626868147605197,-0.2998637292684633,-0.6062354060275328,2.586949495507729,-0.3216337604513384,-0.6255432421712243,-0.28217393971398413,-0.35380193430804263,2.6307398349528825,-0.521402047741958,-0.19738550848793063,-0.2294157338705618,-0.42008402520840293,-0.6391014819458268,1.1661397883185811
-1.7600397712190825,-0.3246107505732592,0.8379131780140086,-1.335565352831283,1.503633035939627,1.6547863176281539,-0.05314717948523429,-1.0592525266051358,0.8379305815963921,-0.6722392625652724,-0.6585527740981746,-0.312079621228754,-0.3626868147605197,-0.2998637292684633,1.6495242443074727,-0.3865556717425342,-0.3216337604513384,-0.6255432421712243,-0.28217393971398413,-0.35380193430804263,-0.38012120648103165,-0.521402047741958,-0.19738550848793063,4.358898943540674,-0.42008402520840293,-0.6391014819458268,-0.8575301263340543
-0.8341091594422746,1.8949499371071457,-1.5956789578559243,-1.1803272258071122,-0.6544166057448242,-0.6043076313522611,0.764501735672217,-1.0592525266051358,-1.1934162828797101,-0.6722392625652724,-0.6585527740981746,-0.312079621228754,-0.3626868147605197,-0.2998637292684633,-0.6062354060275328,2.586949495507729,-0.3216337604513384,-0.6255432421712243,-0.28217393971398413,-0.35380193430804263,-0.38012120648103165,1.9179057779514128,-0.19738550848793063,-0.2294157338705618,2.3804761428476167,-0.6391014819458268,-0.8575301263340543
-1.6983110637672953,-0.3246107505732592,1.387962029785565,-1.2838193104898927,1.7571318810009164,1.6547863176281539,-1.688445009800137,0.9440619445156881,0.8379305815963921,-0.6722392625652724,-0.6585527740981746,-0.312079621228754,-0.3626868147605197,3.334848140652303,-0.6062354060275328,-0.3865556717425342,-0.3216337604513384,-0.6255432421712243,-0.28217393971398413,-0.35380193430804263,-0.38012120648103165,-0.521402047741958,-0.19738550848793063,-0.2294157338705618,-0.42008402520840293,-0.6391014819458268,-0.8575301263340543
-1.0192952817976362,-0.3246107505732592,-0.8020244706117808,1.3552288489210111,-0.6097399842160524,1.6547863176281539,-1.688445009800137,-1.0592525266051358,0.8379305815963921,-0.6722392625652724,-0.6585527740981746,-0.312079621228754,-0.3626868147605197,-0.2998637292684633,-0.6062354060275328,-0.3865556717425342,3.1091263510296048,-0.6255432421712243,-0.28217393971398413,-0.35380193430804263,-0.38012120648103165,-0.521402047741958,-0.19738550848793063,-0.2294157338705618,2.3804761428476167,-0.6391014819458268,-0.8575301263340543
0.33873628214168205,0.7851695932669432,-0.8856318960810574,1.717451145310743,-0.6355716838204591,-0.6043076313522611,-0.05314717948523429,-1.0592525266051358,0.8379305815963921,-0.6722392625652724,-0.6585527740981746,-0.312079621228754,-0.3626868147605197,-0.2998637292684633,1.6495242443074727,-0.3865556717425342,-0.3216337604513384,1.5986105077709065,-0.28217393971398413,-0.35380193430804263,-0.38012120648103165,-0.521402047741958,-0.19738550848793063,-0.2294157338705618,-0.42008402520840293,-0.6391014819458268,1.1661397883185811
1.2029381864667028,-0.3246107505732592,-0.8660941608661317,-0.9215970141001608,-0.3104604472281347,-0.6043076313522611,-0.8707960946426856,-1.0592525266051358,-1.1934162828797101,1.487565597082189,-0.6585527740981746,-0.312079621228754,-0.3626868147605197,-0.2998637292684633,-0.6062354060275328,-0.3865556717425342,-0.3216337604513384,-0.6255432421712243,-0.28217393971398413,-0.35380193430804263,2.6307398349528825,-0.521402047741958,-0.19738550848793063,-0.2294157338705618,-0.42008402520840293,-0.6391014819458268,1.1661397883185811
1.3881243088220643,1.8949499371071457,-1.2047482379248435,-1.2320732681485025,-0.3571535205348966,-0.6043076313522611,-0.8707960946426856,0.9440619445156881,-1.1934162828797101,1.487565597082189,-0.6585527740981746,-0.312079621228754,-0.3626868147605197,-0.2998637292684633,-0.6062354060275328,-0.3865556717425342,-0.3216337604513384,-0.6255432421712243,-0.28217393971398413,-0.35380193430804263,2.6307398349528825,-0.521402047741958,-0.19738550848793063,-0.2294157338705618,-0.42008402520840293,-0.6391014819458268,1.1661397883185811
0.5856511119488308,-0.3246107505732592,-1.3617541821745167,-1.2320732681485025,-0.4734949210645938,1.6547863176281539,-0.8707960946426856,-1.0592525266051358,-1.1934162828797101,1.487565597082189,-0.6585527740981746,-0.312079621228754,-0.3626868147605197,3.334848140652303,1.6495242443074727,-0.3865556717425342,-0.3216337604513384,-0.6255432421712243,-0.28217393971398413,-0.35380193430804263,-0.38012120648103165,-0.521402047741958,-0.19738550848793063,4.358898943540674,-0.42008402520840293,-0.6391014819458268,1.1661397883185811
-0.34027949982797706,-1.4343910944134617,-0.5545464912227221,1.0447525948726695,-0.5528360767951955,1.6547863176281539,-0.05314717948523429,0.9440619445156881,-1.1934162828797101,1.487565597082189,1.5184811898627333,-0.312079621228754,-0.3626868147605197,-0.2998637292684633,-0.6062354060275328,-0.3865556717425342,-0.3216337604513384,-0.6255432421712243,-0.28217393971398413,2.8264401718316665,-0.38012120648103165,-0.521402047741958,-0.19738550848793063,-0.2294157338705618,-0.42008402520840293,1.5646967316604727,-0.8575301263340543
-0.03163596256904111,0.7851695932669432,-1.0549589346104133,1.0447525948726695,-0.6374057767042719,1.6547863176281539,-0.05314717948523429,-1.0592525266051358,-1.1934162828797101,1.487565597082189,1.5184811898627333,-0.312079621228754,-0.3626868147605197,-0.2998637292684633,-0.6062354060275328,-0.3865556717425342,-0.3216337604513384,-0.6255432421712243,-0.28217393971398413,-0.35380193430804263,-0.38012120648103165,-0.521402047741958,-0.19738550848793063,-0.2294157338705618,-0.42008402520840293,1.5646967316604727,-0.8575301263340543
-1.3279388190565722,0.7851695932669432,0.3154987805554551,0.21681591741042514,-0.2703046586771567,-0.6043076313522611,-0.05314717948523429,-1.0592525266051358,-1.1934162828797101,-0.6722392625652724,-0.6585527740981746,3.204310477123404,-0.3626868147605197,-0.2998637292684633,-0.6062354060275328,-0.3865556717425342,3.1091263510296048,-0.6255432421712243,-0.28217393971398413,-0.35380193430804263,2.6307398349528825,-0.521402047741958,-0.19738550848793063,-0.2294157338705618,-0.42008402520840293,-0.6391014819458268,-0.8575301263340543
-0.7723804519904874,-0.3246107505732592,1.5722503970831074,1.303482806579621,-0.2385359483833794,-0.6043076313522611,0.764501735672217,-1.0592525266051358,-1.1934162828797101,-0.6722392625652724,1.5184811898627333,-0.312079621228754,-0.3626868147605197,-0.2998637292684633,1.6495242443074727,-0.3865556717425342,-0.3216337604513384,-0.6255432421712243,-0.28217393971398413,-0.35380193430804263,-0.38012120648103165,1.9179057779514128,-0.19738550848793063,-0.2294157338705618,2.3804761428476167,-0.6391014819458268,-0.8575301263340543
0.4004649895934692,0.7851695932669432,0.7257912200688945,1.0964986372140597,-0.34364077359305817,1.6547863176281539,0.764501735672217,-1.0592525266051358,0.8379305815963921,-0.6722392625652724,1.5184811898627333,-0.312079621228754,-0.3626868147605197,-0.2998637292684633,1.6495242443074727,-0.3865556717425342,-0.3216337604513384,-0.6255432421712243,-0.28217393971398413,-0.35380193430804263,-0.38012120648103165,-0.521402047741958,-0.19738550848793063,4.358898943540674,-0.42008402520840293,-0.6391014819458268,1.1661397883185811
-0.8958378668940618,0.7851695932669432,-0.7163048575517015,-1.4390574375140637,0.341576004445092,1.6547863176281539,-1.688445009800137,-1.0592525266051358,0.8379305815963921,-0.6722392625652724,-0.6585527740981746,-0.312079621228754,-0.3626868147605197,3.334848140652303,-0.6062354060275328,-0.3865556717425342,-0.3216337604513384,-0.6255432421712243,-0.28217393971398413,2.8264401718316665,-0.38012120648103165,-0.521402047741958,-0.19738550848793063,-0.2294157338705618,2.3804761428476167,-0.6391014819458268,-0.8575301263340543
-1.2044814041529976,0.7851695932669432,-0.9625507275127918,0.16506987506903484,-0.5660235063457377,-0.6043076313522611,0.764501735672217,0.9440619445156881,0.8379305815963921,-0.6722392625652724,1.5184811898627333,-0.312079621228754,-0.3626868147605197,-0.2998637292684633,1.6495242443074727,-0.3865556717425342,-0.3216337604513384,1.5986105077709065,-0.28217393971398413,-0.35380193430804263,-0.38012120648103165,-0.521402047741958,-0.19738550848793063,-0.2294157338705618,2.3804761428476167,-0.6391014819458268,-0.8575301263340543
-0.34027949982797706,1.8949499371071457,-0.15094264574682484,0.009831748044864034,-0.3395598976393773,-0.6043076313522611,-0.8707960946426856,0.9440619445156881,-1.1934162828797101,1.487565597082189,-0.6585527740981746,-0.312079621228754,-0.3626868147605197,-0.2998637292684633,-0.6062354060275328,-0.3865556717425342,-0.3216337604513384,1.5986105077709065,-0.28217393971398413,-0.35380193430804263,-0.38012120648103165,-0.521402047741958,-0.19738550848793063,-0.2294157338705618,-0.42008402520840293,1.5646967316604727,-0.8575301263340543
0.4621936970452564,-0.3246107505732592,-1.6741819299807608,-1.128581183465722,-0.7114035204586926,-0.6043076313522611,0.764501735672217,0.9440619445156881,-1.1934162828797101,1.487565597082189,-0.6585527740981746,-0.312079621228754,2.757199763824596,-0.2998637292684633,-0.6062354060275328,-0.3865556717425342,-0.3216337604513384,-0.6255432421712243,-0.28217393971398413,-0.35380193430804263,-0.38012120648103165,1.9179057779514128,-0.19738550848793063,-0.2294157338705618,-0.42008402520840293,-0.6391014819458268,1.1661397883185811
-1.2044814041529976,0.7851695932669432,-1.1767617523467069,-1.128581183465722,-0.3919602938024883,-0.6043076313522611,1.5821506508296683,0.9440619445156881,-1.1934162828797101,1.487565597082189,-0.6585527740981746,3.204310477123404,-0.3626868147605197,-0.2998637292684633,1.6495242443074727,-0.3865556717425342,-0.3216337604513384,1.5986105077709065,-0.28217393971398413,-0.35380193430804263,-0.38012120648103165,-0.521402047741958,-0.19738550848793063,-0.2294157338705618,2.3804761428476167,-0.6391014819458268,-0.8575301263340543
1.4498530162738514,-1.4343910944134617,-0.6036548527088866,0.5790382138001571,-0.5251605458233676,1.6547863176281539,-0.05314717948523429,-1.0592525266051358,-1.1934162828797101,1.487565597082189,1.5184811898627333,-0.312079621228754,-0.3626868147605197,-0.2998637292684633,-0.6062354060275328,-0.3865556717425342,-0.3216337604513384,-0.6255432421712243,-0.28217393971398413,-0.35380193430804263,-0.38012120648103165,-0.521402047741958,-0.19738550848793063,-0.2294157338705618,-0.42008402520840293,-0.6391014819458268,1.1661397883185811
-0.15509337747261548,-1.4343910944134617,-0.48906867590783604,1.0447525948726695,-0.5417703264025905,-0.6043076313522611,0.764501735672217,-1.0592525266051358,0.8379305815963921,-0.6722392625652724,-0.6585527740981746,-0.312079621228754,2.757199763824596,-0.2998637292684633,-0.6062354060275328,-0.3865556717425342,-0.3216337604513384,1.5986105077709065,-0.28217393971398413,-0.35380193430804263,-0.38012120648103165,-0.521402047741958,-0.19738550848793063,-0.2294157338705618,-0.42008402520840293,1.5646967316604727,-0.8575301263340543
-0.03163596256904111,-0.3246107505732592,-1.0389415120468257,1.7691971876521333,-0.6580260643414386,-0.6043076313522611,-0.8707960946426856,-1.0592525266051358,0.8379305815963921,-0.6722392625652724,-0.6585527740981746,-0.312079621228754,-0.3626868147605197,-0.2998637292684633,-0.6062354060275328,-0.3865556717425342,-0.3216337604513384,1.5986105077709065,-0.28217393971398413,-0.35380193430804263,-0.38012120648103165,-0.521402047741958,-0.19738550848793063,-0.2294157338705618,-0.42008402520840293,1.5646967316604727,-0.8575301263340543
1.5733104311774257,1.8949499371071457,-1.0991388583847048,0.7860223831657182,-0.6344751605307133,-0.6043076313522611,-0.8707960946426856,-1.0592525266051358,-1.1934162828797101,1.487565597082189,-0.6585527740981746,-0.312079621228754,-0.3626868147605197,-0.2998637292684633,-0.6062354060275328,-0.3865556717425342,-0.3216337604513384,1.5986105077709065,-0.28217393971398413,-0.35380193430804263,-0.38012120648103165,-0.521402047741958,-0.19738550848793063,-0.2294157338705618,-0.42008402520840293,-0.6391014819458268,1.1661397883185811
-0.5871943296351259,-1.4343910944134617,-1.4365608260154483,-0.4558826330276484,-0.6489665961908627,1.6547863176281539,0.764501735672217,-1.0592525266051358,0.8379305815963921,-0.6722392625652724,-0.6585527740981746,3.204310477123404,-0.3626868147605197,-0.2998637292684633,-0.6062354060275328,-0.3865556717425342,-0.3216337604513384,-0.6255432421712243,-0.28217393971398413,2.8264401718316665,-0.38012120648103165,-0.521402047741958,-0.19738550848793063,-0.2294157338705618,-0.42008402520840293,1.5646967316604727,-0.8575301263340543
0.15355015978632047,0.7851695932669432,-1.0760808105184412,-1.5425495221968442,0.15920926499993646,1.6547863176281539,1.5821506508296683,-1.0592525266051358,0.8379305815963921,-0.6722392625652724,1.5184811898627333,-0.312079621228754,-0.3626868147605197,-0.2998637292684633,-0.6062354060275328,2.586949495507729,-0.3216337604513384,-0.6255432421712243,-0.28217393971398413,-0.35380193430804263,-0.38012120648103165,-0.521402047741958,-0.19738550848793063,-0.2294157338705618,-0.42008402520840293,1.5646967316604727,-0.8575301263340543
-1.2044814041529976,-0.3246107505732592,0.14441158570043014,-1.2320732681485025,0.6425738730302702,1.6547863176281539,-0.05314717948523429,0.9440619445156881,-1.1934162828797101,1.487565597082189,1.5184811898627333,-0.312079621228754,-0.3626868147605197,-0.2998637292684633,-0.6062354060275328,-0.3865556717425342,-0.3216337604513384,-0.6255432421712243,-0.28217393971398413,2.8264401718316665,-0.38012120648103165,-0.521402047741958,-0.19738550848793063,-0.2294157338705618,2.3804761428476167,-0.6391014819458268,-0.8575301263340543
-0.648923037086913,0.7851695932669432,0.6580252015306387,-0.8181049294173803,0.3465281118916547,-0.6043076313522611,-0.8707960946426856,0.9440619445156881,-1.1934162828797101,1.487565597082189,-0.6585527740981746,-0.312079621228754,-0.3626868147605197,-0.2998637292684633,-0.6062354060275328,-0.3865556717425342,-0.3216337604513384,-0.6255432421712243,-0.28217393971398413,-0.35380193430804263,-0.38012120648103165,-0.521402047741958,5.06622805119022,-0.2294157338705618,-0.42008402520840293,1.5646967316604727,-0.8575301263340543
-0.648923037086913,-0.3246107505732592,-1.0489744031031387,-1.4390574375140637,-0.014491286413734494,-0.6043076313522611,-0.05314717948523429,-1.0592525266051358,0.8379305815963921,-0.6722392625652724,1.5184811898627333,-0.312079621228754,-0.3626868147605197,-0.2998637292684633,-0.6062354060275328,-0.3865556717425342,-0.3216337604513384,1.5986105077709065,-0.28217393971398413,-0.35380193430804263,-0.38012120648103165,-0.521402047741958,-0.19738550848793063,-0.2294157338705618,-0.42008402520840293,1.5646967316604727,-0.8575301263340543
-0.957566574345849,0.7851695932669432,1.4062676555725224,-0.4558826330276484,0.3290678960984073,-0.6043076313522611,0.764501735672217,-1.0592525266051358,-1.1934162828797101,1.487565597082189,-0.6585527740981746,-0.312079621228754,2.757199763824596,-0.2998637292684633,-0.6062354060275328,-0.3865556717425342,-0.3216337604513384,-0.6255432421712243,-0.28217393971398413,-0.35380193430804263,2.6307398349528825,-0.521402047741958,-0.19738550848793063,-0.2294157338705618,2.3804761428476167,-0.6391014819458268,-0.8575301263340543
1.26466689391849,-1.4343910944134617,1.2658071807841378,1.6139590606279626,-0.32734122845442504,-0.6043076313522611,-0.8707960946426856,0.9440619445156881,0.8379305815963921,-0.6722392625652724,-0.6585527740981746,-0.312079621228754,-0.3626868147605197,3.334848140652303,1.6495242443074727,-0.3865556717425342,-0.3216337604513384,-0.6255432421712243,-0.28217393971398413,-0.35380193430804263,-0.38012120648103165,1.9179057779514128,-0.19738550848793063,-0.2294157338705618,-0.42008402520840293,-0.6391014819458268,1.1661397883185811
0.09182145233453327,0.7851695932669432,0.03440181534611885,-0.559374717710429,-0.09597229344888922,-0.6043076313522611,-1.688445009800137,-1.0592525266051358,0.8379305815963921,-0.6722392625652724,-0.6585527740981746,-0.312079621228754,-0.3626868147605197,-0.2998637292684633,-0.6062354060275328,-0.3865556717425342,3.1091263510296048,-0.6255432421712243,-0.28217393971398413,-0.35380193430804263,-0.38012120648103165,1.9179057779514128,-0.19738550848793063,-0.2294157338705618,-0.42008402520840293,1.5646967316604727,-0.8575301263340543
-0.7723804519904874,-1.4343910944134617,-1.4518741860487685,0.9930065525312792,-0.7036180808847556,-0.6043076313522611,0.764501735672217,0.9440619445156881,-1.1934162828797101,1.487565597082189,-0.6585527740981746,-0.312079621228754,2.757199763824596,-0.2998637292684633,-0.6062354060275328,-0.3865556717425342,-0.3216337604513384,-0.6255432421712243,-0.28217393971398413,-0.35380193430804263,-0.38012120648103165,1.9179057779514128,-0.19738550848793063,-0.2294157338705618,2.3804761428476167,-0.6391014819458268,-0.8575301263340543
-1.636582356315508,-1.4343910944134617,0.7729634095968232,1.6139590606279626,-0.39715834430909686,-0.6043076313522611,-0.05314717948523429,0.9440619445156881,-1.1934162828797101,1.487565597082189,1.5184811898627333,-0.312079621228754,-0.3626868147605197,-0.2998637292684633,-0.6062354060275328,-0.3865556717425342,-0.3216337604513384,1.5986105077709065,-0.28217393971398413,-0.35380193430804263,-0.38012120648103165,-0.521402047741958,-0.19738550848793063,-0.2294157338705618,-0.42008402520840293,-0.6391014819458268,-0.8575301263340543
0.647379819400618,0.7851695932669432,0.9187043533622148,-0.19715242132069705,0.022793874346230217,1.6547863176281539,-0.05314717948523429,-1.0592525266051358,-1.1934162828797101,-0.6722392625652724,-0.6585527740981746,-0.312079621228754,-0.3626868147605197,-0.2998637292684633,1.6495242443074727,-0.3865556717425342,-0.3216337604513384,-0.6255432421712243,-0.28217393971398413,2.8264401718316665,-0.38012120648103165,-0.521402047741958,-0.19738550848793063,-0.2294157338705618,-0.42008402520840293,-0.6391014819458268,1.1661397883185811
0.647379819400618,-0.3246107505732592,1.1241145965677848,-1.2838193104898927,1.545328361557511,-0.6043076313522611,-0.05314717948523429,-1.0592525266051358,0.8379305815963921,-0.6722392625652724,-0.6585527740981746,-0.312079621228754,-0.3626868147605197,-0.2998637292684633,1.6495242443074727,-0.3865556717425342,-0.3216337604513384,-0.6255432421712243,-0.28217393971398413,-0.35380193430804263,-0.38012120648103165,1.9179057779514128,-0.19738550848793063,-0.2294157338705618,-0.42008402520840293,-0.6391014819458268,1.1661397883185811
-0.7723804519904874,-1.4343910944134617,-1.145254954117232,1.6657051029693528,-0.6701154416387479,-0.6043076313522611,-0.8707960946426856,0.9440619445156881,0.8379305815963921,-0.6722392625652724,1.5184811898627333,-0.312079621228754,-0.3626868147605197,-0.2998637292684633,-0.6062354060275328,-0.3865556717425342,3.1091263510296048,1.5986105077709065,-0.28217393971398413,-0.35380193430804263,-0.38012120648103165,-0.521402047741958,-0.19738550848793063,-0.2294157338705618,2.3804761428476167,-0.6391014819458268,-0.8575301263340543
-0.0933646700208283,-0.3246107505732592,-0.008193967735070484,-0.6111207600518193,-0.08610414281651603,1.6547863176281539,-0.05314717948523429,-1.0592525266051358,-1.1934162828797101,-0.6722392625652724,-0.6585527740981746,-0.312079621228754,-0.3626868147605197,-0.2998637292684633,1.6495242443074727,-0.3865556717425342,-0.3216337604513384,-0.6255432421712243,-0.28217393971398413,2.8264401718316665,-0.38012120648103165,-0.521402047741958,-0.19738550848793063,-0.2294157338705618,-0.42008402520840293,1.5646967316604727,-0.8575301263340543
-0.8341091594422746,0.7851695932669432,0.19070369706552434,0.2685619597518154,-0.3104200767869943,1.6547863176281539,-0.05314717948523429,0.9440619445156881,0.8379305815963921,-0.6722392625652724,-0.6585527740981746,-0.312079621228754,-0.3626868147605197,-0.2998637292684633,1.6495242443074727,-0.3865556717425342,-0.3216337604513384,-0.6255432421712243,-0.28217393971398413,-0.35380193430804263,-0.38012120648103165,-0.521402047741958,-0.19738550848793063,4.358898943540674,2.3804761428476167,-0.6391014819458268,-0.8575301263340543
0.8942946492077668,-0.3246107505732592,-1.2503362867596701,-0.559374717710429,-0.571967743261815,1.6547863176281539,0.764501735672217,0.9440619445156881,-1.1934162828797101,1.487565597082189,-0.6585527740981746,-0.312079621228754,2.757199763824596,-0.2998637292684633,-0.6062354060275328,-0.3865556717425342,-0.3216337604513384,-0.6255432421712243,-0.28217393971398413,-0.35380193430804263,-0.38012120648103165,-0.521402047741958,-0.19738550848793063,4.358898943540674,-0.42008402520840293,-0.6391014819458268,1.1661397883185811
0.33873628214168205,-1.4343910944134617,-1.1776418305095413,-1.4390574375140637,-0.1522083179575452,1.6547863176281539,1.5821506508296683,0.9440619445156881,0.8379305815963921,-0.6722392625652724,1.5184811898627333,-0.312079621228754,-0.3626868147605197,-0.2998637292684633,-0.6062354060275328,2.586949495507729,-0.3216337604513384,-0.6255432421712243,-0.28217393971398413,-0.35380193430804263,-0.38012120648103165,-0.521402047741958,-0.19738550848793063,-0.2294157338705618,-0.42008402520840293,-0.6391014819458268,1.1661397883185811
-1.7600397712190825,-0.3246107505732592,1.1202422526513132,1.14824467955545,-0.28617660051500243,-0.6043076313522611,0.764501735672217,0.9440619445156881,-1.1934162828797101,1.487565597082189,-0.6585527740981746,3.204310477123404,-0.3626868147605197,-0.2998637292684633,-0.6062354060275328,-0.3865556717425342,-0.3216337604513384,-0.6255432421712243,3.5439133784417334,-0.35380193430804263,-0.38012120648103165,-0.521402047741958,-0.19738550848793063,-0.2294157338705618,-0.42008402520840293,-0.6391014819458268,-0.8575301263340543
0.7708372343041924,0.7851695932669432,-1.0688641695831982,0.11332383272764458,-0.5874886251710458,1.6547863176281539,-0.8707960946426856,0.9440619445156881,0.8379305815963921,-0.6722392625652724,-0.6585527740981746,-0.312079621228754,-0.3626868147605197,3.334848140652303,1.6495242443074727,-0.3865556717425342,-0.3216337604513384,-0.6255432421712243,-0.28217393971398413,2.8264401718316665,-0.38012120648103165,-0.521402047741958,-0.19738550848793063,-0.2294157338705618,-0.42008402520840293,-0.6391014819458268,1.1661397883185811
1.1412094790149154,-0.3246107505732592,-0.05026170391855912,0.7860223831657182,-0.4401706746124215,1.6547863176281539,-0.8707960946426856,0.9440619445156881,-1.1934162828797101,1.487565597082189,-0.6585527740981746,-0.312079621228754,-0.3626868147605197,-0.2998637292684633,-0.6062354060275328,-0.3865556717425342,-0.3216337604513384,-0.6255432421712243,-0.28217393971398413,-0.35380193430804263,-0.38012120648103165,-0.521402047741958,-0.19738550848793063,-0.2294157338705618,-0.42008402520840293,-0.6391014819458268,1.1661397883185811
0.5856511119488308,-0.3246107505732592,0.6383114506831461,1.6657051029693528,-0.4211140711575547,-0.6043076313522611,0.764501735672217,-1.0592525266051358,0.8379305815963921,-0.6722392625652724,-0.6585527740981746,-0.312079621228754,2.757199763824596,-0.2998637292684633,-0.6062354060275328,-0.3865556717425342,-0.3216337604513384,-0.6255432421712243,-0.28217393971398413,-0.35380193430804263,-0.38012120648103165,1.9179057779514128,-0.19738550848793063,-0.2294157338705618,-0.42008402520840293,-0.6391014819458268,1.1661397883185811
-0.4020082072797643,0.7851695932669432,-0.25567194712412916,1.14824467955545,-0.5108237363215761,1.6547863176281539,-1.688445009800137,0.9440619445156881,-1.1934162828797101,1.487565597082189,-0.6585527740981746,-0.312079621228754,-0.3626868147605197,-0.2998637292684633,-0.6062354060275328,-0.3865556717425342,3.1091263510296048,-0.6255432421712243,-0.28217393971398413,2.8264401718316665,-0.38012120648103165,-0.521402047741958,-0.19738550848793063,-0.2294157338705618,-0.42008402520840293,1.5646967316604727,-0.8575301263340543
1.5115817237256386,-1.4343910944134617,1.1528051446761893,1.4069748912624014,-0.3177460502777015,-0.6043076313522611,-0.8707960946426856,0.9440619445156881,-1.1934162828797101,1.487565597082189,-0.6585527740981746,-0.312079621228754,-0.3626868147605197,-0.2998637292684633,-0.6062354060275328,-0.3865556717425342,-0.3216337604513384,-0.6255432421712243,-0.28217393971398413,-0.35380193430804263,2.6307398349528825,-0.521402047741958,-0.19738550848793063,-0.2294157338705618,-0.42008402520840293,-0.6391014819458268,1.1661397883185811
-0.8958378668940618,0.7851695932669432,1.5190936760479041,-1.490803479855454,3.1700973209168946,-0.6043076313522611,-0.8707960946426856,0.9440619445156881,0.8379305815963921,-0.6722392625652724,-0.6585527740981746,-0.312079621228754,-0.3626868147605197,-0.2998637292684633,-0.6062354060275328,-0.3865556717425342,-0.3216337604513384,1.5986105077709065,-0.28217393971398413,-0.35380193430804263,-0.38012120648103165,-0.521402047741958,-0.19738550848793063,-0.2294157338705618,2.3804761428476167,-0.6391014819458268,-0.8575301263340543
-1.0192952817976362,-1.4343910944134617,0.8203116147573187,0.16506987506903484,-0.1366656981184694,-0.6043076313522611,-0.8707960946426856,-1.0592525266051358,0.8379305815963921,-0.6722392625652724,-0.6585527740981746,-0.312079621228754,-0.3626868147605197,-0.2998637292684633,-0.6062354060275328,-0.3865556717425342,-0.3216337604513384,-0.6255432421712243,-0.28217393971398413,-0.35380193430804263,-0.38012120648103165,1.9179057779514128,-0.19738550848793063,-0.2294157338705618,2.3804761428476167,-0.6391014819458268,-0.8575301263340543
1.26466689391849,0.7851695932669432,0.8727642732622544,-1.2320732681485025,1.1822831952184842,-0.6043076313522611,0.764501735672217,0.9440619445156881,-1.1934162828797101,1.487565597082189,1.5184811898627333,-0.312079621228754,-0.3626868147605197,-0.2998637292684633,1.6495242443074727,-0.3865556717425342,-0.3216337604513384,1.5986105077709065,-0.28217393971398413,-0.35380193430804263,-0.38012120648103165,-0.521402047741958,-0.19738550848793063,-0.2294157338705618,-0.42008402520840293,-0.6391014819458268,1.1661397883185811
1.26466689391849,-1.4343910944134617,-1.416495043902822,0.4755461291173765,-0.6854737616378346,1.6547863176281539,-0.8707960946426856,0.9440619445156881,-1.1934162828797101,-0.6722392625652724,-0.6585527740981746,-0.312079621228754,-0.3626868147605197,-0.2998637292684633,-0.6062354060275328,-0.3865556717425342,-0.3216337604513384,-0.6255432421712243,-0.28217393971398413,-0.35380193430804263,-0.38012120648103165,-0.521402047741958,-0.19738550848793063,-0.2294157338705618,-0.42008402520840293,-0.6391014819458268,1.1661397883185811
-0.8341091594422746,1.8949499371071457,0.7418086426324823,-1.0250890987829415,0.6527165353555312,1.6547863176281539,0.764501735672217,-1.0592525266051358,0.8379305815963921,-0.6722392625652724,-0.6585527740981746,3.204310477123404,-0.3626868147605197,-0.2998637292684633,-0.6062354060275328,-0.3865556717425342,-0.3216337604513384,-0.6255432421712243,-0.28217393971398413,2.8264401718316665,-0.38012120648103165,-0.521402047741958,-0.19738550848793063,-0.2294157338705618,2.3804761428476167,-0.6391014819458268,-0.8575301263340543
-0.8958378668940618,-0.3246107505732592,-0.49998164512698373,-0.6628668023932095,-0.2557080364313905,-0.6043076313522611,-0.8707960946426856,-1.0592525266051358,0.8379305815963921,-0.6722392625652724,1.5184811898627333,-0.312079621228754,-0.3626868147605197,-0.2998637292684633,-0.6062354060275328,-0.3865556717425342,3.1091263510296048,-0.6255432421712243,-0.28217393971398413,-0.35380193430804263,-0.38012120648103165,-0.521402047741958,5.06622805119022,-0.2294157338705618,2.3804761428476167,-0.6391014819458268,-0.8575301263340543
0.956023356659554,-1.4343910944134617,-0.7918155639229008,1.14824467955545,-0.5983605376093877,-0.6043076313522611,0.764501735672217,0.9440619445156881,0.8379305815963921,-0.6722392625652724,-0.6585527740981746,-0.312079621228754,2.757199763824596,-0.2998637292684633,-0.6062354060275328,-0.3865556717425342,-0.3216337604513384,-0.6255432421712243,-0.28217393971398413,-0.35380193430804263,-0.38012120648103165,1.9179057779514128,-0.19738550848793063,-0.2294157338705618,-0.42008402520840293,-0.6391014819458268,1.1661397883185811
1.5115817237256386,1.8949499371071457,0.6215899655892908,-1.6977876492210149,4.931782631404135,1.6547863176281539,-0.8707960946426856,0.9440619445156881,-1.1934162828797101,-0.6722392625652724,1.5184811898627333,-0.312079621228754,-0.3626868147605197,-0.2998637292684633,-0.6062354060275328,-0.3865556717425342,3.1091263510296048,-0.6255432421712243,-0.28217393971398413,2.8264401718316665,-0.38012120648103165,-0.521402047741958,-0.19738550848793063,-0.2294157338705618,-0.42008402520840293,-0.6391014819458268,1.1661397883185811
-0.7723804519904874,1.8949499371071457,-1.330071368312475,-0.6628668023932095,-0.5888852871635782,-0.6043076313522611,2.3997995659871196,0.9440619445156881,0.8379305815963921,-0.6722392625652724,-0.6585527740981746,3.204310477123404,-0.3626868147605197,-0.2998637292684633,-0.6062354060275328,2.586949495507729,-0.3216337604513384,1.5986105077709065,-0.28217393971398413,-0.35380193430804263,-0.38012120648103165,-0.521402047741958,-0.19738550848793063,-0.2294157338705618,2.3804761428476167,-0.6391014819458268,-0.8575301263340543
-0.15509337747261548,0.7851695932669432,-0.8305390030876183,-1.335565352831283,0.042524009943602406,-0.6043076313522611,-0.05314717948523429,-1.0592525266051358,-1.1934162828797101,-0.6722392625652724,1.5184811898627333,-0.312079621228754,-0.3626868147605197,-0.2998637292684633,-0.6062354060275328,-0.3865556717425342,-0.3216337604513384,-0.6255432421712243,3.5439133784417334,-0.35380193430804263,-0.38012120648103165,-0.521402047741958,-0.19738550848793063,-0.2294157338705618,-0.42008402520840293,1.5646967316604727,-0.8575301263340543
-0.15509337747261548,-0.3246107505732592,-1.6240174746991949,1.0447525948726695,-0.7335766665410794,-0.6043076313522611,-0.05314717948523429,0.9440619445156881,-1.1934162828797101,1.487565597082189,1.5184811898627333,-0.312079621228754,-0.3626868147605197,-0.2998637292684633,-0.6062354060275328,-0.3865556717425342,-0.3216337604513384,1.5986105077709065,-0.28217393971398413,-0.35380193430804263,-0.38012120648103165,-0.521402047741958,-0.19738550848793063,-0.2294157338705618,-0.42008402520840293,1.5646967316604727,-0.8575301263340543
1.3881243088220643,-1.4343910944134617,0.8977584930867539,1.2517367642382307,-0.3366165222240875,1.6547863176281539,-0.05314717948523429,-1.0592525266051358,0.8379305815963921,-0.6722392625652724,1.5184811898627333,-0.312079621228754,-0.3626868147605197,-0.2998637292684633,-0.6062354060275328,-0.3865556717425342,-0.3216337604513384,-0.6255432421712243,-0.28217393971398413,2.8264401718316665,-0.38012120648103165,-0.521402047741958,-0.19738550848793063,-0.2294157338705618,-0.42008402520840293,-0.6391014819458268,1.1661397883185811
1.1412094790149154,1.8949499371071457,-1.6664372421478173,0.009831748044864034,-0.7341209496721309,-0.6043076313522611,1.5821506508296683,-1.0592525266051358,-1.1934162828797101,-0.6722392625652724,-0.6585527740981746,-0.312079621228754,2.757199763824596,-0.2998637292684633,1.6495242443074727,-0.3865556717425342,-0.3216337604513384,-0.6255432421712243,-0.28217393971398413,-0.35380193430804263,2.6307398349528825,-0.521402047741958,-0.19738550848793063,-0.2294157338705618,-0.42008402520840293,-0.6391014819458268,1.1661397883185811
0.647379819400618,-0.3246107505732592,-0.8349393939017907,-0.4558826330276484,-0.44198734446374205,-0.6043076313522611,-0.05314717948523429,-1.0592525266051358,-1.1934162828797101,1.487565597082189,1.5184811898627333,-0.312079621228754,-0.3626868147605197,-0.2998637292684633,-0.6062354060275328,-0.3865556717425342,-0.3216337604513384,-0.6255432421712243,-0.28217393971398413,-0.35380193430804263,-0.38012120648103165,1.9179057779514128,-0.19738550848793063,-0.2294157338705618,-0.42008402520840293,-0.6391014819458268,1.1661397883185811
-1.1427526967012105,-0.3246107505732592,-0.98648885354189,-1.3873113951726732,-0.02814995233292226,-0.6043076313522611,1.5821506508296683,0.9440619445156881,0.8379305815963921,-0.6722392625652724,-0.6585527740981746,-0.312079621228754,2.757199763824596,-0.2998637292684633,1.6495242443074727,-0.3865556717425342,-0.3216337604513384,-0.6255432421712243,-0.28217393971398413,-0.35380193430804263,-0.38012120648103165,1.9179057779514128,-0.19738550848793063,-0.2294157338705618,2.3804761428476167,-0.6391014819458268,-0.8575301263340543
-1.0810239892494233,-0.3246107505732592,0.1298022881973776,-0.09366033663791651,-0.23866565470394682,1.6547863176281539,-1.688445009800137,-1.0592525266051358,-1.1934162828797101,-0.6722392625652724,-0.6585527740981746,-0.312079621228754,-0.3626868147605197,3.334848140652303,-0.6062354060275328,-0.3865556717425342,-0.3216337604513384,-0.6255432421712243,-0.28217393971398413,-0.35380193430804263,-0.38012120648103165,-0.521402047741958,-0.19738550848793063,-0.2294157338705618,2.3804761428476167,-0.6391014819458268,-0.8575301263340543
-0.7106517445387002,-0.3246107505732592,-0.24299882157931252,0.16506987506903484,-0.3927374247944421,-0.6043076313522611,0.764501735672217,0.9440619445156881,-1.1934162828797101,-0.6722392625652724,-0.6585527740981746,-0.312079621228754,-0.3626868147605197,-0.2998637292684633,-0.6062354060275328,2.586949495507729,-0.3216337604513384,1.5986105077709065,-0.28217393971398413,-0.35380193430804263,-0.38012120648103165,-0.521402047741958,-0.19738550848793063,-0.2294157338705618,2.3804761428476167,-0.6391014819458268,-0.8575301263340543
-1.0810239892494233,0.7851695932669432,0.6794991087038003,1.0964986372140597,-0.3513292545040493,1.6547863176281539,0.764501735672217,0.9440619445156881,0.8379305815963921,-0.6722392625652724,1.5184811898627333,-0.312079621228754,-0.3626868147605197,-0.2998637292684633,1.6495242443074727,-0.3865556717425342,-0.3216337604513384,-0.6255432421712243,-0.28217393971398413,-0.35380193430804263,-0.38012120648103165,-0.521402047741958,-0.19738550848793063,4.358898943540674,2.3804761428476167,-0.6391014819458268,-0.8575301263340543
1.5115817237256386,-0.3246107505732592,0.22573080794633707,-1.6977876492210149,3.978454849092825,-0.6043076313522611,-0.8707960946426856,0.9440619445156881,0.8379305815963921,-0.6722392625652724,1.5184811898627333,-0.312079621228754,-0.3626868147605197,-0.2998637292684633,-0.6062354060275328,-0.3865556717425342,3.1091263510296048,-0.6255432421712243,-0.28217393971398413,-0.35380193430804263,-0.38012120648103165,1.9179057779514128,-0.19738550848793063,-0.2294157338705618,-0.42008402520840293,-0.6391014819458268,1.1661397883185811
-0.8341091594422746,-1.4343910944134617,0.6465841854137904,0.7342763408243278,-0.30241485578202487,-0.6043076313522611,-0.8707960946426856,0.9440619445156881,-1.1934162828797101,1.487565597082189,-0.6585527740981746,-0.312079621228754,-0.3626868147605197,-0.2998637292684633,-0.6062354060275328,-0.3865556717425342,-0.3216337604513384,-0.6255432421712243,-0.28217393971398413,-0.35380193430804263,-0.38012120648103165,1.9179057779514128,-0.19738550848793063,-0.2294157338705618,2.3804761428476167,-0.6391014819458268,-0.8575301263340543
-0.4020082072797643,0.7851695932669432,0.42726870723543536,-1.128581183465722,0.6381480305138565,-0.6043076313522611,-1.688445009800137,0.9440619445156881,-1.1934162828797101,-0.6722392625652724,-0.6585527740981746,-0.312079621228754,-0.3626868147605197,3.334848140652303,-0.6062354060275328,-0.3865556717425342,-0.3216337604513384,-0.6255432421712243,-0.28217393971398413,-0.35380193430804263,-0.38012120648103165,1.9179057779514128,-0.19738550848793063,-0.2294157338705618,-0.42008402520840293,1.5646967316604727,-0.8575301263340543
-1.1427526967012105,-1.4343910944134617,-0.054838110365298474,-1.5942955645382344,1.950849442813397,-0.6043076313522611,0.764501735672217,0.9440619445156881,0.8379305815963921,-0.6722392625652724,1.5184811898627333,-0.312079621228754,-0.3626868147605197,-0.2998637292684633,1.6495242443074727,-0.3865556717425342,-0.3216337604513384,1.5986105077709065,-0.28217393971398413,-0.35380193430804263,-0.38012120648103165,-0.521402047741958,-0.19738550848793063,-0.2294157338705618,2.3804761428476167,-0.6391014819458268,-0.8575301263340543
0.5856511119488308,-1.4343910944134617,-1.355769650667242,0.5272921714587667,-0.6744643950260637,-0.6043076313522611,-0.8707960946426856,-1.0592525266051358,0.8379305815963921,-0.6722392625652724,-0.6585527740981746,-0.312079621228754,-0.3626868147605197,3.334848140652303,1.6495242443074727,-0.3865556717425342,-0.3216337604513384,-0.6255432421712243,3.5439133784417334,-0.35380193430804263,-0.38012120648103165,-0.521402047741958,-0.19738550848793063,-0.2294157338705618,-0.42008402520840293,-0.6391014819458268,1.1661397883185811
-1.0810239892494233,0.7851695932669432,1.4643528143195987,-0.09366033663791651,0.1286407669683827,1.6547863176281539,0.764501735672217,0.9440619445156881,0.8379305815963921,-0.6722392625652724,1.5184811898627333,-0.312079621228754,-0.3626868147605197,-0.2998637292684633,1.6495242443074727,-0.3865556717425342,-0.3216337604513384,-0.6255432421712243,-0.28217393971398413,-0.35380193430804263,-0.38012120648103165,-0.521402047741958,-0.19738550848793063,-0.2294157338705618,2.3804761428476167,-0.6391014819458268,-0.8575301263340543
-0.34027949982797706,-0.3246107505732592,-1.565228253421851,0.16506987506903484,-0.711163316333907,-0.6043076313522611,-0.8707960946426856,0.9440619445156881,0.8379305815963921,-0.6722392625652724,-0.6585527740981746,-0.312079621228754,-0.3626868147605197,-0.2998637292684633,-0.6062354060275328,-0.3865556717425342,-0.3216337604513384,-0.6255432421712243,-0.28217393971398413,-0.35380193430804263,-0.38012120648103165,1.9179057779514128,-0.19738550848793063,-0.2294157338705618,-0.42008402520840293,1.5646967316604727,-0.8575301263340543
1.1412094790149154,-1.4343910944134617,-1.3406323062664889,1.0447525948726695,-0.6856845747881378,-0.6043076313522611,1.5821506508296683,-1.0592525266051358,0.8379305815963921,-0.6722392625652724,-0.6585527740981746,-0.312079621228754,2.757199763824596,-0.2998637292684633,1.6495242443074727,-0.3865556717425342,-0.3216337604513384,1.5986105077709065,-0.28217393971398413,-0.35380193430804263,-0.38012120648103165,-0.521402047741958,-0.19738550848793063,-0.2294157338705618,-0.42008402520840293,-0.6391014819458268,1.1661397883185811
-1.4513962339601465,-0.3246107505732592,-0.7127845449003635,-0.8698509717587706,-0.25874591212720993,-0.6043076313522611,0.764501735672217,-1.0592525266051358,-1.1934162828797101,1.487565597082189,-0.6585527740981746,-0.312079621228754,2.757199763824596,-0.2998637292684633,-0.6062354060275328,-0.3865556717425342,-0.3216337604513384,1.5986105077709065,-0.28217393971398413,-0.35380193430804263,-0.38012120648103165,-0.521402047741958,-0.19738550848793063,-0.2294157338705618,-0.42008402520840293,-0.6391014819458268,-0.8575301263340543
-1.3279388190565722,-0.3246107505732592,-0.41619820402514024,-0.5076286753690387,-0.2810707660778824,-0.6043076313522611,-0.8707960946426856,0.9440619445156881,-1.1934162828797101,1.487565597082189,-0.6585527740981746,-0.312079621228754,-0.3626868147605197,-0.2998637292684633,-0.6062354060275328,-0.3865556717425342,-0.3216337604513384,1.5986105077709065,-0.28217393971398413,-0.35380193430804263,-0.38012120648103165,-0.521402047741958,-0.19738550848793063,-0.2294157338705618,-0.42008402520840293,-0.6391014819458268,-0.8575301263340543
-0.03163596256904111,0.7851695932669432,1.0961281109896481,-0.4558826330276484,0.2223688201641807,1.6547863176281539,0.764501735672217,-1.0592525266051358,0.8379305815963921,-0.6722392625652724,-0.6585527740981746,3.204310477123404,-0.3626868147605197,-0.2998637292684633,-0.6062354060275328,-0.3865556717425342,-0.3216337604513384,-0.6255432421712243,-0.28217393971398413,2.8264401718316665,-0.38012120648103165,-0.521402047741958,-0.19738550848793063,-0.2294157338705618,-0.42008402520840293,1.5646967316604727,-0.8575301263340543
-1.5748536488637208,-0.3246107505732592,0.7969015356259214,1.2517367642382307,-0.3525436539697634,-0.6043076313522611,0.764501735672217,-1.0592525266051358,-1.1934162828797101,1.487565597082189,-0.6585527740981746,-0.312079621228754,-0.3626868147605197,-0.2998637292684633,-0.6062354060275328,2.586949495507729,-0.3216337604513384,1.5986105077709065,-0.28217393971398413,-0.35380193430804263,-0.38012120648103165,-0.521402047741958,-0.19738550848793063,-0.2294157338705618,-0.42008402520840293,-0.6391014819458268,-0.8575301263340543
1.2029381864667028,1.8949499371071457,0.4441662079618576,1.5104669759451819,-0.4343646711684031,-0.6043076313522611,2.3997995659871196,-1.0592525266051358,-1.1934162828797101,1.487565597082189,-0.6585527740981746,3.204310477123404,-0.3626868147605197,-0.2998637292684633,-0.6062354060275328,2.586949495507729,-0.3216337604513384,-0.6255432421712243,-0.28217393971398413,-0.35380193430804263,-0.38012120648103165,1.9179057779514128,-0.19738550848793063,-0.2294157338705618,-0.42008402520840293,-0.6391014819458268,1.1661397883185811
-0.0933646700208283,-0.3246107505732592,1.6708191513205704,0.2685619597518154,0.02905496276310463,-0.6043076313522611,-0.05314717948523429,0.9440619445156881,0.8379305815963921,-0.6722392625652724,1.5184811898627333,-0.312079621228754,-0.3626868147605197,-0.2998637292684633,-0.6062354060275328,-0.3865556717425342,-0.3216337604513384,-0.6255432421712243,-0.28217393971398413,-0.35380193430804263,-0.38012120648103165,1.9179057779514128,-0.19738550848793063,-0.2294157338705618,-0.42008402520840293,1.5646967316604727,-0.8575301263340543
1.0177520641113411,1.8949499371071457,1.7537225142595794,-0.6111207600518193,0.5927974917543133,-0.6043076313522611,-0.8707960946426856,0.9440619445156881,-1.1934162828797101,1.487565597082189,-0.6585527740981746,-0.312079621228754,-0.3626868147605197,-0.2998637292684633,-0.6062354060275328,-0.3865556717425342,-0.3216337604513384,-0.6255432421712243,-0.28217393971398413,-0.35380193430804263,-0.38012120648103165,1.9179057779514128,-0.19738550848793063,-0.2294157338705618,-0.42008402520840293,-0.6391014819458268,1.1661397883185811
-1.3279388190565722,-0.3246107505732592,-0.32431804382521945,-1.0768351411243318,0.09869902003553468,-0.6043076313522611,-0.05314717948523429,-1.0592525266051358,-1.1934162828797101,1.487565597082189,-0.6585527740981746,-0.312079621228754,-0.3626868147605197,-0.2998637292684633,1.6495242443074727,-0.3865556717425342,-0.3216337604513384,1.5986105077709065,-0.28217393971398413,-0.35380193430804263,-0.38012120648103165,-0.521402047741958,-0.19738550848793063,-0.2294157338705618,-0.42008402520840293,-0.6391014819458268,-0.8575301263340543
-0.2168220849244027,1.8949499371071457,0.8139750519849104,-0.5076286753690387,0.15782769879201866,1.6547863176281539,-0.8707960946426856,-1.0592525266051358,-1.1934162828797101,1.487565597082189,-0.6585527740981746,-0.312079621228754,-0.3626868147605197,-0.2998637292684633,-0.6062354060275328,-0.3865556717425342,-0.3216337604513384,-0.6255432421712243,-0.28217393971398413,-0.35380193430804263,-0.38012120648103165,-0.521402047741958,-0.19738550848793063,-0.2294157338705618,-0.42008402520840293,1.5646967316604727,-0.8575301263340543
0.21527886723810766,0.7851695932669432,-1.0496784656334064,-0.559374717710429,-0.49762402319238963,-0.6043076313522611,1.5821506508296683,0.9440619445156881,-1.1934162828797101,1.487565597082189,-0.6585527740981746,3.204310477123404,-0.3626868147605197,-0.2998637292684633,1.6495242443074727,-0.3865556717425342,-0.3216337604513384,1.5986105077709065,-0.28217393971398413,-0.35380193430804263,-0.38012120648103165,-0.521402047741958,-0.19738550848793063,-0.2294157338705618,-0.42008402520840293,1.5646967316604727,-0.8575301263340543
-1.7600397712190825,-0.3246107505732592,0.4709205841120261,-0.9733430564415512,0.42965085019985466,-0.6043076313522611,1.5821506508296683,-1.0592525266051358,-1.1934162828797101,1.487565597082189,-0.6585527740981746,3.204310477123404,-0.3626868147605197,-0.2998637292684633,1.6495242443074727,-0.3865556717425342,-0.3216337604513384,-0.6255432421712243,-0.28217393971398413,-0.35380193430804263,-0.38012120648103165,-0.521402047741958,5.06622805119022,-0.2294157338705618,-0.42008402520840293,-0.6391014819458268,-0.8575301263340543
-0.2168220849244027,-1.4343910944134617,-1.5798375509249034,-0.4558826330276484,-0.6982589048233601,1.6547863176281539,-0.05314717948523429,-1.0592525266051358,0.8379305815963921,-0.6722392625652724,-0.6585527740981746,-0.312079621228754,-0.3626868147605197,-0.2998637292684633,1.6495242443074727,-0.3865556717425342,-0.3216337604513384,-0.6255432421712243,-0.28217393971398413,-0.35380193430804263,-0.38012120648103165,-0.521402047741958,-0.19738550848793063,4.358898943540674,-0.42008402520840293,1.5646967316604727,-0.8575301263340543
1.4498530162738514,-1.4343910944134617,-0.7133125917980642,0.11332383272764458,-0.4996673885978066,-0.6043076313522611,0.764501735672217,0.9440619445156881,-1.1934162828797101,1.487565597082189,-0.6585527740981746,-0.312079621228754,-0.3626868147605197,-0.2998637292684633,-0.6062354060275328,2.586949495507729,-0.3216337604513384,-0.6255432421712243,3.5439133784417334,-0.35380193430804263,-0.38012120648103165,-0.521402047741958,-0.19738550848793063,-0.2294157338705618,-0.42008402520840293,-0.6391014819458268,1.1661397883185811
-1.636582356315508,0.7851695932669432,0.3866090961124819,-0.19715242132069705,-0.13252956292162443,-0.6043076313522611,-0.8707960946426856,-1.0592525266051358,-1.1934162828797101,1.487565597082189,-0.6585527740981746,-0.312079621228754,-0.3626868147605197,-0.2998637292684633,-0.6062354060275328,-0.3865556717425342,-0.3216337604513384,-0.6255432421712243,-0.28217393971398413,-0.35380193430804263,2.6307398349528825,-0.521402047741958,-0.19738550848793063,-0.2294157338705618,-0.42008402520840293,-0.6391014819458268,-0.8575301263340543
1.4498530162738514,-1.4343910944134617,-0.48713250394960017,1.4069748912624014,-0.5645822815970234,-0.6043076313522611,-0.8707960946426856,-1.0592525266051358,0.8379305815963921,-0.6722392625652724,-0.6585527740981746,-0.312079621228754,-0.3626868147605197,-0.2998637292684633,-0.6062354060275328,-0.3865556717425342,-0.3216337604513384,1.5986105077709065,-0.28217393971398413,-0.35380193430804263,-0.38012120648103165,-0.521402047741958,-0.19738550848793063,-0.2294157338705618,-0.42008402520840293,-0.6391014819458268,1.1661397883185811
-1.2044814041529976,0.7851695932669432,0.9984394349150196,1.5104669759451819,-0.35346597716303196,-0.6043076313522611,2.3997995659871196,-1.0592525266051358,0.8379305815963921,-0.6722392625652724,-0.6585527740981746,-0.312079621228754,2.757199763824596,-0.2998637292684633,-0.6062354060275328,2.586949495507729,-0.3216337604513384,-0.6255432421712243,-0.28217393971398413,-0.35380193430804263,-0.38012120648103165,1.9179057779514128,-0.19738550848793063,-0.2294157338705618,2.3804761428476167,-0.6391014819458268,-0.8575301263340543
0.8325659417559795,-1.4343910944134617,0.8206636460224526,0.5272921714587667,-0.22838819933514276,-0.6043076313522611,0.764501735672217,-1.0592525266051358,0.8379305815963921,-0.6722392625652724,1.5184811898627333,-0.312079621228754,-0.3626868147605197,-0.2998637292684633,1.6495242443074727,-0.3865556717425342,-0.3216337604513384,1.5986105077709065,-0.28217393971398413,-0.35380193430804263,-0.38012120648103165,-0.521402047741958,-0.19738550848793063,-0.2294157338705618,-0.42008402520840293,-0.6391014819458268,1.1661397883185811
-0.7106517445387002,-1.4343910944134617,0.49573878830395873,-1.5942955645382344,2.834800622024833,-0.6043076313522611,2.3997995659871196,0.9440619445156881,-1.1934162828797101,1.487565597082189,-0.6585527740981746,-0.312079621228754,2.757199763824596,-0.2998637292684633,-0.6062354060275328,2.586949495507729,-0.3216337604513384,1.5986105077709065,-0.28217393971398413,-0.35380193430804263,-0.38012120648103165,-0.521402047741958,-0.19738550848793063,-0.2294157338705618,2.3804761428476167,-0.6391014819458268,-0.8575301263340543
-1.3896675265083593,1.8949499371071457,-0.21800460175481298,-0.4041365906862581,-0.2477832492313101,1.6547863176281539,0.764501735672217,-1.0592525266051358,0.8379305815963921,-0.6722392625652724,-0.6585527740981746,-0.312079621228754,-0.3626868147605197,-0.2998637292684633,-0.6062354060275328,2.586949495507729,-0.3216337604513384,-0.6255432421712243,-0.28217393971398413,-0.35380193430804263,-0.38012120648103165,-0.521402047741958,-0.19738550848793063,-0.2294157338705618,-0.42008402520840293,-0.6391014819458268,-0.8575301263340543
0.647379819400618,-0.3246107505732592,-0.25743210344979817,1.14824467955545,-0.5111111191229148,1.6547863176281539,-0.8707960946426856,0.9440619445156881,0.8379305815963921,-0.6722392625652724,-0.6585527740981746,-0.312079621228754,-0.3626868147605197,-0.2998637292684633,-0.6062354060275328,-0.3865556717425342,-0.3216337604513384,-0.6255432421712243,-0.28217393971398413,2.8264401718316665,-0.38012120648103165,-0.521402047741958,-0.19738550848793063,-0.2294157338705618,-0.42008402520840293,-0.6391014819458268,1.1661397883185811
0.8942946492077668,-0.3246107505732592,-0.7594286875305915,-1.0768351411243318,-0.1632647725248877,-0.6043076313522611,0.764501735672217,-1.0592525266051358,0.8379305815963921,-0.6722392625652724,-0.6585527740981746,-0.312079621228754,-0.3626868147605197,-0.2998637292684633,-0.6062354060275328,2.586949495507729,-0.3216337604513384,-0.6255432421712243,3.5439133784417334,-0.35380193430804263,-0.38012120648103165,-0.521402047741958,-0.19738550848793063,-0.2294157338705618,-0.42008402520840293,-0.6391014819458268,1.1661397883185811
-1.3896675265083593,0.7851695932669432,0.38220870529830947,0.6825302984829376,-0.3443377066155602,-0.6043076313522611,0.764501735672217,0.9440619445156881,-1.1934162828797101,1.487565597082189,-0.6585527740981746,-0.312079621228754,2.757199763824596,-0.2998637292684633,-0.6062354060275328,-0.3865556717425342,-0.3216337604513384,1.5986105077709065,-0.28217393971398413,-0.35380193430804263,-0.38012120648103165,-0.521402047741958,-0.19738550848793063,-0.2294157338705618,-0.42008402520840293,-0.6391014819458268,-0.8575301263340543
0.4004649895934692,-1.4343910944134617,0.3499978445385671,0.37205404443459594,-0.2956628455301055,1.6547863176281539,0.764501735672217,0.9440619445156881,-1.1934162828797101,1.487565597082189,-0.6585527740981746,3.204310477123404,-0.3626868147605197,-0.2998637292684633,-0.6062354060275328,-0.3865556717425342,-0.3216337604513384,-0.6255432421712243,-0.28217393971398413,2.8264401718316665,-0.38012120648103165,-0.521402047741958,-0.19738550848793063,-0.2294157338705618,-0.42008402520840293,-0.6391014819458268,1.1661397883185811
-1.5131249414119337,-0.3246107505732592,1.6653626667109964,1.303482806579621,-0.22406900545985264,-0.6043076313522611,-0.8707960946426856,0.9440619445156881,-1.1934162828797101,1.487565597082189,-0.6585527740981746,-0.312079621228754,-0.3626868147605197,-0.2998637292684633,-0.6062354060275328,-0.3865556717425342,-0.3216337604513384,-0.6255432421712243,3.5439133784417334,-0.35380193430804263,-0.38012120648103165,-0.521402047741958,-0.19738550848793063,-0.2294157338705618,-0.42008402520840293,-0.6391014819458268,-0.8575301263340543
1.6967678460810003,-0.3246107505732592,0.4394137858825513,-0.19715242132069705,-0.11711539448617744,1.6547863176281539,-0.05314717948523429,0.9440619445156881,0.8379305815963921,-0.6722392625652724,-0.6585527740981746,-0.312079621228754,-0.3626868147605197,-0.2998637292684633,1.6495242443074727,-0.3865556717425342,-0.3216337604513384,-0.6255432421712243,-0.28217393971398413,-0.35380193430804263,-0.38012120648103165,-0.521402047741958,-0.19738550848793063,4.358898943540674,-0.42008402520840293,-0.6391014819458268,1.1661397883185811
-0.8958378668940618,-0.3246107505732592,-1.5423462211881542,-1.5425495221968442,-0.4824385264864795,-0.6043076313522611,0.764501735672217,-1.0592525266051358,0.8379305815963921,-0.6722392625652724,-0.6585527740981746,-0.312079621228754,-0.3626868147605197,-0.2998637292684633,-0.6062354060275328,2.586949495507729,-0.3216337604513384,-0.6255432421712243,-0.28217393971398413,-0.35380193430804263,-0.38012120648103165,1.9179057779514128,-0.19738550848793063,-0.2294157338705618,2.3804761428476167,-0.6391014819458268,-0.8575301263340543
1.3881243088220643,0.7851695932669432,-0.6976472004996103,0.9930065525312792,-0.5738775756696136,-0.6043076313522611,-0.05314717948523429,0.9440619445156881,0.8379305815963921,-0.6722392625652724,-0.6585527740981746,-0.312079621228754,-0.3626868147605197,3.334848140652303,-0.6062354060275328,2.586949495507729,-0.3216337604513384,-0.6255432421712243,-0.28217393971398413,-0.35380193430804263,-0.38012120648103165,1.9179057779514128,-0.19738550848793063,-0.2294157338705618,-0.42008402520840293,-0.6391014819458268,1.1661397883185811
0.15355015978632047,-0.3246107505732592,-1.2674098031186594,-1.6977876492210149,0.3825991010506526,-0.6043076313522611,0.764501735672217,-1.0592525266051358,0.8379305815963921,-0.6722392625652724,1.5184811898627333,-0.312079621228754,-0.3626868147605197,-0.2998637292684633,1.6495242443074727,-0.3865556717425342,-0.3216337604513384,-0.6255432421712243,-0.28217393971398413,-0.35380193430804263,-0.38012120648103165,1.9179057779514128,-0.19738550848793063,-0.2294157338705618,-0.42008402520840293,1.5646967316604727,-0.8575301263340543
1.3881243088220643,0.7851695932669432,-0.556482663180958,-1.1803272258071122,0.060624647734941584,1.6547863176281539,-0.8707960946426856,0.9440619445156881,0.8379305815963921,-0.6722392625652724,-0.6585527740981746,-0.312079621228754,-0.3626868147605197,-0.2998637292684633,-0.6062354060275328,-0.3865556717425342,-0.3216337604513384,-0.6255432421712243,-0.28217393971398413,-0.35380193430804263,-0.38012120648103165,-0.521402047741958,-0.19738550848793063,-0.2294157338705618,-0.42008402520840293,-0.6391014819458268,1.1661397883185811
-0.34027949982797706,1.8949499371071457,-1.5405860648624852,0.8377684255071084,-0.7169466105392084,-0.6043076313522611,-1.688445009800137,0.9440619445156881,0.8379305815963921,-0.6722392625652724,-0.6585527740981746,-0.312079621228754,-0.3626868147605197,3.334848140652303,-0.6062354060275328,-0.3865556717425342,-0.3216337604513384,1.5986105077709065,-0.28217393971398413,-0.35380193430804263,-0.38012120648103165,-0.521402047741958,-0.19738550848793063,-0.2294157338705618,-0.42008402520840293,1.5646967316604727,-0.8575301263340543
-0.4020082072797643,-0.3246107505732592,0.7896848946906785,0.5272921714587667,-0.2347375248864248,-0.6043076313522611,0.764501735672217,-1.0592525266051358,-1.1934162828797101,1.487565597082189,-0.6585527740981746,3.204310477123404,-0.3626868147605197,-0.2998637292684633,-0.6062354060275328,-0.3865556717425342,-0.3216337604513384,-0.6255432421712243,-0.28217393971398413,-0.35380193430804263,2.6307398349528825,-0.521402047741958,-0.19738550848793063,-0.2294157338705618,-0.42008402520840293,1.5646967316604727,-0.8575301263340543
-1.0192952817976362,0.7851695932669432,1.3555751533932558,1.1999907218968402,-0.25617431502656285,-0.6043076313522611,-0.8707960946426856,-1.0592525266051358,-1.1934162828797101,1.487565597082189,-0.6585527740981746,-0.312079621228754,-0.3626868147605197,-0.2998637292684633,-0.6062354060275328,-0.3865556717425342,-0.3216337604513384,1.5986105077709065,-0.28217393971398413,-0.35380193430804263,-0.38012120648103165,-0.521402047741958,-0.19738550848793063,-0.2294157338705618,2.3804761428476167,-0.6391014819458268,-0.8575301263340543
1.3881243088220643,0.7851695932669432,-0.6360417291011959,0.7342763408243278,-0.5446802477977363,1.6547863176281539,-0.8707960946426856,0.9440619445156881,0.8379305815963921,-0.6722392625652724,-0.6585527740981746,-0.312079621228754,-0.3626868147605197,-0.2998637292684633,-0.6062354060275328,-0.3865556717425342,-0.3216337604513384,-0.6255432421712243,-0.28217393971398413,2.8264401718316665,-0.38012120648103165,-0.521402047741958,-0.19738550848793063,-0.2294157338705618,-0.42008402520840293,-0.6391014819458268,1.1661397883185811
-0.46373691473155143,-0.3246107505732592,1.2459174143040783,-1.3873113951726732,2.1223269286015998,-0.6043076313522611,0.764501735672217,-1.0592525266051358,-1.1934162828797101,1.487565597082189,-0.6585527740981746,-0.312079621228754,-0.3626868147605197,-0.2998637292684633,-0.6062354060275328,2.586949495507729,-0.3216337604513384,-0.6255432421712243,-0.28217393971398413,-0.35380193430804263,-0.38012120648103165,1.9179057779514128,-0.19738550848793063,-0.2294157338705618,-0.42008402520840293,1.5646967316604727,-0.8575301263340543
0.21527886723810766,-0.3246107505732592,-0.3315346847604623,0.7342763408243278,-0.48716424283174475,-0.6043076313522611,-0.8707960946426856,-1.0592525266051358,0.8379305815963921,-0.6722392625652724,1.5184811898627333,-0.312079621228754,-0.3626868147605197,-0.2998637292684633,-0.6062354060275328,-0.3865556717425342,3.1091263510296048,1.5986105077709065,-0.28217393971398413,-0.35380193430804263,-0.38012120648103165,-0.521402047741958,-0.19738550848793063,-0.2294157338705618,-0.42008402520840293,1.5646967316604727,-0.8575301263340543
-0.648923037086913,-1.4343910944134617,0.06150822276142116,0.2685619597518154,-0.34005198058408936,-0.6043076313522611,2.3997995659871196,0.9440619445156881,0.8379305815963921,-0.6722392625652724,-0.6585527740981746,-0.312079621228754,2.757199763824596,-0.2998637292684633,-0.6062354060275328,2.586949495507729,-0.3216337604513384,-0.6255432421712243,-0.28217393971398413,-0.35380193430804263,-0.38012120648103165,1.9179057779514128,-0.19738550848793063,-0.2294157338705618,-0.42008402520840293,1.5646967316604727,-0.8575301263340543
-1.7600397712190825,-0.3246107505732592,-1.3453847283457951,1.7691971876521333,-0.6996030699340086,-0.6043076313522611,0.764501735672217,0.9440619445156881,0.8379305815963921,-0.6722392625652724,-0.6585527740981746,-0.312079621228754,-0.3626868147605197,-0.2998637292684633,-0.6062354060275328,2.586949495507729,-0.3216337604513384,1.5986105077709065,-0.28217393971398413,-0.35380193430804263,-0.38012120648103165,-0.521402047741958,-0.19738550848793063,-0.2294157338705618,-0.42008402520840293,-0.6391014819458268,-0.8575301263340543
0.21527886723810766,0.7851695932669432,-1.5756131757432978,-0.09366033663791651,-0.7080446997558066,1.6547863176281539,2.3997995659871196,-1.0592525266051358,0.8379305815963921,-0.6722392625652724,-0.6585527740981746,3.204310477123404,-0.3626868147605197,-0.2998637292684633,-0.6062354060275328,2.586949495507729,-0.3216337604513384,-0.6255432421712243,-0.28217393971398413,-0.35380193430804263,-0.38012120648103165,-0.521402047741958,-0.19738550848793063,-0.2294157338705618,-0.42008402520840293,1.5646967316604727,-0.8575301263340543
-1.5131249414119337,0.7851695932669432,-0.026499593522027885,-0.3006445060034776,-0.22086932243139776,-0.6043076313522611,2.3997995659871196,0.9440619445156881,-1.1934162828797101,1.487565597082189,-0.6585527740981746,-0.312079621228754,2.757199763824596,-0.2998637292684633,-0.6062354060275328,2.586949495507729,-0.3216337604513384,-0.6255432421712243,3.5439133784417334,-0.35380193430804263,-0.38012120648103165,-0.521402047741958,-0.19738550848793063,-0.2294157338705618,-0.42008402520840293,-0.6391014819458268,-0.8575301263340543
-1.6983110637672953,0.7851695932669432,1.5646817248827307,0.4755461291173765,-0.0611764836589583,1.6547863176281539,-0.8707960946426856,-1.0592525266051358,-1.1934162828797101,-0.6722392625652724,-0.6585527740981746,-0.312079621228754,-0.3626868147605197,-0.2998637292684633,-0.6062354060275328,-0.3865556717425342,-0.3216337604513384,-0.6255432421712243,-0.28217393971398413,-0.35380193430804263,-0.38012120648103165,-0.521402047741958,-0.19738550848793063,-0.2294157338705618,-0.42008402520840293,-0.6391014819458268,-0.8575301263340543
1.3881243088220643,0.7851695932669432,-0.5767244609261513,1.717451145310743,-0.5930616092995584,-0.6043076313522611,2.3997995659871196,0.9440619445156881,-1.1934162828797101,-0.6722392625652724,-0.6585527740981746,3.204310477123404,-0.3626868147605197,-0.2998637292684633,-0.6062354060275328,2.586949495507729,-0.3216337604513384,1.5986105077709065,-0.28217393971398413,-0.35380193430804263,-0.38012120648103165,-0.521402047741958,-0.19738550848793063,-0.2294157338705618,-0.42008402520840293,-0.6391014819458268,1.1661397883185811
0.21527886723810766,-0.3246107505732592,-1.1568719858666474,0.16506987506903484,-0.6128209217157549,-0.6043076313522611,-0.05314717948523429,-1.0592525266051358,0.8379305815963921,-0.6722392625652724,-0.6585527740981746,-0.312079621228754,-0.3626868147605197,-0.2998637292684633,1.6495242443074727,-0.3865556717425342,-0.3216337604513384,-0.6255432421712243,-0.28217393971398413,-0.35380193430804263,2.6307398349528825,-0.521402047741958,-0.19738550848793063,-0.2294157338705618,-0.42008402520840293,1.5646967316604727,-0.8575301263340543
1.3263956013702771,-0.3246107505732592,-1.1880267528309882,-0.6628668023932095,-0.5318721316629685,1.6547863176281539,-1.688445009800137,0.9440619445156881,-1.1934162828797101,1.487565597082189,-0.6585527740981746,-0.312079621228754,-0.3626868147605197,3.334848140652303,-0.6062354060275328,-0.3865556717425342,-0.3216337604513384,-0.6255432421712243,-0.28217393971398413,2.8264401718316665,-0.38012120648103165,-0.521402047741958,-0.19738550848793063,-0.2294157338705618,-0.42008402520840293,-0.6391014819458268,1.1661397883185811
0.33873628214168205,1.8949499371071457,0.13455471027668386,-1.4390574375140637,1.2522793293189374,1.6547863176281539,-0.8707960946426856,-1.0592525266051358,0.8379305815963921,-0.6722392625652724,-0.6585527740981746,-0.312079621228754,-0.3626868147605197,-0.2998637292684633,-0.6062354060275328,-0.3865556717425342,-0.3216337604513384,-0.6255432421712243,-0.28217393971398413,-0.35380193430804263,-0.38012120648103165,-0.521402047741958,-0.19738550848793063,4.358898943540674,-0.42008402520840293,-0.6391014819458268,1.1661397883185811
-0.5254656221833386,0.7851695932669432,0.7925011448117488,-0.6628668023932095,0.26306222483376085,-0.6043076313522611,0.764501735672217,-1.0592525266051358,0.8379305815963921,-0.6722392625652724,-0.6585527740981746,-0.312079621228754,2.757199763824596,-0.2998637292684633,-0.6062354060275328,-0.3865556717425342,-0.3216337604513384,1.5986105077709065,-0.28217393971398413,-0.35380193430804263,-0.38012120648103165,-0.521402047741958,-0.19738550848793063,-0.2294157338705618,-0.42008402520840293,1.5646967316604727,-0.8575301263340543
0.7708372343041924,-1.4343910944134617,0.1556765861847116,1.1999907218968402,-0.44881802310470736,-0.6043076313522611,1.5821506508296683,-1.0592525266051358,0.8379305815963921,-0.6722392625652724,-0.6585527740981746,-0.312079621228754,2.757199763824596,-0.2998637292684633,1.6495242443074727,-0.3865556717425342,-0.3216337604513384,-0.6255432421712243,-0.28217393971398413,-0.35380193430804263,-0.38012120648103165,-0.521402047741958,5.06622805119022,-0.2294157338705618,-0.42008402520840293,-0.6391014819458268,1.1661397883185811
-0.648923037086913,-1.4343910944134617,0.9440506044518481,1.3552288489210111,-0.3427568001404999,-0.6043076313522611,-0.8707960946426856,0.9440619445156881,0.8379305815963921,-0.6722392625652724,-0.6585527740981746,-0.312079621228754,-0.3626868147605197,3.334848140652303,1.6495242443074727,-0.3865556717425342,-0.3216337604513384,1.5986105077709065,-0.28217393971398413,-0.35380193430804263,-0.38012120648103165,-0.521402047741958,-0.19738550848793063,-0.2294157338705618,-0.42008402520840293,1.5646967316604727,-0.8575301263340543
-0.648923037086913,0.7851695932669432,-0.4258790638163196,0.06157779038625431,-0.42013631200645496,-0.6043076313522611,-0.8707960946426856,-1.0592525266051358,0.8379305815963921,-0.6722392625652724,-0.6585527740981746,-0.312079621228754,-0.3626868147605197,-0.2998637292684633,-0.6062354060275328,-0.3865556717425342,-0.3216337604513384,-0.6255432421712243,-0.28217393971398413,-0.35380193430804263,2.6307398349528825,-0.521402047741958,-0.19738550848793063,-0.2294157338705618,-0.42008402520840293,1.5646967316604727,-0.8575301263340543
0.5856511119488308,-1.4343910944134617,0.5510076969299647,-0.9733430564415512,0.4725108018773061,1.6547863176281539,-0.05314717948523429,0.9440619445156881,-1.1934162828797101,1.487565597082189,1.5184811898627333,-0.312079621228754,-0.3626868147605197,-0.2998637292684633,-0.6062354060275328,-0.3865556717425342,-0.3216337604513384,-0.6255432421712243,-0.28217393971398413,-0.35380193430804263,-0.38012120648103165,-0.521402047741958,-0.19738550848793063,-0.2294157338705618,-0.42008402520840293,-0.6391014819458268,1.1661397883185811
0.7091085268524052,-0.3246107505732592,-1.5177040326287885,-0.04191429429652624,-0.6937979710773395,-0.6043076313522611,1.5821506508296683,-1.0592525266051358,-1.1934162828797101,1.487565597082189,-0.6585527740981746,-0.312079621228754,2.757199763824596,-0.2998637292684633,1.6495242443074727,-0.3865556717425342,-0.3216337604513384,-0.6255432421712243,3.5439133784417334,-0.35380193430804263,-0.38012120648103165,-0.521402047741958,-0.19738550848793063,-0.2294157338705618,-0.42008402520840293,-0.6391014819458268,1.1661397883185811
-1.3279388190565722,-0.3246107505732592,0.31813901504395853,1.6139590606279626,-0.46158956836926546,-0.6043076313522611,-1.688445009800137,0.9440619445156881,0.8379305815963921,-0.6722392625652724,-0.6585527740981746,-0.312079621228754,-0.3626868147605197,-0.2998637292684633,-0.6062354060275328,-0.3865556717425342,3.1091263510296048,-0.6255432421712243,-0.28217393971398413,-0.35380193430804263,-0.38012120648103165,1.9179057779514128,-0.19738550848793063,-0.2294157338705618,-0.42008402520840293,-0.6391014819458268,-0.8575301263340543
-1.5131249414119337,-0.3246107505732592,-0.21342819530807364,0.009831748044864034,-0.35582809432597745,-0.6043076313522611,-0.05314717948523429,0.9440619445156881,0.8379305815963921,-0.6722392625652724,-0.6585527740981746,-0.312079621228754,-0.3626868147605197,3.334848140652303,-0.6062354060275328,2.586949495507729,-0.3216337604513384,-0.6255432421712243,3.5439133784417334,-0.35380193430804263,-0.38012120648103165,-0.521402047741958,-0.19738550848793063,-0.2294157338705618,-0.42008402520840293,-0.6391014819458268,-0.8575301263340543
0.33873628214168205,-0.3246107505732592,1.4967396907119082,-0.6111207600518193,0.4937768737250015,-0.6043076313522611,0.764501735672217,0.9440619445156881,-1.1934162828797101,1.487565597082189,1.5184811898627333,-0.312079621228754,-0.3626868147605197,-0.2998637292684633,1.6495242443074727,-0.3865556717425342,-0.3216337604513384,-0.6255432421712243,-0.28217393971398413,-0.35380193430804263,-0.38012120648103165,1.9179057779514128,-0.19738550848793063,-0.2294157338705618,-0.42008402520840293,-0.6391014819458268,1.1661397883185811
0.4621936970452564,1.8949499371071457,1.5127571132754958,-1.490803479855454,3.1624673075413483,-0.6043076313522611,-0.8707960946426856,-1.0592525266051358,0.8379305815963921,-0.6722392625652724,-0.6585527740981746,-0.312079621228754,-0.3626868147605197,-0.2998637292684633,-0.6062354060275328,-0.3865556717425342,-0.3216337604513384,-0.6255432421712243,-0.28217393971398413,-0.35380193430804263,-0.38012120648103165,1.9179057779514128,-0.19738550848793063,-0.2294157338705618,-0.42008402520840293,-0.6391014819458268,1.1661397883185811
0.27700757468989484,-0.3246107505732592,-0.9942335413748336,1.14824467955545,-0.6314095597633546,-0.6043076313522611,-0.8707960946426856,-1.0592525266051358,0.8379305815963921,-0.6722392625652724,-0.6585527740981746,-0.312079621228754,-0.3626868147605197,-0.2998637292684633,-0.6062354060275328,-0.3865556717425342,-0.3216337604513384,1.5986105077709065,-0.28217393971398413,-0.35380193430804263,-0.38012120648103165,-0.521402047741958,-0.19738550848793063,-0.2294157338705618,-0.42008402520840293,-0.6391014819458268,1.1661397883185811
-0.957566574345849,-1.4343910944134617,-1.6557002885612364,0.32030800209320565,-0.7343500792029282,-0.6043076313522611,1.5821506508296683,-1.0592525266051358,0.8379305815963921,-0.6722392625652724,-0.6585527740981746,3.204310477123404,-0.3626868147605197,-0.2998637292684633,1.6495242443074727,-0.3865556717425342,-0.3216337604513384,-0.6255432421712243,-0.28217393971398413,-0.35380193430804263,-0.38012120648103165,1.9179057779514128,-0.19738550848793063,-0.2294157338705618,2.3804761428476167,-0.6391014819458268,-0.8575301263340543
-0.4020082072797643,0.7851695932669432,1.4215810156058426,1.3552288489210111,-0.2697401289311276,-0.6043076313522611,-0.05314717948523429,0.9440619445156881,0.8379305815963921,-0.6722392625652724,1.5184811898627333,-0.312079621228754,-0.3626868147605197,-0.2998637292684633,-0.6062354060275328,-0.3865556717425342,-0.3216337604513384,-0.6255432421712243,3.5439133784417334,-0.35380193430804263,-0.38012120648103165,-0.521402047741958,-0.19738550848793063,-0.2294157338705618,-0.42008402520840293,1.5646967316604727,-0.8575301263340543
-1.7600397712190825,0.7851695932669432,-0.8541250978515826,0.6307842561415473,-0.5790507593414692,1.6547863176281539,2.3997995659871196,-1.0592525266051358,0.8379305815963921,-0.6722392625652724,-0.6585527740981746,-0.312079621228754,2.757199763824596,-0.2998637292684633,-0.6062354060275328,2.586949495507729,-0.3216337604513384,-0.6255432421712243,-0.28217393971398413,2.8264401718316665,-0.38012120648103165,-0.521402047741958,-0.19738550848793063,-0.2294157338705618,-0.42008402520840293,-0.6391014819458268,-0.8575301263340543
-1.3279388190565722,-0.3246107505732592,0.6120851214306784,1.717451145310743,-0.42946443362197245,-0.6043076313522611,-0.8707960946426856,0.9440619445156881,0.8379305815963921,-0.6722392625652724,-0.6585527740981746,-0.312079621228754,-0.3626868147605197,-0.2998637292684633,-0.6062354060275328,-0.3865556717425342,-0.3216337604513384,1.5986105077709065,-0.28217393971398413,-0.35380193430804263,-0.38012120648103165,-0.521402047741958,-0.19738550848793063,-0.2294157338705618,-0.42008402520840293,-0.6391014819458268,-0.8575301263340543
0.956023356659554,0.7851695932669432,0.30000940488956807,0.11332383272764458,-0.2493768643640747,1.6547863176281539,-0.05314717948523429,0.9440619445156881,-1.1934162828797101,1.487565597082189,-0.6585527740981746,-0.312079621228754,-0.3626868147605197,-0.2998637292684633,1.6495242443074727,-0.3865556717425342,-0.3216337604513384,-0.6255432421712243,-0.28217393971398413,-0.35380193430804263,-0.38012120648103165,-0.521402047741958,-0.19738550848793063,4.358898943540674,-0.42008402520840293,-0.6391014819458268,1.1661397883185811
-0.648923037086913,0.7851695932669432,0.5995880115184286,1.6139590606279626,-0.4217190082794011,1.6547863176281539,1.5821506508296683,0.9440619445156881,-1.1934162828797101,-0.6722392625652724,1.5184811898627333,-0.312079621228754,-0.3626868147605197,-0.2998637292684633,-0.6062354060275328,2.586949495507729,-0.3216337604513384,-0.6255432421712243,-0.28217393971398413,2.8264401718316665,-0.38012120648103165,-0.521402047741958,-0.19738550848793063,-0.2294157338705618,-0.42008402520840293,1.5646967316604727,-0.8575301263340543
-1.636582356315508,-0.3246107505732592,0.775075597187626,0.16506987506903484,-0.1475596616602216,-0.6043076313522611,0.764501735672217,-1.0592525266051358,0.8379305815963921,-0.6722392625652724,1.5184811898627333,-0.312079621228754,-0.3626868147605197,-0.2998637292684633,1.6495242443074727,-0.3865556717425342,-0.3216337604513384,-0.6255432421712243,-0.28217393971398413,-0.35380193430804263,2.6307398349528825,-0.521402047741958,-0.19738550848793063,-0.2294157338705618,-0.42008402520840293,-0.6391014819458268,-0.8575301263340543
0.27700757468989484,0.7851695932669432,0.9746773245184884,-0.8698509717587706,0.5540200682212592,1.6547863176281539,-0.8707960946426856,-1.0592525266051358,0.8379305815963921,-0.6722392625652724,-0.6585527740981746,-0.312079621228754,-0.3626868147605197,-0.2998637292684633,-0.6062354060275328,-0.3865556717425342,-0.3216337604513384,-0.6255432421712243,-0.28217393971398413,2.8264401718316665,-0.38012120648103165,-0.521402047741958,-0.19738550848793063,-0.2294157338705618,-0.42008402520840293,-0.6391014819458268,1.1661397883185811
0.4621936970452564,1.8949499371071457,-1.1406785476704928,-1.2320732681485025,-0.30967788175371974,-0.6043076313522611,-0.05314717948523429,-1.0592525266051358,-1.1934162828797101,1.487565597082189,-0.6585527740981746,-0.312079621228754,-0.3626868147605197,-0.2998637292684633,1.6495242443074727,-0.3865556717425342,-0.3216337604513384,-0.6255432421712243,-0.28217393971398413,-0.35380193430804263,-0.38012120648103165,-0.521402047741958,5.06622805119022,-0.2294157338705618,-0.42008402520840293,-0.6391014819458268,1.1661397883185811
-1.0192952817976362,-1.4343910944134617,1.2321881949638602,1.0964986372140597,-0.2595352238557147,-0.6043076313522611,-0.8707960946426856,0.9440619445156881,-1.1934162828797101,1.487565597082189,-0.6585527740981746,-0.312079621228754,-0.3626868147605197,-0.2998637292684633,-0.6062354060275328,-0.3865556717425342,-0.3216337604513384,-0.6255432421712243,-0.28217393971398413,-0.35380193430804263,2.6307398349528825,-0.521402047741958,-0.19738550848793063,-0.2294157338705618,2.3804761428476167,-0.6391014819458268,-0.8575301263340543
1.0794807715631283,-0.3246107505732592,-0.5915097740617707,0.2685619597518154,-0.489826317215183,-0.6043076313522611,-0.8707960946426856,-1.0592525266051358,-1.1934162828797101,-0.6722392625652724,1.5184811898627333,-0.312079621228754,-0.3626868147605197,-0.2998637292684633,-0.6062354060275328,-0.3865556717425342,3.1091263510296048,-0.6255432421712243,-0.28217393971398413,-0.35380193430804263,-0.38012120648103165,1.9179057779514128,-0.19738550848793063,-0.2294157338705618,-0.42008402520840293,-0.6391014819458268,1.1661397883185811
-0.27855079237618985,-1.4343910944134617,-0.7064479821279551,0.7860223831657182,-0.5617291783048853,-0.6043076313522611,-0.05314717948523429,0.9440619445156881,-1.1934162828797101,1.487565597082189,1.5184811898627333,-0.312079621228754,-0.3626868147605197,-0.2998637292684633,-0.6062354060275328,-0.3865556717425342,-0.3216337604513384,-0.6255432421712243,-0.28217393971398413,-0.35380193430804263,-0.38012120648103165,1.9179057779514128,-0.19738550848793063,-0.2294157338705618,-0.42008402520840293,1.5646967316604727,-0.8575301263340543
0.4004649895934692,-1.4343910944134617,-0.9146744754545956,-0.4558826330276484,-0.46941905921868227,-0.6043076313522611,-0.05314717948523429,-1.0592525266051358,-1.1934162828797101,1.487565597082189,-0.6585527740981746,-0.312079621228754,-0.3626868147605197,-0.2998637292684633,1.6495242443074727,-0.3865556717425342,-0.3216337604513384,-0.6255432421712243,3.5439133784417334,-0.35380193430804263,-0.38012120648103165,-0.521402047741958,-0.19738550848793063,-0.2294157338705618,-0.42008402520840293,-0.6391014819458268,1.1661397883185811
-1.7600397712190825,-0.3246107505732592,-0.2929872612283116,1.4069748912624014,-0.535360390092761,-0.6043076313522611,-0.05314717948523429,0.9440619445156881,0.8379305815963921,-0.6722392625652724,1.5184811898627333,-0.312079621228754,-0.3626868147605197,-0.2998637292684633,-0.6062354060275328,-0.3865556717425342,-0.3216337604513384,1.5986105077709065,-0.28217393971398413,-0.35380193430804263,-0.38012120648103165,-0.521402047741958,-0.19738550848793063,-0.2294157338705618,-0.42008402520840293,-0.6391014819458268,-0.8575301263340543
1.2029381864667028,-0.3246107505732592,0.8739963826902227,0.4755461291173765,-0.20581499808235745,-0.6043076313522611,-0.05314717948523429,-1.0592525266051358,0.8379305815963921,-0.6722392625652724,1.5184811898627333,-0.312079621228754,-0.3626868147605197,-0.2998637292684633,-0.6062354060275328,-0.3865556717425342,-0.3216337604513384,-0.6255432421712243,3.5439133784417334,-0.35380193430804263,-0.38012120648103165,-0.521402047741958,-0.19738550848793063,-0.2294157338705618,-0.42008402520840293,-0.6391014819458268,1.1661397883185811
1.6350391386292131,1.8949499371071457,1.3159716360657037,-0.4558826330276484,0.298002841640826,-0.6043076313522611,-0.8707960946426856,-1.0592525266051358,0.8379305815963921,-0.6722392625652724,-0.6585527740981746,-0.312079621228754,-0.3626868147605197,-0.2998637292684633,-0.6062354060275328,-0.3865556717425342,-0.3216337604513384,1.5986105077709065,-0.28217393971398413,-0.35380193430804263,-0.38012120648103165,-0.521402047741958,-0.19738550848793063,-0.2294157338705618,-0.42008402520840293,-0.6391014819458268,1.1661397883185811
-0.4020082072797643,-0.3246107505732592,0.41829190997452353,-0.6628668023932095,0.1128639985706924,1.6547863176281539,-0.8707960946426856,-1.0592525266051358,-1.1934162828797101,1.487565597082189,-0.6585527740981746,-0.312079621228754,-0.3626868147605197,-0.2998637292684633,-0.6062354060275328,-0.3865556717425342,-0.3216337604513384,-0.6255432421712243,-0.28217393971398413,-0.35380193430804263,-0.38012120648103165,-0.521402047741958,-0.19738550848793063,-0.2294157338705618,-0.42008402520840293,1.5646967316604727,-0.8575301263340543
-0.15509337747261548,0.7851695932669432,0.9472188858380522,1.1999907218968402,-0.3217359114386642,-0.6043076313522611,-0.05314717948523429,0.9440619445156881,0.8379305815963921,-0.6722392625652724,-0.6585527740981746,-0.312079621228754,-0.3626868147605197,-0.2998637292684633,1.6495242443074727,-0.3865556717425342,-0.3216337604513384,-0.6255432421712243,3.5439133784417334,-0.35380193430804263,-0.38012120648103165,-0.521402047741958,-0.19738550848793063,-0.2294157338705618,-0.42008402520840293,1.5646967316604727,-0.8575301263340543
-0.5871943296351259,0.7851695932669432,0.49943511658786355,0.6825302984829376,-0.3217528670239432,-0.6043076313522611,-0.05314717948523429,0.9440619445156881,-1.1934162828797101,1.487565597082189,1.5184811898627333,-0.312079621228754,-0.3626868147605197,-0.2998637292684633,-0.6062354060275328,-0.3865556717425342,-0.3216337604513384,-0.6255432421712243,-0.28217393971398413,-0.35380193430804263,-0.38012120648103165,1.9179057779514128,-0.19738550848793063,-0.2294157338705618,-0.42008402520840293,1.5646967316604727,-0.8575301263340543
-0.34027949982797706,0.7851695932669432,-0.08669693985990702,0.42380008677598624,-0.39930771409005145,-0.6043076313522611,1.5821506508296683,0.9440619445156881,0.8379305815963921,-0.6722392625652724,-0.6585527740981746,3.204310477123404,-0.3626868147605197,-0.2998637292684633,1.6495242443074727,-0.3865556717425342,-0.3216337604513384,-0.6255432421712243,-0.28217393971398413,-0.35380193430804263,2.6307398349528825,-0.521402047741958,-0.19738550848793063,-0.2294157338705618,-0.42008402520840293,1.5646967316604727,-0.8575301263340543
-0.27855079237618985,-1.4343910944134617,1.0107605291947024,-0.8698509717587706,0.5713995431322256,-0.6043076313522611,-0.05314717948523429,-1.0592525266051358,-1.1934162828797101,1.487565597082189,1.5184811898627333,-0.312079621228754,-0.3626868147605197,-0.2998637292684633,-0.6062354060275328,-0.3865556717425342,-0.3216337604513384,1.5986105077709065,-0.28217393971398413,-0.35380193430804263,-0.38012120648103165,-0.521402047741958,-0.19738550848793063,-0.2294157338705618,-0.42008402520840293,1.5646967316604727,-0.8575301263340543
0.5856511119488308,-1.4343910944134617,1.3816254670131567,1.7691971876521333,-0.32961309426158736,1.6547863176281539,-0.8707960946426856,0.9440619445156881,0.8379305815963921,-0.6722392625652724,-0.6585527740981746,-0.312079621228754,-0.3626868147605197,-0.2998637292684633,-0.6062354060275328,-0.3865556717425342,-0.3216337604513384,-0.6255432421712243,-0.28217393971398413,2.8264401718316665,-0.38012120648103165,-0.521402047741958,-0.19738550848793063,-0.2294157338705618,-0.42008402520840293,-0.6391014819458268,1.1661397883185811
-0.5871943296351259,1.8949499371071457,-1.4647233272261522,0.16506987506903484,-0.6869592183481463,1.6547863176281539,-0.8707960946426856,0.9440619445156881,0.8379305815963921,-0.6722392625652724,-0.6585527740981746,-0.312079621228754,-0.3626868147605197,-0.2998637292684633,-0.6062354060275328,-0.3865556717425342,-0.3216337604513384,-0.6255432421712243,-0.28217393971398413,-0.35380193430804263,-0.38012120648103165,-0.521402047741958,-0.19738550848793063,-0.2294157338705618,-0.42008402520840293,1.5646967316604727,-0.8575301263340543
-0.2168220849244027,0.7851695932669432,-0.8132894710960623,-0.4041365906862581,-0.4455204541056207,1.6547863176281539,-0.8707960946426856,-1.0592525266051358,0.8379305815963921,-0.6722392625652724,-0.6585527740981746,-0.312079621228754,-0.3626868147605197,-0.2998637292684633,-0.6062354060275328,-0.3865556717425342,-0.3216337604513384,-0.6255432421712243,-0.28217393971398413,-0.35380193430804263,-0.38012120648103165,-0.521402047741958,-0.19738550848793063,-0.2294157338705618,-0.42008402520840293,1.5646967316604727,-0.8575301263340543
1.0177520641113411,0.7851695932669432,1.5775308660601144,1.1999907218968402,-0.2205393266318818,1.6547863176281539,-0.8707960946426856,-1.0592525266051358,0.8379305815963921,-0.6722392625652724,-0.6585527740981746,-0.312079621228754,-0.3626868147605197,-0.2998637292684633,-0.6062354060275328,-0.3865556717425342,-0.3216337604513384,-0.6255432421712243,-0.28217393971398413,2.8264401718316665,-0.38012120648103165,-0.521402047741958,-0.19738550848793063,-0.2294157338705618,-0.42008402520840293,-0.6391014819458268,1.1661397883185811
0.7708372343041924,-1.4343910944134617,0.6439439509252869,-0.8181049294173803,0.3400688413091816,-0.6043076313522611,0.764501735672217,-1.0592525266051358,-1.1934162828797101,1.487565597082189,1.5184811898627333,-0.312079621228754,-0.3626868147605197,-0.2998637292684633,1.6495242443074727,-0.3865556717425342,-0.3216337604513384,-0.6255432421712243,-0.28217393971398413,-0.35380193430804263,2.6307398349528825,-0.521402047741958,-0.19738550848793063,-0.2294157338705618,-0.42008402520840293,-0.6391014819458268,1.1661397883185811
-0.46373691473155143,0.7851695932669432,1.617662430285367,-0.5076286753690387,0.4445654853989678,-0.6043076313522611,-0.05314717948523429,0.9440619445156881,-1.1934162828797101,1.487565597082189,-0.6585527740981746,-0.312079621228754,-0.3626868147605197,-0.2998637292684633,1.6495242443074727,-0.3865556717425342,-0.3216337604513384,-0.6255432421712243,-0.28217393971398413,-0.35380193430804263,-0.38012120648103165,-0.521402047741958,5.06622805119022,-0.2294157338705618,-0.42008402520840293,1.5646967316604727,-0.8575301263340543
0.7091085268524052,-1.4343910944134617,-1.5046788758188379,-0.3006445060034776,-0.6802015971829223,-0.6043076313522611,0.764501735672217,-1.0592525266051358,0.8379305815963921,-0.6722392625652724,1.5184811898627333,-0.312079621228754,-0.3626868147605197,-0.2998637292684633,1.6495242443074727,-0.3865556717425342,-0.3216337604513384,-0.6255432421712243,-0.28217393971398413,-0.35380193430804263,-0.38012120648103165,1.9179057779514128,-0.19738550848793063,-0.2294157338705618,-0.42008402520840293,-0.6391014819458268,1.1661397883185811
-1.266210111604785,0.7851695932669432,-0.0801843614549318,-0.19715242132069705,-0.26879081189097626,1.6547863176281539,1.5821506508296683,0.9440619445156881,0.8379305815963921,-0.6722392625652724,1.5184811898627333,-0.312079621228754,-0.3626868147605197,-0.2998637292684633,-0.6062354060275328,2.586949495507729,-0.3216337604513384,-0.6255432421712243,-0.28217393971398413,2.8264401718316665,-0.38012120648103165,-0.521402047741958,-0.19738550848793063,-0.2294157338705618,2.3804761428476167,-0.6391014819458268,-0.8575301263340543
0.5856511119488308,0.7851695932669432,-1.502566688228035,1.0447525948726695,-0.7130514843612473,-0.6043076313522611,-0.05314717948523429,0.9440619445156881,0.8379305815963921,-0.6722392625652724,1.5184811898627333,-0.312079621228754,-0.3626868147605197,-0.2998637292684633,-0.6062354060275328,-0.3865556717425342,-0.3216337604513384,-0.6255432421712243,-0.28217393971398413,-0.35380193430804263,-0.38012120648103165,1.9179057779514128,-0.19738550848793063,-0.2294157338705618,-0.42008402520840293,-0.6391014819458268,1.1661397883185811
-1.7600397712190825,-1.4343910944134617,0.6513366074930966,-0.3006445060034776,-0.01023719691721325,1.6547863176281539,-1.688445009800137,0.9440619445156881,0.8379305815963921,-0.6722392625652724,-0.6585527740981746,-0.312079621228754,-0.3626868147605197,3.334848140652303,-0.6062354060275328,-0.3865556717425342,-0.3216337604513384,-0.6255432421712243,-0.28217393971398413,2.8264401718316665,-0.38012120648103165,-0.521402047741958,-0.19738550848793063,-0.2294157338705618,-0.42008402520840293,-0.6391014819458268,-0.8575301263340543
0.7091085268524052,0.7851695932669432,0.1028718964146422,-1.1803272258071122,0.514307665271392,-0.6043076313522611,0.764501735672217,-1.0592525266051358,0.8379305815963921,-0.6722392625652724,-0.6585527740981746,-0.312079621228754,2.757199763824596,-0.2998637292684633,-0.6062354060275328,-0.3865556717425342,-0.3216337604513384,-0.6255432421712243,-0.28217393971398413,-0.35380193430804263,-0.38012120648103165,1.9179057779514128,-0.19738550848793063,-0.2294157338705618,-0.42008402520840293,-0.6391014819458268,1.1661397883185811
0.4621936970452564,0.7851695932669432,-0.7647091565075984,-0.04191429429652624,-0.49230909934532113,-0.6043076313522611,-0.05314717948523429,-1.0592525266051358,-1.1934162828797101,1.487565597082189,1.5184811898627333,-0.312079621228754,-0.3626868147605197,-0.2998637292684633,-0.6062354060275328,-0.3865556717425342,-0.3216337604513384,-0.6255432421712243,-0.28217393971398413,-0.35380193430804263,2.6307398349528825,-0.521402047741958,-0.19738550848793063,-0.2294157338705618,-0.42008402520840293,-0.6391014819458268,1.1661397883185811
-0.7106517445387002,0.7851695932669432,-0.6719489181448431,-0.7146128447345997,-0.30611097100439333,-0.6043076313522611,-0.05314717948523429,-1.0592525266051358,-1.1934162828797101,1.487565597082189,1.5184811898627333,-0.312079621228754,-0.3626868147605197,-0.2998637292684633,-0.6062354060275328,-0.3865556717425342,-0.3216337604513384,-0.6255432421712243,-0.28217393971398413,-0.35380193430804263,2.6307398349528825,-0.521402047741958,-0.19738550848793063,-0.2294157338705618,2.3804761428476167,-0.6391014819458268,-0.8575301263340543
-1.7600397712190825,1.8949499371071457,1.0482518589314518,1.3552288489210111,-0.32682393270373306,-0.6043076313522611,0.764501735672217,-1.0592525266051358,-1.1934162828797101,1.487565597082189,-0.6585527740981746,-0.312079621228754,2.757199763824596,-0.2998637292684633,-0.6062354060275328,-0.3865556717425342,-0.3216337604513384,-0.6255432421712243,3.5439133784417334,-0.35380193430804263,-0.38012120648103165,-0.521402047741958,-0.19738550848793063,-0.2294157338705618,-0.42008402520840293,-0.6391014819458268,-0.8575301263340543
0.33873628214168205,0.7851695932669432,-0.6349856353057945,1.3552288489210111,-0.584198951787857,-0.6043076313522611,1.5821506508296683,-1.0592525266051358,-1.1934162828797101,1.487565597082189,1.5184811898627333,-0.312079621228754,-0.3626868147605197,-0.2998637292684633,-0.6062354060275328,2.586949495507729,-0.3216337604513384,1.5986105077709065,-0.28217393971398413,-0.35380193430804263,-0.38012120648103165,-0.521402047741958,-0.19738550848793063,-0.2294157338705618,-0.42008402520840293,-0.6391014819458268,1.1661397883185811
-0.5871943296351259,-0.3246107505732592,0.21851416701109425,0.37205404443459594,-0.32444880508330287,-0.6043076313522611,-0.8707960946426856,0.9440619445156881,0.8379305815963921,-0.6722392625652724,-0.6585527740981746,-0.312079621228754,-0.3626868147605197,-0.2998637292684633,-0.6062354060275328,-0.3865556717425342,-0.3216337604513384,-0.6255432421712243,3.5439133784417334,-0.35380193430804263,-0.38012120648103165,-0.521402047741958,-0.19738550848793063,-0.2294157338705618,-0.42008402520840293,1.5646967316604727,-0.8575301263340543
-0.648923037086913,1.8949499371071457,-0.85711736360522,0.4755461291173765,-0.5683327833408004,1.6547863176281539,2.3997995659871196,-1.0592525266051358,0.8379305815963921,-0.6722392625652724,-0.6585527740981746,3.204310477123404,-0.3626868147605197,-0.2998637292684633,-0.6062354060275328,2.586949495507729,-0.3216337604513384,-0.6255432421712243,-0.28217393971398413,-0.35380193430804263,-0.38012120648103165,-0.521402047741958,-0.19738550848793063,4.358898943540674,-0.42008402520840293,1.5646967316604727,-0.8575301263340543
1.3263956013702771,-0.3246107505732592,-1.238367223745121,0.6307842561415473,-0.6545896219211406,1.6547863176281539,-0.8707960946426856,-1.0592525266051358,-1.1934162828797101,-0.6722392625652724,-0.6585527740981746,-0.312079621228754,-0.3626868147605197,-0.2998637292684633,-0.6062354060275328,-0.3865556717425342,-0.3216337604513384,-0.6255432421712243,-0.28217393971398413,-0.35380193430804263,-0.38012120648103165,-0.521402047741958,-0.19738550848793063,4.358898943540674,-0.42008402520840293,-0.6391014819458268,1.1661397883185811
-0.27855079237618985,-1.4343910944134617,1.2783042906963875,0.06157779038625431,0.011874152917750347,-0.6043076313522611,1.5821506508296683,-1.0592525266051358,0.8379305815963921,-0.6722392625652724,-0.6585527740981746,-0.312079621228754,2.757199763824596,-0.2998637292684633,1.6495242443074727,-0.3865556717425342,-0.3216337604513384,-0.6255432421712243,-0.28217393971398413,-0.35380193430804263,2.6307398349528825,-0.521402047741958,-0.19738550848793063,-0.2294157338705618,-0.42008402520840293,1.5646967316604727,-0.8575301263340543
-1.4513962339601465,-1.4343910944134617,-1.247168005373466,-0.3006445060034776,-0.600182173753358,-0.6043076313522611,-0.8707960946426856,-1.0592525266051358,-1.1934162828797101,1.487565597082189,-0.6585527740981746,-0.312079621228754,-0.3626868147605197,-0.2998637292684633,-0.6062354060275328,-0.3865556717425342,-0.3216337604513384,-0.6255432421712243,-0.28217393971398413,-0.35380193430804263,2.6307398349528825,-0.521402047741958,-0.19738550848793063,-0.2294157338705618,-0.42008402520840293,-0.6391014819458268,-0.8575301263340543
1.1412094790149154,-0.3246107505732592,1.3823295295434244,-1.5942955645382344,4.258222006196189,-0.6043076313522611,-0.8707960946426856,0.9440619445156881,-1.1934162828797101,1.487565597082189,-0.6585527740981746,-0.312079621228754,-0.3626868147605197,3.334848140652303,1.6495242443074727,-0.3865556717425342,-0.3216337604513384,-0.6255432421712243,-0.28217393971398413,-0.35380193430804263,2.6307398349528825,-0.521402047741958,-0.19738550848793063,-0.2294157338705618,-0.42008402520840293,-0.6391014819458268,1.1661397883185811
0.21527886723810766,-0.3246107505732592,-1.4830289530131096,1.3552288489210111,-0.7138688087310032,-0.6043076313522611,1.5821506508296683,0.9440619445156881,-1.1934162828797101,1.487565597082189,-0.6585527740981746,3.204310477123404,-0.3626868147605197,-0.2998637292684633,1.6495242443074727,-0.3865556717425342,-0.3216337604513384,-0.6255432421712243,-0.28217393971398413,-0.35380193430804263,2.6307398349528825,-0.521402047741958,-0.19738550848793063,-0.2294157338705618,-0.42008402520840293,1.5646967316604727,-0.8575301263340543
1.5115817237256386,0.7851695932669432,0.7303676265156338,0.8377684255071084,-0.3041900798419415,1.6547863176281539,1.5821506508296683,-1.0592525266051358,0.8379305815963921,-0.6722392625652724,1.5184811898627333,-0.312079621228754,-0.3626868147605197,-0.2998637292684633,-0.6062354060275328,2.586949495507729,-0.3216337604513384,-0.6255432421712243,-0.28217393971398413,2.8264401718316665,-0.38012120648103165,-0.521402047741958,-0.19738550848793063,-0.2294157338705618,-0.42008402520840293,-0.6391014819458268,1.1661397883185811
1.3881243088220643,0.7851695932669432,-0.924355335245775,-1.5425495221968442,0.3680051865783775,-0.6043076313522611,-0.05314717948523429,0.9440619445156881,-1.1934162828797101,1.487565597082189,1.5184811898627333,-0.312079621228754,-0.3626868147605197,-0.2998637292684633,-0.6062354060275328,-0.3865556717425342,-0.3216337604513384,1.5986105077709065,-0.28217393971398413,-0.35380193430804263,-0.38012120648103165,-0.521402047741958,-0.19738550848793063,-0.2294157338705618,-0.42008402520840293,-0.6391014819458268,1.1661397883185811
0.8942946492077668,0.7851695932669432,-0.1803372563854968,-1.6460416068796246,2.249832929899618,-0.6043076313522611,-0.8707960946426856,0.9440619445156881,0.8379305815963921,-0.6722392625652724,-0.6585527740981746,-0.312079621228754,-0.3626868147605197,-0.2998637292684633,-0.6062354060275328,-0.3865556717425342,-0.3216337604513384,1.5986105077709065,-0.28217393971398413,-0.35380193430804263,-0.38012120648103165,-0.521402047741958,-0.19738550848793063,-0.2294157338705618,-0.42008402520840293,-0.6391014819458268,1.1661397883185811
1.26466689391849,0.7851695932669432,-0.6108714936441295,-0.3523905483448679,-0.3907734028329589,-0.6043076313522611,-0.05314717948523429,-1.0592525266051358,-1.1934162828797101,1.487565597082189,1.5184811898627333,-0.312079621228754,-0.3626868147605197,-0.2998637292684633,-0.6062354060275328,-0.3865556717425342,-0.3216337604513384,1.5986105077709065,-0.28217393971398413,-0.35380193430804263,-0.38012120648103165,-0.521402047741958,-0.19738550848793063,-0.2294157338705618,-0.42008402520840293,-0.6391014819458268,1.1661397883185811
-0.2168220849244027,1.8949499371071457,0.7708512220060204,-1.1803272258071122,0.9739251376554895,-0.6043076313522611,-0.05314717948523429,0.9440619445156881,-1.1934162828797101,1.487565597082189,1.5184811898627333,-0.312079621228754,-0.3626868147605197,-0.2998637292684633,-0.6062354060275328,-0.3865556717425342,-0.3216337604513384,-0.6255432421712243,-0.28217393971398413,-0.35380193430804263,2.6307398349528825,-0.521402047741958,-0.19738550848793063,-0.2294157338705618,-0.42008402520840293,1.5646967316604727,-0.8575301263340543
-0.7723804519904874,-0.3246107505732592,1.712710871871492,-1.1803272258071122,1.621991829283238,-0.6043076313522611,-1.688445009800137,-1.0592525266051358,0.8379305815963921,-0.6722392625652724,-0.6585527740981746,-0.312079621228754,-0.3626868147605197,3.334848140652303,-0.6062354060275328,-0.3865556717425342,-0.3216337604513384,1.5986105077709065,-0.28217393971398413,-0.35380193430804263,-0.38012120648103165,-0.521402047741958,-0.19738550848793063,-0.2294157338705618,2.3804761428476167,-0.6391014819458268,-0.8575301263340543
1.0177520641113411,-0.3246107505732592,-0.6159759469885695,0.6307842561415473,-0.532232582030294,-0.6043076313522611,1.5821506508296683,-1.0592525266051358,-1.1934162828797101,1.487565597082189,-0.6585527740981746,-0.312079621228754,2.757199763824596,-0.2998637292684633,1.6495242443074727,-0.3865556717425342,-0.3216337604513384,-0.6255432421712243,-0.28217393971398413,-0.35380193430804263,2.6307398349528825,-0.521402047741958,-0.19738550848793063,-0.2294157338705618,-0.42008402520840293,-0.6391014819458268,1.1661397883185811
1.0794807715631283,-1.4343910944134617,-0.44840906478488257,1.4069748912624014,-0.55875379915737,1.6547863176281539,-1.688445009800137,-1.0592525266051358,-1.1934162828797101,1.487565597082189,-0.6585527740981746,-0.312079621228754,-0.3626868147605197,-0.2998637292684633,-0.6062354060275328,-0.3865556717425342,3.1091263510296048,-0.6255432421712243,-0.28217393971398413,-0.35380193430804263,-0.38012120648103165,-0.521402047741958,-0.19738550848793063,-0.2294157338705618,-0.42008402520840293,-0.6391014819458268,1.1661397883185811
-1.3279388190565722,-0.3246107505732592,0.4128354253649497,-1.128581183465722,0.6288789772280076,1.6547863176281539,0.764501735672217,0.9440619445156881,-1.1934162828797101,1.487565597082189,-0.6585527740981746,-0.312079621228754,2.757199763824596,-0.2998637292684633,-0.6062354060275328,-0.3865556717425342,-0.3216337604513384,-0.6255432421712243,-0.28217393971398413,2.8264401718316665,-0.38012120648103165,-0.521402047741958,-0.19738550848793063,-0.2294157338705618,-0.42008402520840293,-0.6391014819458268,-0.8575301263340543
1.2029381864667028,0.7851695932669432,-0.6260088380448827,1.303482806579621,-0.5800816008822952,-0.6043076313522611,-0.8707960946426856,-1.0592525266051358,-1.1934162828797101,1.487565597082189,-0.6585527740981746,-0.312079621228754,-0.3626868147605197,-0.2998637292684633,-0.6062354060275328,-0.3865556717425342,-0.3216337604513384,-0.6255432421712243,-0.28217393971398413,-0.35380193430804263,2.6307398349528825,-0.521402047741958,-0.19738550848793063,-0.2294157338705618,-0.42008402520840293,-0.6391014819458268,1.1661397883185811
